poly,proportion
5a11,0.09090909090909091
6a11,0.09090909090909091
7a8,0.09090909090909091
7a9,0.09090909090909091
7a10,0.09090909090909091
7a11,0.09090909090909091
3a7,0.09090909090909091
3a8,0.09090909090909091
4a7,0.09090909090909091
5a6,0.09090909090909091
5a7,0.09090909090909091
