poly,proportion
9a11,0.10909090909090909
7a10,0.07272727272727272
7a11,0.07272727272727272
7a12,0.07272727272727272
8a11,0.07272727272727272
9a10,0.07272727272727272
10a11,0.07272727272727272
11a12,0.07272727272727272
7a8,0.07272727272727272
6a11,0.05454545454545454
6a7,0.05454545454545454
8a9,0.05454545454545454
5a8,0.03636363636363636
7a9,0.03636363636363636
5a11,0.01818181818181818
4a7,0.01818181818181818
5a6,0.01818181818181818
5a7,0.01818181818181818
