poly,proportion
8a9,0.11764705882352941
3a8,0.058823529411764705
4a7,0.058823529411764705
4a9,0.058823529411764705
5a7,0.058823529411764705
5a8,0.058823529411764705
5a9,0.058823529411764705
6a7,0.058823529411764705
7a8,0.058823529411764705
7a9,0.058823529411764705
2a5,0.058823529411764705
2a7,0.058823529411764705
3a5,0.058823529411764705
3a7,0.058823529411764705
4a5,0.058823529411764705
5a6,0.058823529411764705
