poly,proportion
7a8,0.10714285714285714
3a8,0.07142857142857142
4a9,0.07142857142857142
5a8,0.07142857142857142
5a9,0.07142857142857142
7a9,0.07142857142857142
8a9,0.07142857142857142
3a4,0.07142857142857142
2a3,0.07142857142857142
6a11,0.03571428571428571
7a10,0.03571428571428571
7a11,0.03571428571428571
7a12,0.03571428571428571
8a11,0.03571428571428571
9a10,0.03571428571428571
3a7,0.03571428571428571
4a5,0.03571428571428571
2a5,0.03571428571428571
