poly,proportion
2a7,0.06896551724137931
3a7,0.06896551724137931
3a8,0.06896551724137931
4a7,0.06896551724137931
4a9,0.06896551724137931
5a7,0.06896551724137931
5a8,0.06896551724137931
6a7,0.06896551724137931
2a5,0.06896551724137931
3a5,0.06896551724137931
4a5,0.06896551724137931
7a10,0.034482758620689655
7a12,0.034482758620689655
8a11,0.034482758620689655
9a11,0.034482758620689655
11a12,0.034482758620689655
5a6,0.034482758620689655
3a4,0.034482758620689655
