poly,proportion
11a12,0.23076923076923078
10a11,0.23076923076923078
9a10,0.11538461538461539
8a9,0.07692307692307693
4a9,0.07692307692307693
5a9,0.07692307692307693
7a10,0.07692307692307693
7a8,0.038461538461538464
7a9,0.038461538461538464
9a11,0.038461538461538464
