poly,proportion
2a7,0.12903225806451613
6a11,0.0967741935483871
4a7,0.0967741935483871
3a7,0.0967741935483871
4a9,0.06451612903225806
5a9,0.06451612903225806
5a11,0.06451612903225806
3a8,0.06451612903225806
3a5,0.06451612903225806
2a5,0.06451612903225806
7a11,0.03225806451612903
7a12,0.03225806451612903
5a8,0.03225806451612903
6a7,0.03225806451612903
7a8,0.03225806451612903
4a5,0.03225806451612903
