poly,proportion
5a11,0.14285714285714285
6a11,0.14285714285714285
7a11,0.14285714285714285
7a12,0.14285714285714285
8a11,0.14285714285714285
9a11,0.14285714285714285
7a10,0.047619047619047616
9a10,0.047619047619047616
11a12,0.047619047619047616
