poly,proportion
7a8,0.08333333333333333
7a9,0.08333333333333333
7a10,0.08333333333333333
2a7,0.08333333333333333
2a5,0.08333333333333333
3a4,0.08333333333333333
7a11,0.041666666666666664
7a12,0.041666666666666664
8a9,0.041666666666666664
8a11,0.041666666666666664
4a9,0.041666666666666664
5a8,0.041666666666666664
5a9,0.041666666666666664
6a7,0.041666666666666664
3a7,0.041666666666666664
3a8,0.041666666666666664
4a5,0.041666666666666664
2a3,0.041666666666666664
