poly,proportion
3a8,0.1724137931034483
7a12,0.10344827586206896
2a7,0.10344827586206896
3a7,0.10344827586206896
4a7,0.10344827586206896
5a7,0.10344827586206896
5a8,0.10344827586206896
11a12,0.06896551724137931
6a7,0.06896551724137931
7a8,0.06896551724137931
