poly,proportion
3a7,0.1111111111111111
3a8,0.1111111111111111
4a7,0.1111111111111111
5a6,0.1111111111111111
5a7,0.1111111111111111
5a8,0.1111111111111111
5a9,0.1111111111111111
2a5,0.1111111111111111
3a5,0.1111111111111111
