adj_rand,adj_mi,hg_score,complete_score,v_meas,fm_score
0.009149677451685871,0.057902370657068714,0.06945565164041552,0.06745121328092409,0.06843875907983055,0.04748996162304348
