poly,proportion
4a5,0.16129032258064516
3a5,0.12903225806451613
2a7,0.0967741935483871
3a7,0.0967741935483871
2a5,0.0967741935483871
3a4,0.0967741935483871
2a3,0.0967741935483871
4a7,0.06451612903225806
5a6,0.06451612903225806
5a7,0.06451612903225806
3a8,0.03225806451612903
