adj_rand,adj_mi,hg_score,complete_score,v_meas,fm_score
0.009587841678706929,0.06418617691101783,0.08285859338915093,0.07298421567562102,0.07760857862846848,0.04187116580311184
