poly,proportion
5a11,0.09090909090909091
6a11,0.09090909090909091
7a8,0.09090909090909091
7a9,0.09090909090909091
7a10,0.09090909090909091
7a11,0.09090909090909091
7a12,0.09090909090909091
3a8,0.09090909090909091
4a5,0.09090909090909091
4a7,0.09090909090909091
4a9,0.09090909090909091
