poly,proportion
2a3,0.21739130434782608
2a5,0.08695652173913043
3a4,0.08695652173913043
3a7,0.08695652173913043
4a5,0.08695652173913043
5a6,0.08695652173913043
3a8,0.06521739130434782
4a7,0.06521739130434782
2a7,0.043478260869565216
5a7,0.043478260869565216
6a7,0.043478260869565216
3a5,0.021739130434782608
4a9,0.021739130434782608
5a8,0.021739130434782608
5a9,0.021739130434782608
