poly,proportion
3a4,0.26666666666666666
2a5,0.2
3a5,0.2
4a5,0.13333333333333333
2a7,0.06666666666666667
3a7,0.06666666666666667
3a8,0.06666666666666667
