poly,proportion
3a5,0.16666666666666666
3a4,0.1111111111111111
5a11,0.05555555555555555
6a11,0.05555555555555555
7a8,0.05555555555555555
7a9,0.05555555555555555
7a10,0.05555555555555555
7a11,0.05555555555555555
7a12,0.05555555555555555
8a9,0.05555555555555555
8a11,0.05555555555555555
4a5,0.05555555555555555
2a5,0.05555555555555555
2a7,0.05555555555555555
2a3,0.05555555555555555
