poly,proportion
4a5,0.09090909090909091
4a7,0.09090909090909091
5a6,0.09090909090909091
5a7,0.09090909090909091
3a5,0.09090909090909091
9a11,0.06060606060606061
10a11,0.06060606060606061
11a12,0.06060606060606061
3a8,0.06060606060606061
2a3,0.06060606060606061
2a5,0.06060606060606061
3a4,0.06060606060606061
8a11,0.030303030303030304
9a10,0.030303030303030304
2a7,0.030303030303030304
3a7,0.030303030303030304
