poly,proportion
2a5,0.1111111111111111
5a11,0.08333333333333333
6a11,0.08333333333333333
7a12,0.08333333333333333
3a8,0.08333333333333333
2a7,0.08333333333333333
3a7,0.08333333333333333
7a11,0.05555555555555555
4a9,0.05555555555555555
5a9,0.05555555555555555
5a8,0.027777777777777776
7a8,0.027777777777777776
7a9,0.027777777777777776
8a11,0.027777777777777776
4a7,0.027777777777777776
3a4,0.027777777777777776
3a5,0.027777777777777776
2a3,0.027777777777777776
