poly,proportion
11a12,0.14893617021276595
10a11,0.1276595744680851
9a10,0.0851063829787234
9a11,0.0851063829787234
5a11,0.06382978723404255
6a11,0.06382978723404255
7a10,0.06382978723404255
7a11,0.06382978723404255
7a12,0.06382978723404255
8a11,0.06382978723404255
8a9,0.0425531914893617
4a9,0.0425531914893617
5a9,0.0425531914893617
7a8,0.02127659574468085
7a9,0.02127659574468085
