poly,proportion
2a3,0.47368421052631576
2a5,0.10526315789473684
2a7,0.10526315789473684
3a4,0.10526315789473684
3a5,0.10526315789473684
3a7,0.05263157894736842
3a8,0.05263157894736842
