poly,proportion
2a7,0.09523809523809523
3a7,0.09523809523809523
3a8,0.09523809523809523
4a7,0.09523809523809523
5a7,0.09523809523809523
5a8,0.09523809523809523
6a7,0.09523809523809523
2a5,0.09523809523809523
3a5,0.09523809523809523
4a5,0.09523809523809523
7a8,0.047619047619047616
