poly,proportion
2a7,0.1111111111111111
3a7,0.1111111111111111
3a8,0.1111111111111111
4a5,0.1111111111111111
4a7,0.1111111111111111
2a5,0.1111111111111111
3a4,0.1111111111111111
3a5,0.1111111111111111
2a3,0.1111111111111111
