poly,proportion
3a4,0.18181818181818182
2a5,0.12121212121212122
3a5,0.09090909090909091
2a3,0.09090909090909091
2a7,0.06060606060606061
5a6,0.06060606060606061
5a7,0.06060606060606061
5a8,0.06060606060606061
6a7,0.06060606060606061
4a5,0.06060606060606061
3a7,0.030303030303030304
3a8,0.030303030303030304
4a7,0.030303030303030304
4a9,0.030303030303030304
5a9,0.030303030303030304
