poly,proportion
2a5,0.3333333333333333
3a5,0.25
3a4,0.25
4a5,0.16666666666666666
