poly,proportion
8a11,0.10638297872340426
5a11,0.0851063829787234
7a12,0.0851063829787234
5a9,0.06382978723404255
6a11,0.06382978723404255
7a11,0.06382978723404255
9a11,0.06382978723404255
10a11,0.06382978723404255
9a10,0.06382978723404255
3a8,0.0425531914893617
4a9,0.0425531914893617
5a8,0.0425531914893617
7a8,0.0425531914893617
7a9,0.0425531914893617
7a10,0.0425531914893617
8a9,0.0425531914893617
11a12,0.0425531914893617
