adj_rand,adj_mi,hg_score,complete_score,v_meas,fm_score
0.009156305042416315,0.0441947799184008,0.050523939541864536,0.05211425980519445,0.05130677912155154,0.04809998560002815
