adj_rand,adj_mi,hg_score,complete_score,v_meas,fm_score
0.008026600100717098,0.05017432525941286,0.06293257982363731,0.05809666676326397,0.06041801005414283,0.040394796308632366
