poly,proportion
7a8,0.06875
8a9,0.06875
7a9,0.0625
9a10,0.05625
5a11,0.05
6a11,0.05
7a10,0.05
7a11,0.05
7a12,0.05
8a11,0.05
9a11,0.05
4a9,0.0375
10a11,0.0375
11a12,0.0375
6a7,0.0375
3a7,0.03125
3a8,0.03125
4a7,0.03125
5a6,0.03125
5a7,0.03125
5a8,0.03125
5a9,0.03125
2a7,0.01875
4a5,0.00625
