poly,proportion
11a12,0.16666666666666666
5a11,0.08333333333333333
6a11,0.08333333333333333
7a10,0.08333333333333333
7a11,0.08333333333333333
7a12,0.08333333333333333
8a11,0.08333333333333333
9a10,0.08333333333333333
9a11,0.08333333333333333
10a11,0.08333333333333333
7a8,0.027777777777777776
7a9,0.027777777777777776
8a9,0.027777777777777776
