adj_rand,adj_mi,hg_score,complete_score,v_meas,fm_score
0.0076389232169378,0.0659632163984816,0.09148780484202812,0.07451535835722405,0.08213393566406707,0.034064971271811205
