poly,proportion
11a12,0.1111111111111111
9a11,0.09876543209876543
10a11,0.09876543209876543
5a11,0.08641975308641975
6a11,0.08641975308641975
9a10,0.07407407407407407
7a11,0.06172839506172839
8a11,0.06172839506172839
5a9,0.06172839506172839
5a8,0.037037037037037035
7a9,0.037037037037037035
7a10,0.037037037037037035
7a12,0.037037037037037035
8a9,0.037037037037037035
4a9,0.024691358024691357
5a6,0.024691358024691357
5a7,0.024691358024691357
