poly,proportion
2a3,0.22580645161290322
3a4,0.16129032258064516
2a5,0.12903225806451613
3a5,0.10752688172043011
4a5,0.08602150537634409
4a7,0.043010752688172046
2a7,0.043010752688172046
5a6,0.03225806451612903
5a7,0.03225806451612903
3a7,0.03225806451612903
3a8,0.03225806451612903
4a9,0.021505376344086023
5a8,0.021505376344086023
6a7,0.021505376344086023
5a9,0.010752688172043012
