poly,proportion
2a7,0.11627906976744186
3a7,0.11627906976744186
7a12,0.09302325581395349
3a8,0.09302325581395349
4a7,0.09302325581395349
5a7,0.09302325581395349
5a8,0.09302325581395349
7a8,0.09302325581395349
6a7,0.06976744186046512
11a12,0.023255813953488372
7a9,0.023255813953488372
7a10,0.023255813953488372
7a11,0.023255813953488372
8a9,0.023255813953488372
8a11,0.023255813953488372
