poly,proportion
2a3,0.41935483870967744
3a4,0.16129032258064516
2a5,0.12903225806451613
3a5,0.0967741935483871
3a7,0.03225806451612903
3a8,0.03225806451612903
4a5,0.03225806451612903
4a7,0.03225806451612903
5a6,0.03225806451612903
5a7,0.03225806451612903
