poly,proportion
7a12,0.11538461538461539
7a8,0.11538461538461539
3a8,0.07692307692307693
11a12,0.057692307692307696
2a7,0.057692307692307696
3a7,0.057692307692307696
4a7,0.057692307692307696
5a7,0.057692307692307696
5a8,0.057692307692307696
6a7,0.057692307692307696
7a9,0.057692307692307696
7a10,0.057692307692307696
7a11,0.057692307692307696
8a9,0.057692307692307696
8a11,0.057692307692307696
