poly,proportion
7a12,0.1111111111111111
2a7,0.1111111111111111
3a7,0.1111111111111111
3a8,0.1111111111111111
4a7,0.1111111111111111
5a7,0.1111111111111111
5a8,0.1111111111111111
11a12,0.07407407407407407
6a7,0.07407407407407407
7a8,0.07407407407407407
