poly,proportion
11a12,0.09411764705882353
7a12,0.08235294117647059
8a11,0.07058823529411765
9a10,0.07058823529411765
9a11,0.07058823529411765
10a11,0.07058823529411765
5a11,0.058823529411764705
6a11,0.058823529411764705
7a9,0.058823529411764705
7a10,0.058823529411764705
7a11,0.058823529411764705
8a9,0.058823529411764705
5a9,0.047058823529411764
6a7,0.047058823529411764
3a8,0.023529411764705882
4a9,0.023529411764705882
5a8,0.023529411764705882
7a8,0.023529411764705882
