poly,proportion
2a3,0.273972602739726
3a4,0.136986301369863
2a5,0.1095890410958904
3a5,0.0958904109589041
4a5,0.0821917808219178
4a7,0.0410958904109589
5a6,0.0410958904109589
5a7,0.0410958904109589
4a9,0.0273972602739726
2a7,0.0273972602739726
3a7,0.0273972602739726
3a8,0.0273972602739726
5a8,0.0273972602739726
6a7,0.0273972602739726
5a9,0.0136986301369863
