adj_rand,adj_mi,hg_score,complete_score,v_meas,fm_score
0.008183800417353906,0.08060516137930279,0.11963012264019758,0.08929205691969021,0.10225835995585168,0.030489106892935276
