poly,proportion
3a8,0.11764705882352941
7a8,0.11764705882352941
5a8,0.058823529411764705
6a11,0.058823529411764705
7a9,0.058823529411764705
7a10,0.058823529411764705
7a11,0.058823529411764705
7a12,0.058823529411764705
8a9,0.058823529411764705
8a11,0.058823529411764705
3a4,0.058823529411764705
3a7,0.058823529411764705
4a5,0.058823529411764705
2a5,0.058823529411764705
2a7,0.058823529411764705
