poly,proportion
6a7,0.14814814814814814
2a7,0.1111111111111111
5a7,0.1111111111111111
2a3,0.1111111111111111
3a7,0.07407407407407407
4a7,0.07407407407407407
5a6,0.07407407407407407
4a9,0.037037037037037035
5a8,0.037037037037037035
5a9,0.037037037037037035
5a11,0.037037037037037035
3a8,0.037037037037037035
2a5,0.037037037037037035
3a4,0.037037037037037035
3a5,0.037037037037037035
