dyn_category,proportion
subp,0.19666666666666666
revhairpin,0.19333333333333333
subf,0.19166666666666668
hairpin,0.18666666666666668
flat,0.105
decresc,0.06666666666666667
cresc,0.06
