dyn_category,proportion
subp,0.2375
subf,0.19642857142857142
revhairpin,0.18214285714285713
hairpin,0.15892857142857142
flat,0.1125
cresc,0.05714285714285714
decresc,0.055357142857142855
