adj_rand,adj_mi,hg_score,complete_score,v_meas,fm_score
0.0016262045590456102,0.0026667855866135677,0.0028815029118825675,0.002876984839262118,0.0028792421031469174,0.1679910356133069
