adj_rand,adj_mi,hg_score,complete_score,v_meas,fm_score
0.06937145002613046,0.1623246319367739,0.1932023162806392,0.14044186955236515,0.162650486071298,0.1816073687788023
