dyn_category,proportion
subf,0.42483660130718953
flat,0.3464052287581699
hairpin,0.15468409586056645
cresc,0.07407407407407407
