dyn_category,proportion
hairpin,0.45021037868162694
subf,0.3548387096774194
cresc,0.14446002805049088
flat,0.05049088359046283
