dyn_category,proportion
subf,0.4686746987951807
flat,0.3469879518072289
hairpin,0.12409638554216867
cresc,0.060240963855421686
