dyn_category,proportion
subf,0.5369261477045908
flat,0.2874251497005988
hairpin,0.11776447105788423
cresc,0.05788423153692615
