dyn_category,proportion
subp,0.471190781049936
revhairpin,0.2471190781049936
flat,0.07682458386683738
decresc,0.07298335467349552
subf,0.058898847631242
hairpin,0.05377720870678617
cresc,0.019206145966709345
