dyn_category,proportion
revhairpin,0.40935005701254273
subp,0.3831242873432155
decresc,0.13568985176738882
flat,0.07183580387685291
