dyn_category,proportion
subf,0.3704819277108434
hairpin,0.3132530120481928
flat,0.20783132530120482
cresc,0.10843373493975904
