dyn_category,proportion
hairpin,0.5094339622641509
subf,0.3261455525606469
cresc,0.16442048517520216
