adj_rand,adj_mi,hg_score,complete_score,v_meas,fm_score
0.055346734106938106,0.1687470708829389,0.21722905496236888,0.13857385724916804,0.16920754170123353,0.15600690923417174
