dyn_category,proportion
subf,0.3713450292397661
hairpin,0.30409356725146197
flat,0.21929824561403508
cresc,0.10526315789473684
