dyn_category,proportion
hairpin,0.5121951219512195
subf,0.3348115299334812
cresc,0.15299334811529933
