dyn_category,proportion
revhairpin,0.3871473354231975
subp,0.33072100313479624
flat,0.15047021943573669
decresc,0.13166144200626959
