dyn_category,proportion
revhairpin,0.4186320754716981
subp,0.36792452830188677
decresc,0.1391509433962264
flat,0.07429245283018868
