dyn_category,proportion
hairpin,0.5108108108108108
subf,0.32432432432432434
cresc,0.16486486486486487
