adj_rand,adj_mi,hg_score,complete_score,v_meas,fm_score
0.050673988313685456,0.1726092114090582,0.2304054030886214,0.13864508990246163,0.17311765426096676,0.14515832565456055
