dyn_category,proportion
subp,0.4860050890585242
revhairpin,0.35368956743002544
decresc,0.11450381679389313
flat,0.04580152671755725
