dyn_category,proportion
revhairpin,0.40770101925254815
subp,0.38505096262740657
decresc,0.13590033975084936
flat,0.07134767836919592
