dyn_category,proportion
revhairpin,0.39105339105339104
subp,0.30447330447330445
flat,0.16883116883116883
decresc,0.13564213564213565
