dyn_category,proportion
hairpin,0.48902195608782434
subf,0.3393213572854291
cresc,0.14770459081836326
flat,0.023952095808383235
