dyn_category,proportion
hairpin,0.5238095238095238
subf,0.3163265306122449
cresc,0.1598639455782313
