dyn_category,proportion
subf,0.43859649122807015
hairpin,0.24210526315789474
flat,0.22105263157894736
cresc,0.09824561403508772
