adj_rand,adj_mi,hg_score,complete_score,v_meas,fm_score
0.05086741015167555,0.18684728255864025,0.25571634704525276,0.14791460535183026,0.18741963335854211,0.1429410294834007
