dyn_category,proportion
subf,0.5113636363636364
flat,0.4772727272727273
cresc,0.011363636363636364
