dyn_category,proportion
subf,0.36486486486486486
flat,0.2702702702702703
hairpin,0.26576576576576577
cresc,0.0990990990990991
