dyn_category,proportion
subf,0.4220430107526882
hairpin,0.2849462365591398
flat,0.1693548387096774
cresc,0.12365591397849462
