dyn_category,proportion
hairpin,0.5053475935828877
subf,0.32887700534759357
cresc,0.1657754010695187
