dyn_category,proportion
hairpin,0.4151376146788991
subf,0.3853211009174312
cresc,0.13761467889908258
flat,0.06192660550458716
