adj_rand,adj_mi,hg_score,complete_score,v_meas,fm_score
0.00003777781373140363,-0.000051608698682590954,0.00047022958070201725,0.0004233947115122179,0.0004455848378349853,0.11691194015518443
