adj_rand,adj_mi,hg_score,complete_score,v_meas,fm_score
0.0002280745248976346,0.00012139685556989334,0.0010495305869643035,0.0007731622465544792,0.0008903940494223708,0.09116893126107033
