adj_rand,adj_mi,hg_score,complete_score,v_meas,fm_score
0.002738860736985378,0.006888842228377637,0.010452890439810996,0.006500823903755185,0.008016225666825022,0.07190102816163946
