adj_rand,adj_mi,hg_score,complete_score,v_meas,fm_score
-0.000016636252958390743,-0.0001380621817663477,0.00020382796262364007,0.00023059590374789615,0.00021638725166214892,0.15125304426960867
