quality,proportion
halfdim7,0.12677878395860284
fulldim7,0.1261319534282018
augmajor7,0.12548512289780078
augminor7,0.12483829236739974
major7,0.12419146183699871
minor7,0.12419146183699871
majorminor7,0.12419146183699871
minormajor7,0.12419146183699871
