adj_rand,adj_mi,hg_score,complete_score,v_meas,fm_score
0.03227853934291783,0.10172813857481565,0.11852260470591601,0.0899566382784388,0.1022825575028454,0.12219417865804036
