adj_rand,adj_mi,hg_score,complete_score,v_meas,fm_score
0.00782423816437052,0.021969526693312712,0.024482512060208128,0.020711362654386535,0.022439597807072442,0.11164828191626039
