quality,proportion
fulldim7,0.39045553145336226
halfdim7,0.33116413593637023
majorminor7,0.26825741142443965
minor7,0.006507592190889371
augminor7,0.0028922631959508315
major7,0.0007230657989877079
