quality,proportion
fulldim7,0.36853685368536854
halfdim7,0.3201320132013201
majorminor7,0.2816281628162816
augminor7,0.0121012101210121
minor7,0.0121012101210121
major7,0.005500550055005501
