adj_rand,adj_mi,hg_score,complete_score,v_meas,fm_score
0.04185007252700186,0.13539027508342982,0.16563479748772078,0.1154086059012124,0.13603365769331713,0.12265441493319366
