quality,proportion
fulldim7,0.42569759896171316
majorminor7,0.2881245944192083
halfdim7,0.2628163530175211
minor7,0.015574302401038288
augminor7,0.005840363400389357
major7,0.001946787800129786
