quality,proportion
fulldim7,0.4081911262798635
majorminor7,0.29897610921501705
halfdim7,0.2839590443686007
minor7,0.004095563139931741
augminor7,0.004095563139931741
major7,0.0006825938566552901
