quality,proportion
fulldim7,0.4043970686209194
majorminor7,0.28914057295136575
halfdim7,0.2744836775483011
minor7,0.02731512325116589
major7,0.004663557628247834
