quality,proportion
fulldim7,0.4187866927592955
halfdim7,0.31441617742987604
majorminor7,0.25962165688193084
minor7,0.005218525766470972
augminor7,0.0019569471624266144
