adj_rand,adj_mi,hg_score,complete_score,v_meas,fm_score
0.04320543253644966,0.15939166817014117,0.20715129124123047,0.1306381785376285,0.16022919475369538,0.11705398464507608
