quality,proportion
augmajor7,0.25267175572519085
minormajor7,0.2435114503816794
augminor7,0.19770992366412213
minor7,0.16030534351145037
major7,0.14122137404580154
majorminor7,0.004580152671755725
