quality,proportion
fulldim7,0.3856041131105398
majorminor7,0.3393316195372751
halfdim7,0.27335047129391604
augminor7,0.000856898029134533
minor7,0.000856898029134533
