quality,proportion
fulldim7,0.44760213143872113
majorminor7,0.3019538188277087
halfdim7,0.24600355239786856
minor7,0.0026642984014209592
major7,0.0017761989342806395
