quality,proportion
fulldim7,0.4612700628053036
halfdim7,0.2658757850662945
majorminor7,0.25471039776692256
minor7,0.013258897418004187
augminor7,0.004884856943475227
