quality,proportion
fulldim7,0.42883046237534
halfdim7,0.3327289211242067
majorminor7,0.23481414324569355
minor7,0.0027198549410698096
augminor7,0.0009066183136899365
