adj_rand,adj_mi,hg_score,complete_score,v_meas,fm_score
0.040364911660813386,0.1577238433620421,0.2096714164725324,0.12762154477931784,0.15866675644210768,0.1117667762724934
