adj_rand,adj_mi,hg_score,complete_score,v_meas,fm_score
0.0013513019464800424,0.0021899574701382883,0.00250274006157643,0.0025496180468695616,0.0025259615770115654,0.13034496997309125
