dataset,baseline_mel,baseline_mfcc,baseline_chroma,baseline_concat,mg_audio,mg_small_h,mg_med_h,mg_large_h,jukebox
chords,0.9295065458207452,0.7628398791540786,0.9813695871097684,0.9400805639476334,0.8066465256797583,0.9874118831822759,0.9833836858006042,0.9894259818731118,0.9939577039274925
