is_modemix,proportion
true,0.5035576336653791
false,0.49644236633462085
