is_modemix,proportion
false,0.5011433798307798
true,0.4988566201692202
