is_modemix,proportion
false,0.5012083131947801
true,0.4987916868052199
