is_modemix,proportion
false,0.5008370111094201
true,0.4991629888905798
