is_modemix,proportion
true,0.5017754105636929
false,0.49822458943630715
