is_modemix,proportion
true,0.5032950939711984
false,0.4967049060288016
