is_modemix,proportion
true,0.5063445583211322
false,0.49365544167886777
