is_modemix,proportion
false,0.5015424164524421
true,0.4984575835475578
