is_modemix,proportion
true,0.5037292025243832
false,0.49627079747561675
