is_modemix,proportion
false,0.5021682567215958
true,0.4978317432784042
