is_modemix,proportion
true,0.5032182562902282
false,0.4967817437097718
