is_modemix,proportion
false,0.5020610057708161
true,0.49793899422918386
