is_modemix,proportion
false,0.5002965599051008
true,0.49970344009489914
