is_modemix,proportion
false,0.5017957927142124
true,0.49820420728578757
