is_modemix,proportion
false,0.5005753739930955
true,0.4994246260069045
