is_modemix,proportion
false,0.5032605613836121
true,0.49673943861638786
