is_modemix,proportion
true,0.5016403220996123
false,0.4983596779003877
