is_modemix,proportion
false,0.5043184378520466
true,0.49568156214795345
