poly,proportion
2a7,0.16666666666666666
3a7,0.16666666666666666
4a7,0.16666666666666666
2a5,0.16666666666666666
3a5,0.16666666666666666
2a3,0.16666666666666666
