poly,proportion
7a12,0.09523809523809523
11a12,0.09523809523809523
7a8,0.09523809523809523
8a9,0.09523809523809523
8a11,0.09523809523809523
7a11,0.09523809523809523
10a11,0.09523809523809523
7a9,0.047619047619047616
3a8,0.047619047619047616
5a7,0.047619047619047616
5a8,0.047619047619047616
5a11,0.047619047619047616
6a11,0.047619047619047616
9a11,0.047619047619047616
