poly,proportion
11a12,0.1518987341772152
7a12,0.0759493670886076
8a9,0.0759493670886076
8a11,0.0759493670886076
9a10,0.0759493670886076
9a11,0.0759493670886076
10a11,0.0759493670886076
7a11,0.06329113924050633
6a11,0.05063291139240506
7a8,0.05063291139240506
7a9,0.05063291139240506
5a11,0.0379746835443038
7a10,0.0379746835443038
3a8,0.02531645569620253
4a9,0.02531645569620253
5a8,0.02531645569620253
5a9,0.02531645569620253
