poly,proportion
5a6,0.13636363636363635
6a7,0.13636363636363635
2a7,0.09090909090909091
3a7,0.09090909090909091
3a8,0.09090909090909091
4a7,0.09090909090909091
5a7,0.09090909090909091
2a3,0.09090909090909091
3a5,0.045454545454545456
4a5,0.045454545454545456
2a5,0.045454545454545456
3a4,0.045454545454545456
