poly,proportion
11a12,0.1016949152542373
9a10,0.1016949152542373
9a11,0.1016949152542373
10a11,0.0847457627118644
7a12,0.06779661016949153
6a11,0.06779661016949153
7a10,0.06779661016949153
8a11,0.06779661016949153
8a9,0.06779661016949153
5a11,0.05084745762711865
7a11,0.05084745762711865
7a9,0.05084745762711865
4a9,0.03389830508474576
5a9,0.03389830508474576
7a8,0.03389830508474576
5a8,0.01694915254237288
