adj_rand,adj_mi,hg_score,complete_score,v_meas,fm_score
0.005541698826910983,0.04204583260784196,0.04769836016106181,0.05131713969039827,0.04944162106054434,0.04831594804389493
