poly,proportion
2a3,0.18181818181818182
2a5,0.11363636363636363
3a4,0.11363636363636363
3a5,0.09090909090909091
4a5,0.09090909090909091
2a7,0.06818181818181818
3a7,0.045454545454545456
3a8,0.045454545454545456
4a7,0.045454545454545456
5a6,0.045454545454545456
5a7,0.045454545454545456
6a7,0.045454545454545456
4a9,0.022727272727272728
5a8,0.022727272727272728
5a9,0.022727272727272728
