poly,proportion
2a5,0.10666666666666667
3a4,0.09333333333333334
3a5,0.08
4a5,0.08
2a3,0.08
3a7,0.06666666666666667
3a8,0.06666666666666667
2a7,0.05333333333333334
4a7,0.05333333333333334
5a6,0.04
5a7,0.04
5a8,0.04
4a9,0.02666666666666667
5a9,0.02666666666666667
6a7,0.02666666666666667
7a8,0.02666666666666667
5a11,0.013333333333333334
6a11,0.013333333333333334
7a9,0.013333333333333334
7a11,0.013333333333333334
7a12,0.013333333333333334
8a9,0.013333333333333334
8a11,0.013333333333333334
