poly,proportion
2a3,0.2894736842105263
2a5,0.10526315789473684
3a4,0.10526315789473684
3a5,0.10526315789473684
4a5,0.10526315789473684
2a7,0.07894736842105263
3a7,0.07894736842105263
4a7,0.07894736842105263
3a8,0.05263157894736842
