poly,proportion
2a3,0.5714285714285714
2a5,0.14285714285714285
3a4,0.14285714285714285
3a5,0.14285714285714285
