adj_rand,adj_mi,hg_score,complete_score,v_meas,fm_score
0.007786585395653244,0.06341068848355245,0.08678399056925952,0.0742488527232709,0.08002854079660371,0.03713092020553509
