poly,proportion
2a3,0.2857142857142857
2a5,0.09523809523809523
2a7,0.09523809523809523
3a4,0.09523809523809523
3a5,0.09523809523809523
3a7,0.09523809523809523
4a5,0.09523809523809523
4a7,0.09523809523809523
3a8,0.047619047619047616
