poly,proportion
6a7,0.0859375
5a6,0.0703125
10a11,0.0546875
11a12,0.046875
7a8,0.046875
7a9,0.046875
7a10,0.046875
7a11,0.046875
8a9,0.046875
9a10,0.046875
9a11,0.046875
4a7,0.046875
4a9,0.046875
5a11,0.0390625
6a11,0.0390625
8a11,0.0390625
5a9,0.0390625
4a5,0.0390625
5a7,0.03125
7a12,0.0234375
3a5,0.0234375
3a7,0.0234375
5a8,0.015625
3a8,0.0078125
