adj_rand,adj_mi,hg_score,complete_score,v_meas,fm_score
0.007715779385785023,0.06731521912609977,0.09646975300978007,0.07927106708681822,0.08702884461883859,0.035372106530365155
