poly,proportion
7a12,0.16216216216216217
8a11,0.10810810810810811
11a12,0.08108108108108109
5a8,0.08108108108108109
5a11,0.08108108108108109
6a11,0.08108108108108109
7a8,0.08108108108108109
7a11,0.08108108108108109
8a9,0.08108108108108109
5a7,0.05405405405405406
9a11,0.05405405405405406
10a11,0.05405405405405406
