poly,proportion
2a7,0.13953488372093023
3a7,0.13953488372093023
3a8,0.06976744186046512
4a7,0.06976744186046512
4a9,0.06976744186046512
5a7,0.06976744186046512
5a8,0.06976744186046512
5a9,0.06976744186046512
6a7,0.06976744186046512
2a5,0.06976744186046512
3a5,0.06976744186046512
4a5,0.06976744186046512
7a8,0.023255813953488372
