poly,proportion
7a8,0.0761904761904762
7a9,0.0761904761904762
7a10,0.0761904761904762
6a11,0.05714285714285714
7a11,0.05714285714285714
8a9,0.05714285714285714
8a11,0.05714285714285714
9a10,0.05714285714285714
9a11,0.05714285714285714
10a11,0.05714285714285714
5a6,0.05714285714285714
6a7,0.05714285714285714
7a12,0.047619047619047616
5a7,0.047619047619047616
5a11,0.0380952380952381
4a7,0.0380952380952381
4a9,0.02857142857142857
5a8,0.02857142857142857
5a9,0.02857142857142857
