poly,proportion
2a3,0.4666666666666667
2a5,0.3333333333333333
2a7,0.2
