poly,proportion
5a11,0.05263157894736842
6a11,0.05263157894736842
7a9,0.05263157894736842
7a10,0.05263157894736842
7a11,0.05263157894736842
7a12,0.05263157894736842
8a9,0.05263157894736842
8a11,0.05263157894736842
9a10,0.05263157894736842
9a11,0.05263157894736842
3a7,0.05263157894736842
3a8,0.05263157894736842
4a7,0.05263157894736842
4a9,0.05263157894736842
5a6,0.05263157894736842
5a7,0.05263157894736842
5a8,0.05263157894736842
5a9,0.05263157894736842
6a7,0.05263157894736842
