poly,proportion
10a11,0.13333333333333333
11a12,0.13333333333333333
5a6,0.13333333333333333
9a10,0.1
9a11,0.1
8a11,0.06666666666666667
7a8,0.06666666666666667
7a9,0.06666666666666667
8a9,0.06666666666666667
6a11,0.03333333333333333
7a10,0.03333333333333333
7a11,0.03333333333333333
7a12,0.03333333333333333
