poly,proportion
7a8,0.18181818181818182
4a7,0.09090909090909091
4a9,0.09090909090909091
5a7,0.09090909090909091
5a8,0.09090909090909091
5a9,0.09090909090909091
6a7,0.09090909090909091
7a9,0.09090909090909091
3a5,0.09090909090909091
4a5,0.09090909090909091
