poly,proportion
4a9,0.1111111111111111
5a9,0.1111111111111111
5a11,0.06666666666666667
6a11,0.06666666666666667
7a10,0.06666666666666667
7a11,0.06666666666666667
7a12,0.06666666666666667
2a7,0.06666666666666667
3a7,0.06666666666666667
3a8,0.06666666666666667
4a7,0.06666666666666667
5a8,0.06666666666666667
8a11,0.044444444444444446
8a9,0.022222222222222223
5a6,0.022222222222222223
5a7,0.022222222222222223
