poly,proportion
2a3,0.21875
3a4,0.1875
2a5,0.15625
3a5,0.15625
4a5,0.125
2a7,0.0625
3a7,0.03125
3a8,0.03125
4a7,0.03125
