adj_rand,adj_mi,hg_score,complete_score,v_meas,fm_score
0.008910731035409307,0.0550951269405393,0.06819193719804309,0.06249526927655919,0.06521944408552538,0.040731268341272074
