poly,proportion
2a3,0.5405405405405406
3a4,0.16216216216216217
2a5,0.13513513513513514
3a5,0.10810810810810811
4a5,0.05405405405405406
