poly,proportion
2a3,0.20930232558139536
2a5,0.16279069767441862
3a4,0.13953488372093023
3a5,0.11627906976744186
2a7,0.09302325581395349
3a7,0.09302325581395349
4a5,0.09302325581395349
3a8,0.046511627906976744
4a7,0.023255813953488372
4a9,0.023255813953488372
