adj_rand,adj_mi,hg_score,complete_score,v_meas,fm_score
0.009170639263482945,0.07126246008364105,0.09760188058724514,0.07879953221947028,0.08719865007478814,0.034885048430996546
