poly,proportion
2a3,0.15254237288135594
2a5,0.15254237288135594
3a4,0.15254237288135594
3a5,0.15254237288135594
2a7,0.1016949152542373
4a5,0.0847457627118644
3a7,0.06779661016949153
3a8,0.05084745762711865
4a7,0.03389830508474576
5a6,0.03389830508474576
5a7,0.01694915254237288
