adj_rand,adj_mi,hg_score,complete_score,v_meas,fm_score
0.009412520680578016,0.08093405467605515,0.11441750172194798,0.08817640224962879,0.09959750474671263,0.03292310466543993
