adj_rand,adj_mi,hg_score,complete_score,v_meas,fm_score
0.009564462195237674,0.0874730557892562,0.12759517224461908,0.09500509219548224,0.10891443577831317,0.03183234181305973
