poly,proportion
2a3,0.17391304347826086
2a5,0.13043478260869565
3a4,0.13043478260869565
3a5,0.13043478260869565
2a7,0.10869565217391304
4a5,0.08695652173913043
3a7,0.06521739130434782
3a8,0.06521739130434782
4a7,0.043478260869565216
5a6,0.043478260869565216
5a7,0.021739130434782608
