poly,proportion
9a10,0.14285714285714285
11a12,0.14285714285714285
5a9,0.09523809523809523
9a11,0.09523809523809523
10a11,0.09523809523809523
4a9,0.07142857142857142
5a11,0.07142857142857142
6a11,0.07142857142857142
7a9,0.07142857142857142
7a10,0.07142857142857142
8a9,0.047619047619047616
5a8,0.023809523809523808
