poly,proportion
10a11,0.12903225806451613
11a12,0.12903225806451613
5a11,0.06451612903225806
6a11,0.06451612903225806
7a8,0.06451612903225806
7a9,0.06451612903225806
7a10,0.06451612903225806
7a11,0.06451612903225806
7a12,0.06451612903225806
8a9,0.06451612903225806
8a11,0.06451612903225806
9a10,0.06451612903225806
9a11,0.06451612903225806
4a9,0.03225806451612903
