poly,proportion
6a7,0.09523809523809523
2a5,0.09523809523809523
4a9,0.047619047619047616
5a8,0.047619047619047616
5a9,0.047619047619047616
5a11,0.047619047619047616
6a11,0.047619047619047616
7a8,0.047619047619047616
7a9,0.047619047619047616
7a10,0.047619047619047616
7a11,0.047619047619047616
7a12,0.047619047619047616
2a7,0.047619047619047616
3a4,0.047619047619047616
3a5,0.047619047619047616
3a7,0.047619047619047616
3a8,0.047619047619047616
4a5,0.047619047619047616
2a3,0.047619047619047616
