sub_type,proportion
T,0.3347169811320755
N,0.33433962264150946
S,0.3309433962264151
