sub_type,proportion
S,0.3348127600554785
T,0.3334257975034674
N,0.3317614424410541
