sub_type,proportion
N,0.33682634730538924
S,0.3323353293413174
T,0.33083832335329344
