sub_type,proportion
T,0.3360091743119266
S,0.33371559633027525
N,0.3302752293577982
