adj_rand,adj_mi,hg_score,complete_score,v_meas,fm_score
-0.0000621892948654384,-0.0001955660796864212,0.00008902778370190842,0.000045455614131139495,0.00006018308056029852,0.21122246231092473
