sub_type,proportion
S,0.34191176470588236
T,0.33088235294117646
N,0.3272058823529412
