sub_type,proportion
T,0.3398706896551724
N,0.33232758620689656
S,0.327801724137931
