sub_type,proportion
N,0.33855482566953005
S,0.33451237998989386
T,0.32693279434057604
