cluster,max_label,max_proportion
0,S,0.33701548
1,N,0.33430684
2,N,0.33333334
