sub_type,proportion
N,0.33430684441094727
T,0.33322342079231243
S,0.3324697347967403
