sub_type,proportion
N,0.3361685422664224
S,0.3326354357498037
T,0.3311960219837739
