sub_type,proportion
T,0.3405639913232104
N,0.3297180043383948
S,0.3297180043383948
