cluster,max_label,max_proportion
0,N,0.33616853
1,S,0.3339347
2,N,0.33333334
3,T,0.34056398
