adj_rand,adj_mi,hg_score,complete_score,v_meas,fm_score
-0.000041846735735367614,-0.00010319568361853357,0.000011994535804387475,0.00001563649748931227,0.000013575498751509625,0.4108845838236016
