adj_rand,adj_mi,hg_score,complete_score,v_meas,fm_score
-0.0000499103986833754,-0.0001476571141035237,0.000016720121413568245,0.00001516427419277951,0.000015904237846141574,0.34681195581652413
