sub_type,proportion
N,0.3355382313567997
T,0.3334908260492952
S,0.330970942593905
