sub_type,proportion
T,0.33873940287504606
S,0.33210468116476227
N,0.32915591596019167
