cluster,max_label,max_proportion
0,S,0.33779916
1,N,0.33690464
2,N,0.33333334
3,N,0.33333334
4,T,0.33676976
5,T,0.3387394
6,S,0.3358592
