sub_type,proportion
S,0.33585920312881934
T,0.3329259349792227
N,0.331214861891958
