sub_type,proportion
N,0.33690464595305347
T,0.3337878640303886
S,0.3293074900165579
