sub_type,proportion
S,0.33779916753381894
N,0.3315556711758585
T,0.33064516129032256
