sub_type,proportion
T,0.33482839313572543
S,0.3330733229329173
N,0.33209828393135726
