sub_type,proportion
S,0.34352215367358385
N,0.3317442512619181
T,0.32473359506449806
