adj_rand,adj_mi,hg_score,complete_score,v_meas,fm_score
-0.00004583090557911189,-0.00015827216894443246,0.00006931331932675268,0.000043300046878380845,0.000053302198083263726,0.26554252844253445
