sub_type,proportion
T,0.3365707881957415
S,0.33582368322749345
N,0.32760552857676506
