sub_type,proportion
S,0.3361522198731501
T,0.3332452431289641
N,0.33060253699788583
