is_modemix,proportion
true,0.5078915418858762
false,0.49210845811412385
