is_modemix,proportion
true,0.5007048209754722
false,0.49929517902452775
