is_modemix,proportion
true,0.5008517887563884
false,0.4991482112436116
