is_modemix,proportion
false,0.5076650943396226
true,0.49233490566037735
