is_modemix,proportion
true,0.5076642889664592
false,0.49233571103354073
