is_modemix,proportion
true,0.5005685048322911
false,0.4994314951677089
