is_modemix,proportion
true,0.5007252683492892
false,0.4992747316507108
