is_modemix,proportion
false,0.503507986266607
true,0.496492013733393
