is_modemix,proportion
false,0.5062611806797853
true,0.4937388193202147
