is_modemix,proportion
true,0.5069326198005352
false,0.49306738019946483
