is_modemix,proportion
false,0.5125874125874126
true,0.4874125874125874
