is_modemix,proportion
false,0.5002075550020756
true,0.49979244499792447
