poly,proportion
10a11,0.13333333333333333
11a12,0.13333333333333333
5a11,0.06666666666666667
6a11,0.06666666666666667
7a8,0.06666666666666667
7a9,0.06666666666666667
7a10,0.06666666666666667
7a11,0.06666666666666667
7a12,0.06666666666666667
8a9,0.06666666666666667
8a11,0.06666666666666667
9a10,0.06666666666666667
9a11,0.06666666666666667
