poly,proportion
2a3,0.5454545454545454
2a5,0.18181818181818182
2a7,0.09090909090909091
3a4,0.09090909090909091
3a5,0.09090909090909091
