poly,proportion
4a9,0.11764705882352941
5a8,0.11764705882352941
5a9,0.11764705882352941
6a7,0.11764705882352941
2a5,0.11764705882352941
3a4,0.11764705882352941
2a3,0.11764705882352941
5a6,0.058823529411764705
5a7,0.058823529411764705
3a5,0.058823529411764705
