poly,proportion
2a3,0.20588235294117646
4a5,0.17647058823529413
2a5,0.14705882352941177
3a4,0.08823529411764706
3a5,0.08823529411764706
4a7,0.058823529411764705
4a9,0.058823529411764705
5a6,0.058823529411764705
5a7,0.058823529411764705
5a8,0.029411764705882353
2a7,0.029411764705882353
