poly,proportion
2a7,0.078125
7a8,0.0625
4a9,0.0625
2a5,0.0625
7a10,0.046875
5a8,0.046875
3a7,0.046875
3a8,0.046875
4a7,0.046875
5a7,0.046875
4a5,0.046875
5a11,0.03125
6a11,0.03125
7a9,0.03125
7a11,0.03125
7a12,0.03125
8a9,0.03125
8a11,0.03125
5a9,0.03125
6a7,0.03125
3a5,0.03125
3a4,0.03125
9a10,0.015625
10a11,0.015625
5a6,0.015625
2a3,0.015625
