poly,proportion
2a7,0.2857142857142857
3a7,0.14285714285714285
3a8,0.14285714285714285
5a11,0.07142857142857142
6a11,0.07142857142857142
4a7,0.07142857142857142
4a9,0.07142857142857142
5a9,0.07142857142857142
2a5,0.07142857142857142
