poly,proportion
2a5,0.16666666666666666
3a4,0.16666666666666666
3a5,0.14814814814814814
2a3,0.1111111111111111
2a7,0.09259259259259259
4a5,0.09259259259259259
3a7,0.05555555555555555
3a8,0.05555555555555555
4a7,0.037037037037037035
5a6,0.018518518518518517
5a7,0.018518518518518517
5a8,0.018518518518518517
6a7,0.018518518518518517
