poly,proportion
2a3,0.7647058823529411
2a5,0.11764705882352941
3a4,0.11764705882352941
