adj_rand,adj_mi,hg_score,complete_score,v_meas,fm_score
0.006737007621400628,0.048969976385149966,0.058662711541823634,0.06190188806551168,0.06023878676341461,0.0554966640678019
