poly,proportion
2a3,0.5555555555555556
2a5,0.2222222222222222
3a4,0.2222222222222222
