adj_rand,adj_mi,hg_score,complete_score,v_meas,fm_score
0.006615557237315414,0.05518191939186431,0.0713269483753702,0.06792465061221792,0.06958423576973878,0.0454172799418433
