poly,proportion
4a7,0.10526315789473684
5a6,0.10526315789473684
2a3,0.10526315789473684
3a7,0.07894736842105263
3a8,0.07894736842105263
3a5,0.07894736842105263
4a9,0.05263157894736842
5a7,0.05263157894736842
5a8,0.05263157894736842
5a9,0.05263157894736842
6a7,0.05263157894736842
2a7,0.05263157894736842
4a5,0.05263157894736842
2a5,0.05263157894736842
3a4,0.02631578947368421
