poly,proportion
2a7,0.3333333333333333
3a7,0.3333333333333333
3a8,0.3333333333333333
