adj_rand,adj_mi,hg_score,complete_score,v_meas,fm_score
0.006459594098412246,0.07042802639648212,0.10333729541771534,0.08587163585525144,0.0937983481295043,0.03738481144680647
