poly,proportion
2a5,0.3333333333333333
3a4,0.3333333333333333
3a5,0.3333333333333333
