poly,proportion
4a5,0.16666666666666666
2a5,0.1111111111111111
2a7,0.1111111111111111
3a4,0.1111111111111111
3a5,0.1111111111111111
3a7,0.05555555555555555
3a8,0.05555555555555555
4a7,0.05555555555555555
5a6,0.05555555555555555
5a7,0.05555555555555555
5a8,0.05555555555555555
2a3,0.05555555555555555
