poly,proportion
7a11,0.125
7a10,0.10714285714285714
7a12,0.10714285714285714
7a8,0.07142857142857142
10a11,0.07142857142857142
11a12,0.07142857142857142
6a7,0.05357142857142857
6a11,0.05357142857142857
7a9,0.05357142857142857
8a11,0.05357142857142857
4a9,0.05357142857142857
8a9,0.03571428571428571
9a11,0.03571428571428571
9a10,0.03571428571428571
5a11,0.017857142857142856
3a7,0.017857142857142856
4a7,0.017857142857142856
5a7,0.017857142857142856
