poly,proportion
4a9,0.14285714285714285
2a7,0.14285714285714285
7a9,0.07142857142857142
8a9,0.07142857142857142
3a7,0.07142857142857142
3a8,0.07142857142857142
4a7,0.07142857142857142
5a7,0.07142857142857142
5a8,0.07142857142857142
6a7,0.07142857142857142
7a8,0.07142857142857142
3a4,0.07142857142857142
