poly,proportion
2a3,0.5
2a5,0.08333333333333333
2a7,0.08333333333333333
3a4,0.08333333333333333
3a5,0.08333333333333333
3a7,0.08333333333333333
3a8,0.08333333333333333
