poly,proportion
11a12,0.08333333333333333
9a11,0.08333333333333333
8a9,0.08333333333333333
9a10,0.08333333333333333
7a9,0.06666666666666667
8a11,0.06666666666666667
7a8,0.06666666666666667
7a10,0.06666666666666667
7a11,0.06666666666666667
5a9,0.05
6a11,0.05
10a11,0.05
7a12,0.03333333333333333
3a8,0.03333333333333333
3a7,0.016666666666666666
4a7,0.016666666666666666
4a9,0.016666666666666666
5a7,0.016666666666666666
5a8,0.016666666666666666
5a11,0.016666666666666666
6a7,0.016666666666666666
