poly,proportion
2a3,0.2
2a5,0.13333333333333333
3a4,0.13333333333333333
3a5,0.13333333333333333
2a7,0.06666666666666667
3a7,0.06666666666666667
4a5,0.06666666666666667
4a7,0.06666666666666667
5a6,0.06666666666666667
5a7,0.03333333333333333
6a7,0.03333333333333333
