adj_rand,adj_mi,hg_score,complete_score,v_meas,fm_score
0.006856273967657445,0.045160602769349766,0.057801590010797134,0.05327755835161649,0.05544744679836763,0.03921431803206021
