adj_rand,adj_mi,hg_score,complete_score,v_meas,fm_score
0.006682476144657771,0.04923681328863738,0.06793604676528078,0.05790869250198714,0.06252287802950719,0.03479976985178092
