poly,proportion
2a3,0.1694915254237288
2a5,0.11864406779661017
3a4,0.1016949152542373
3a5,0.1016949152542373
2a7,0.06779661016949153
3a7,0.06779661016949153
4a5,0.06779661016949153
4a7,0.06779661016949153
5a6,0.06779661016949153
5a7,0.05084745762711865
6a7,0.05084745762711865
3a8,0.01694915254237288
4a9,0.01694915254237288
5a8,0.01694915254237288
5a9,0.01694915254237288
