adj_rand,adj_mi,hg_score,complete_score,v_meas,fm_score
0.00699396812397713,0.05627932424496331,0.08143662049690853,0.06506035906216831,0.07233317418946235,0.031560823955387146
