poly,proportion
9a10,0.15384615384615385
7a12,0.10256410256410256
5a9,0.07692307692307693
7a10,0.07692307692307693
8a9,0.07692307692307693
9a11,0.07692307692307693
11a12,0.07692307692307693
5a11,0.05128205128205128
6a11,0.05128205128205128
7a11,0.05128205128205128
10a11,0.05128205128205128
4a9,0.05128205128205128
7a9,0.05128205128205128
5a8,0.02564102564102564
8a11,0.02564102564102564
