adj_rand,adj_mi,hg_score,complete_score,v_meas,fm_score
0.00003944842465606421,0.005472096384404095,0.007417149193760345,0.07752332416955346,0.01353894176931139,0.17516162763039964
