poly,proportion
2a5,0.16666666666666666
5a11,0.08333333333333333
6a11,0.08333333333333333
7a11,0.08333333333333333
7a12,0.08333333333333333
2a7,0.08333333333333333
3a5,0.08333333333333333
3a7,0.08333333333333333
3a8,0.08333333333333333
4a7,0.08333333333333333
5a7,0.08333333333333333
