poly,proportion
4a7,0.08333333333333333
4a9,0.08333333333333333
5a6,0.08333333333333333
5a7,0.08333333333333333
5a8,0.08333333333333333
5a9,0.08333333333333333
5a11,0.08333333333333333
2a7,0.08333333333333333
3a4,0.08333333333333333
3a5,0.08333333333333333
3a7,0.08333333333333333
3a8,0.08333333333333333
