poly,proportion
3a8,0.08695652173913043
7a8,0.08695652173913043
7a9,0.08695652173913043
8a9,0.08695652173913043
4a9,0.043478260869565216
5a8,0.043478260869565216
5a9,0.043478260869565216
6a11,0.043478260869565216
7a10,0.043478260869565216
7a11,0.043478260869565216
7a12,0.043478260869565216
8a11,0.043478260869565216
9a10,0.043478260869565216
9a11,0.043478260869565216
3a4,0.043478260869565216
3a7,0.043478260869565216
4a5,0.043478260869565216
2a3,0.043478260869565216
2a5,0.043478260869565216
