adj_rand,adj_mi,hg_score,complete_score,v_meas,fm_score
0.007403824888832134,0.07999504452083535,0.12174149469769228,0.09360940569771604,0.10583795049361781,0.03253956992682491
