poly,proportion
9a11,0.09836065573770492
10a11,0.09836065573770492
9a10,0.09836065573770492
5a11,0.08196721311475409
6a11,0.08196721311475409
7a11,0.08196721311475409
8a11,0.08196721311475409
11a12,0.08196721311475409
4a9,0.04918032786885246
5a9,0.04918032786885246
7a9,0.04918032786885246
7a10,0.04918032786885246
7a12,0.04918032786885246
8a9,0.04918032786885246
