poly,proportion
10a11,0.13043478260869565
11a12,0.13043478260869565
7a12,0.08695652173913043
9a10,0.08695652173913043
9a11,0.08695652173913043
5a11,0.06521739130434782
6a11,0.06521739130434782
7a10,0.06521739130434782
7a11,0.06521739130434782
8a11,0.06521739130434782
8a9,0.043478260869565216
4a9,0.021739130434782608
5a8,0.021739130434782608
5a9,0.021739130434782608
7a8,0.021739130434782608
7a9,0.021739130434782608
