poly,proportion
2a7,0.25
3a7,0.16666666666666666
3a8,0.16666666666666666
2a5,0.16666666666666666
5a9,0.08333333333333333
5a11,0.08333333333333333
6a11,0.08333333333333333
