poly,proportion
6a11,0.07692307692307693
7a8,0.07692307692307693
7a9,0.07692307692307693
7a10,0.07692307692307693
7a11,0.07692307692307693
7a12,0.07692307692307693
8a9,0.07692307692307693
8a11,0.07692307692307693
3a5,0.07692307692307693
3a7,0.07692307692307693
3a8,0.07692307692307693
4a7,0.07692307692307693
2a5,0.07692307692307693
