poly,proportion
7a12,0.13043478260869565
11a12,0.13043478260869565
4a7,0.13043478260869565
5a7,0.13043478260869565
5a8,0.13043478260869565
6a7,0.13043478260869565
7a8,0.13043478260869565
3a7,0.08695652173913043
