poly,proportion
3a4,0.11818181818181818
4a5,0.11818181818181818
2a5,0.10909090909090909
3a5,0.1
2a3,0.1
2a7,0.09090909090909091
3a7,0.09090909090909091
3a8,0.06363636363636363
4a7,0.06363636363636363
5a6,0.05454545454545454
5a7,0.05454545454545454
5a8,0.01818181818181818
4a9,0.00909090909090909
5a9,0.00909090909090909
