adj_rand,adj_mi,hg_score,complete_score,v_meas,fm_score
0.008177429876744066,0.04729915029020162,0.05182089532712115,0.05812617817612935,0.054792737979364965,0.05754240934339134
