poly,proportion
2a3,0.234375
3a4,0.09375
2a5,0.078125
3a5,0.078125
2a7,0.046875
4a7,0.046875
3a7,0.03125
3a8,0.03125
4a9,0.03125
5a6,0.03125
5a7,0.03125
5a8,0.03125
5a9,0.03125
6a7,0.03125
7a8,0.03125
7a9,0.03125
8a9,0.03125
4a5,0.015625
5a11,0.015625
6a11,0.015625
7a10,0.015625
7a11,0.015625
