poly,proportion
2a3,0.2631578947368421
3a4,0.09210526315789473
2a5,0.07894736842105263
2a7,0.06578947368421052
3a5,0.06578947368421052
3a7,0.06578947368421052
4a5,0.05263157894736842
4a7,0.05263157894736842
5a6,0.05263157894736842
3a8,0.039473684210526314
4a9,0.02631578947368421
5a7,0.02631578947368421
5a8,0.02631578947368421
5a9,0.02631578947368421
6a7,0.02631578947368421
7a9,0.02631578947368421
7a8,0.013157894736842105
