poly,proportion
4a5,0.10526315789473684
2a3,0.10526315789473684
2a5,0.08771929824561403
2a7,0.08771929824561403
3a4,0.08771929824561403
3a7,0.08771929824561403
3a8,0.08771929824561403
3a5,0.07017543859649122
4a7,0.07017543859649122
5a6,0.07017543859649122
5a7,0.07017543859649122
5a8,0.03508771929824561
4a9,0.017543859649122806
5a9,0.017543859649122806
