adj_rand,adj_mi,hg_score,complete_score,v_meas,fm_score
0.0069339950498161435,0.05532085179414351,0.07290080970319338,0.06578846055701393,0.06916226518078367,0.03974290765577742
