poly,proportion
3a4,0.1509433962264151
2a5,0.1320754716981132
3a5,0.1320754716981132
4a5,0.1320754716981132
2a7,0.09433962264150944
3a7,0.09433962264150944
2a3,0.09433962264150944
4a7,0.05660377358490566
3a8,0.03773584905660377
5a6,0.03773584905660377
5a7,0.03773584905660377
