adj_rand,adj_mi,hg_score,complete_score,v_meas,fm_score
0.007056359749188065,0.060230001702594696,0.08366231905281848,0.07172619388811217,0.07723582141226482,0.03735659753181999
