poly,proportion
2a3,0.46153846153846156
3a4,0.15384615384615385
2a5,0.07692307692307693
2a7,0.07692307692307693
3a5,0.07692307692307693
3a7,0.07692307692307693
3a8,0.07692307692307693
