adj_rand,adj_mi,hg_score,complete_score,v_meas,fm_score
0.007194038551148298,0.06824818269923177,0.09786008534419036,0.08025841939376746,0.08818955428599178,0.03543206238166381
