poly,proportion
4a9,0.09090909090909091
5a9,0.09090909090909091
7a9,0.09090909090909091
8a9,0.09090909090909091
9a10,0.09090909090909091
9a11,0.09090909090909091
2a3,0.09090909090909091
3a4,0.09090909090909091
3a5,0.09090909090909091
3a7,0.09090909090909091
3a8,0.09090909090909091
