poly,proportion
4a7,0.11764705882352941
4a9,0.11764705882352941
2a7,0.11764705882352941
2a5,0.11764705882352941
5a6,0.058823529411764705
5a7,0.058823529411764705
5a8,0.058823529411764705
5a9,0.058823529411764705
5a11,0.058823529411764705
3a7,0.058823529411764705
3a8,0.058823529411764705
4a5,0.058823529411764705
2a3,0.058823529411764705
