poly,proportion
2a3,0.22580645161290322
2a5,0.12903225806451613
3a4,0.12903225806451613
3a5,0.12903225806451613
4a5,0.12903225806451613
4a7,0.06451612903225806
4a9,0.03225806451612903
5a6,0.03225806451612903
5a7,0.03225806451612903
2a7,0.03225806451612903
3a7,0.03225806451612903
3a8,0.03225806451612903
