adj_rand,adj_mi,hg_score,complete_score,v_meas,fm_score
0.006773333799539592,0.07225574106084731,0.10757218323820583,0.085471618201946,0.09525681224979583,0.033851995051221044
