poly,proportion
2a7,0.15384615384615385
2a3,0.15384615384615385
4a9,0.07692307692307693
5a8,0.07692307692307693
5a9,0.07692307692307693
3a7,0.07692307692307693
3a8,0.07692307692307693
4a7,0.07692307692307693
5a7,0.07692307692307693
2a5,0.07692307692307693
3a4,0.07692307692307693
