poly,proportion
2a7,0.2631578947368421
4a7,0.10526315789473684
4a9,0.10526315789473684
3a7,0.10526315789473684
3a8,0.10526315789473684
5a7,0.05263157894736842
5a8,0.05263157894736842
5a9,0.05263157894736842
6a7,0.05263157894736842
3a5,0.05263157894736842
2a5,0.05263157894736842
