poly,proportion
2a7,0.2857142857142857
3a7,0.2857142857142857
2a5,0.2857142857142857
3a8,0.14285714285714285
