poly,proportion
9a10,0.08791208791208792
9a11,0.08791208791208792
7a9,0.07692307692307693
8a9,0.07692307692307693
5a9,0.07692307692307693
10a11,0.06593406593406594
7a10,0.06593406593406594
7a12,0.06593406593406594
11a12,0.054945054945054944
5a11,0.054945054945054944
4a9,0.054945054945054944
7a11,0.04395604395604396
8a11,0.04395604395604396
6a11,0.04395604395604396
5a6,0.03296703296703297
5a7,0.03296703296703297
6a7,0.02197802197802198
5a8,0.01098901098901099
