adj_rand,adj_mi,hg_score,complete_score,v_meas,fm_score
0.009133278386143926,0.08780038822024928,0.1314994988532185,0.09936316286960391,0.11319462423517536,0.03364589694330728
