poly,proportion
4a5,0.23529411764705882
4a7,0.11764705882352941
5a6,0.11764705882352941
5a7,0.11764705882352941
3a4,0.11764705882352941
2a3,0.11764705882352941
3a7,0.058823529411764705
3a8,0.058823529411764705
3a5,0.058823529411764705
