poly,proportion
2a3,0.5833333333333334
2a5,0.16666666666666666
2a7,0.08333333333333333
3a4,0.08333333333333333
3a5,0.08333333333333333
