poly,proportion
2a3,0.15
3a5,0.09375
2a7,0.08125
3a4,0.08125
2a5,0.075
4a5,0.05625
3a7,0.05
3a8,0.05
5a6,0.04375
4a7,0.0375
5a7,0.0375
5a9,0.025
6a7,0.025
4a9,0.01875
5a8,0.01875
5a11,0.01875
6a11,0.01875
7a8,0.01875
7a9,0.01875
7a10,0.01875
7a11,0.01875
7a12,0.0125
8a9,0.0125
9a10,0.0125
8a11,0.00625
