adj_rand,adj_mi,hg_score,complete_score,v_meas,fm_score
0.009304212376394314,0.05607474605331527,0.0676703025714668,0.06565182549471217,0.06664578431257916,0.04702680141916432
