poly,proportion
2a3,0.22641509433962265
4a5,0.11320754716981132
2a5,0.09433962264150944
3a5,0.07547169811320754
3a7,0.07547169811320754
3a8,0.07547169811320754
4a7,0.07547169811320754
2a7,0.03773584905660377
3a4,0.03773584905660377
5a6,0.03773584905660377
5a7,0.03773584905660377
5a8,0.03773584905660377
6a7,0.03773584905660377
4a9,0.018867924528301886
5a9,0.018867924528301886
