poly,proportion
2a7,0.14545454545454545
2a5,0.12727272727272726
3a7,0.09090909090909091
3a8,0.09090909090909091
4a9,0.07272727272727272
5a9,0.05454545454545454
5a11,0.05454545454545454
6a7,0.05454545454545454
2a3,0.05454545454545454
5a8,0.03636363636363636
6a11,0.03636363636363636
4a7,0.03636363636363636
3a4,0.03636363636363636
3a5,0.03636363636363636
7a12,0.01818181818181818
8a11,0.01818181818181818
5a7,0.01818181818181818
4a5,0.01818181818181818
