poly,proportion
2a5,0.34782608695652173
3a4,0.2608695652173913
3a5,0.17391304347826086
2a7,0.08695652173913043
2a3,0.08695652173913043
4a5,0.043478260869565216
