adj_rand,adj_mi,hg_score,complete_score,v_meas,fm_score
0.00998438275443872,0.07376282193414993,0.09833698134158998,0.08387483211406556,0.09053197643123345,0.04022782741378475
