poly,proportion
5a8,0.07142857142857142
5a9,0.07142857142857142
5a11,0.07142857142857142
6a7,0.07142857142857142
6a11,0.07142857142857142
7a8,0.07142857142857142
7a9,0.07142857142857142
3a7,0.07142857142857142
3a8,0.07142857142857142
4a7,0.07142857142857142
5a6,0.07142857142857142
3a4,0.07142857142857142
3a5,0.07142857142857142
2a3,0.07142857142857142
