poly,proportion
3a4,0.11538461538461539
3a5,0.11538461538461539
2a3,0.11538461538461539
4a9,0.07692307692307693
3a7,0.07692307692307693
3a8,0.07692307692307693
2a5,0.07692307692307693
5a8,0.038461538461538464
5a9,0.038461538461538464
5a11,0.038461538461538464
6a11,0.038461538461538464
7a10,0.038461538461538464
7a11,0.038461538461538464
7a12,0.038461538461538464
4a5,0.038461538461538464
2a7,0.038461538461538464
