poly,proportion
2a3,0.15384615384615385
2a5,0.15384615384615385
4a5,0.1282051282051282
2a7,0.10256410256410256
3a7,0.10256410256410256
3a4,0.07692307692307693
3a5,0.07692307692307693
3a8,0.05128205128205128
4a7,0.05128205128205128
4a9,0.02564102564102564
5a6,0.02564102564102564
5a7,0.02564102564102564
5a8,0.02564102564102564
