poly,proportion
10a11,0.1
11a12,0.1
9a10,0.09090909090909091
9a11,0.09090909090909091
8a11,0.08181818181818182
7a11,0.07272727272727272
7a12,0.07272727272727272
6a11,0.06363636363636363
7a10,0.05454545454545454
8a9,0.05454545454545454
7a8,0.045454545454545456
7a9,0.045454545454545456
4a9,0.02727272727272727
5a8,0.02727272727272727
5a9,0.02727272727272727
5a11,0.02727272727272727
6a7,0.01818181818181818
