adj_rand,adj_mi,hg_score,complete_score,v_meas,fm_score
0.008721306992325229,0.08139328223502978,0.11836651498082143,0.09287582785298902,0.104083186367288,0.035133240657430356
