poly,proportion
2a3,0.8571428571428571
2a5,0.07142857142857142
3a5,0.07142857142857142
