poly,proportion
9a10,0.1276595744680851
11a12,0.1276595744680851
9a11,0.0851063829787234
10a11,0.0851063829787234
5a8,0.06382978723404255
5a9,0.06382978723404255
5a11,0.06382978723404255
6a11,0.06382978723404255
7a9,0.06382978723404255
7a10,0.06382978723404255
7a11,0.06382978723404255
7a12,0.06382978723404255
8a11,0.06382978723404255
