poly,proportion
8a11,0.2222222222222222
8a9,0.16666666666666666
9a11,0.1111111111111111
10a11,0.1111111111111111
7a8,0.1111111111111111
5a11,0.05555555555555555
6a11,0.05555555555555555
7a11,0.05555555555555555
11a12,0.05555555555555555
7a9,0.05555555555555555
