poly,proportion
7a11,0.09210526315789473
8a11,0.09210526315789473
9a11,0.07894736842105263
10a11,0.07894736842105263
5a11,0.06578947368421052
6a7,0.06578947368421052
6a11,0.06578947368421052
7a8,0.06578947368421052
7a9,0.06578947368421052
7a10,0.06578947368421052
8a9,0.06578947368421052
9a10,0.06578947368421052
11a12,0.039473684210526314
7a12,0.039473684210526314
4a9,0.02631578947368421
5a9,0.02631578947368421
