poly,proportion
2a3,0.24324324324324326
2a5,0.08108108108108109
3a4,0.08108108108108109
2a7,0.05405405405405406
3a5,0.05405405405405406
3a7,0.05405405405405406
3a8,0.05405405405405406
4a5,0.05405405405405406
4a7,0.05405405405405406
5a6,0.05405405405405406
5a7,0.05405405405405406
6a7,0.05405405405405406
4a9,0.02702702702702703
5a8,0.02702702702702703
5a9,0.02702702702702703
7a8,0.02702702702702703
