poly,proportion
8a9,0.09433962264150944
6a11,0.05660377358490566
7a8,0.05660377358490566
7a9,0.05660377358490566
7a10,0.05660377358490566
7a11,0.05660377358490566
7a12,0.05660377358490566
8a11,0.05660377358490566
9a10,0.05660377358490566
9a11,0.05660377358490566
4a7,0.05660377358490566
5a6,0.05660377358490566
5a7,0.05660377358490566
10a11,0.03773584905660377
6a7,0.03773584905660377
3a8,0.03773584905660377
4a9,0.03773584905660377
5a8,0.03773584905660377
5a9,0.03773584905660377
