poly,proportion
3a4,0.13793103448275862
2a7,0.10344827586206896
4a5,0.10344827586206896
2a5,0.10344827586206896
3a5,0.10344827586206896
2a3,0.10344827586206896
3a7,0.06896551724137931
3a8,0.06896551724137931
4a7,0.06896551724137931
5a6,0.06896551724137931
5a7,0.06896551724137931
