adj_rand,adj_mi,hg_score,complete_score,v_meas,fm_score
0.009153170945664382,0.04939123496300412,0.055958861780959046,0.05685365240872104,0.05640270850684305,0.04616554265606958
