poly,proportion
2a3,0.16176470588235295
2a5,0.11764705882352941
3a4,0.11764705882352941
3a5,0.08823529411764706
2a7,0.07352941176470588
3a7,0.058823529411764705
3a8,0.058823529411764705
4a5,0.058823529411764705
4a7,0.058823529411764705
5a8,0.04411764705882353
4a9,0.029411764705882353
5a6,0.029411764705882353
5a7,0.029411764705882353
6a7,0.029411764705882353
5a9,0.014705882352941176
5a11,0.014705882352941176
6a11,0.014705882352941176
