poly,proportion
2a3,0.14705882352941177
2a5,0.08823529411764706
3a4,0.08823529411764706
3a5,0.07352941176470588
4a5,0.07352941176470588
2a7,0.058823529411764705
3a7,0.058823529411764705
3a8,0.058823529411764705
4a7,0.04411764705882353
5a6,0.04411764705882353
5a7,0.04411764705882353
6a7,0.04411764705882353
4a9,0.029411764705882353
5a8,0.029411764705882353
5a9,0.029411764705882353
5a11,0.029411764705882353
7a8,0.029411764705882353
6a11,0.014705882352941176
7a10,0.014705882352941176
