poly,proportion
2a3,0.21428571428571427
3a4,0.14285714285714285
2a5,0.11904761904761904
3a5,0.11904761904761904
4a5,0.09523809523809523
2a7,0.07142857142857142
3a7,0.047619047619047616
3a8,0.047619047619047616
4a7,0.047619047619047616
5a6,0.047619047619047616
5a7,0.047619047619047616
