adj_rand,adj_mi,hg_score,complete_score,v_meas,fm_score
0.00831682602254071,0.0760995486690235,0.1089638567889605,0.08401530898396252,0.09487689574719106,0.0317003241046994
