poly,proportion
11a12,0.10666666666666667
9a11,0.09333333333333334
7a12,0.08
8a9,0.08
9a10,0.08
8a11,0.06666666666666667
10a11,0.06666666666666667
5a11,0.05333333333333334
6a11,0.05333333333333334
7a8,0.05333333333333334
7a9,0.05333333333333334
7a10,0.05333333333333334
7a11,0.05333333333333334
4a9,0.04
5a9,0.04
5a8,0.02666666666666667
