poly,proportion
5a9,0.11904761904761904
9a10,0.11904761904761904
7a12,0.09523809523809523
11a12,0.09523809523809523
5a11,0.07142857142857142
6a11,0.07142857142857142
9a11,0.07142857142857142
4a9,0.07142857142857142
10a11,0.047619047619047616
5a8,0.047619047619047616
7a9,0.047619047619047616
7a10,0.047619047619047616
8a9,0.047619047619047616
5a7,0.023809523809523808
6a7,0.023809523809523808
