poly,proportion
9a10,0.14634146341463414
5a9,0.12195121951219512
11a12,0.0975609756097561
5a8,0.07317073170731707
5a11,0.07317073170731707
6a11,0.07317073170731707
7a9,0.07317073170731707
7a10,0.07317073170731707
8a9,0.07317073170731707
9a11,0.07317073170731707
10a11,0.07317073170731707
4a9,0.04878048780487805
