poly,proportion
11a12,0.17142857142857143
7a9,0.08571428571428572
7a12,0.08571428571428572
8a9,0.08571428571428572
8a11,0.08571428571428572
9a10,0.08571428571428572
9a11,0.08571428571428572
10a11,0.08571428571428572
7a8,0.05714285714285714
7a10,0.05714285714285714
7a11,0.05714285714285714
5a11,0.02857142857142857
6a11,0.02857142857142857
