poly,proportion
7a11,0.075
7a10,0.06666666666666667
6a11,0.058333333333333334
8a11,0.058333333333333334
5a11,0.05
7a12,0.05
9a10,0.05
9a11,0.05
10a11,0.05
11a12,0.05
7a8,0.05
6a7,0.05
7a9,0.041666666666666664
4a7,0.041666666666666664
5a6,0.041666666666666664
5a7,0.041666666666666664
5a8,0.041666666666666664
8a9,0.03333333333333333
3a7,0.025
3a8,0.025
4a9,0.025
5a9,0.008333333333333333
2a7,0.008333333333333333
4a5,0.008333333333333333
