poly,proportion
7a12,0.14634146341463414
8a11,0.0975609756097561
3a8,0.0975609756097561
11a12,0.07317073170731707
5a8,0.07317073170731707
5a11,0.07317073170731707
6a11,0.07317073170731707
7a8,0.07317073170731707
7a11,0.07317073170731707
8a9,0.07317073170731707
5a7,0.04878048780487805
9a11,0.04878048780487805
10a11,0.04878048780487805
