poly,proportion
3a8,0.0967741935483871
4a7,0.0967741935483871
2a7,0.0967741935483871
2a5,0.0967741935483871
2a3,0.0967741935483871
4a9,0.06451612903225806
5a6,0.06451612903225806
5a7,0.06451612903225806
5a8,0.06451612903225806
5a9,0.06451612903225806
5a11,0.06451612903225806
3a7,0.06451612903225806
4a5,0.03225806451612903
3a4,0.03225806451612903
