poly,proportion
7a9,0.16666666666666666
7a10,0.16666666666666666
7a11,0.16666666666666666
11a12,0.16666666666666666
7a12,0.1111111111111111
8a11,0.1111111111111111
9a11,0.05555555555555555
10a11,0.05555555555555555
