poly,proportion
4a5,0.10204081632653061
2a5,0.10204081632653061
5a8,0.08163265306122448
6a7,0.08163265306122448
3a8,0.08163265306122448
3a5,0.08163265306122448
5a7,0.061224489795918366
7a8,0.061224489795918366
2a7,0.061224489795918366
3a7,0.061224489795918366
3a4,0.061224489795918366
4a7,0.04081632653061224
8a9,0.02040816326530612
7a10,0.02040816326530612
5a6,0.02040816326530612
4a9,0.02040816326530612
5a9,0.02040816326530612
2a3,0.02040816326530612
