poly,proportion
9a10,0.17647058823529413
7a10,0.11764705882352941
7a12,0.11764705882352941
9a11,0.09803921568627451
11a12,0.09803921568627451
5a9,0.09803921568627451
10a11,0.0784313725490196
4a9,0.0784313725490196
7a9,0.0784313725490196
8a9,0.058823529411764705
