adj_rand,adj_mi,hg_score,complete_score,v_meas,fm_score
0.008254135524404087,0.08507137729204134,0.12932707906182536,0.09583602547174357,0.1100908007893227,0.031085249719518013
