poly,proportion
5a6,0.10526315789473684
5a7,0.10526315789473684
2a3,0.10526315789473684
4a9,0.05263157894736842
5a8,0.05263157894736842
5a9,0.05263157894736842
5a11,0.05263157894736842
6a7,0.05263157894736842
2a7,0.05263157894736842
3a7,0.05263157894736842
3a8,0.05263157894736842
4a5,0.05263157894736842
4a7,0.05263157894736842
2a5,0.05263157894736842
3a4,0.05263157894736842
3a5,0.05263157894736842
