poly,proportion
4a5,0.14285714285714285
3a5,0.14285714285714285
2a3,0.14285714285714285
4a9,0.07142857142857142
5a8,0.07142857142857142
5a9,0.07142857142857142
6a7,0.07142857142857142
7a8,0.07142857142857142
5a6,0.07142857142857142
2a5,0.07142857142857142
3a4,0.07142857142857142
