poly,proportion
7a8,0.09090909090909091
7a9,0.09090909090909091
7a10,0.09090909090909091
7a11,0.06493506493506493
7a12,0.06493506493506493
8a9,0.06493506493506493
5a6,0.06493506493506493
5a7,0.06493506493506493
9a10,0.05194805194805195
6a7,0.05194805194805195
6a11,0.03896103896103896
8a11,0.03896103896103896
4a7,0.03896103896103896
5a8,0.03896103896103896
5a9,0.03896103896103896
5a11,0.03896103896103896
9a11,0.025974025974025976
10a11,0.025974025974025976
4a9,0.012987012987012988
