poly,proportion
2a7,0.17857142857142858
3a8,0.14285714285714285
3a7,0.14285714285714285
4a9,0.10714285714285714
5a9,0.10714285714285714
5a7,0.03571428571428571
5a8,0.03571428571428571
6a7,0.03571428571428571
5a11,0.03571428571428571
6a11,0.03571428571428571
4a7,0.03571428571428571
5a6,0.03571428571428571
2a5,0.03571428571428571
2a3,0.03571428571428571
