poly,proportion
2a3,0.14814814814814814
3a5,0.1111111111111111
4a5,0.1111111111111111
5a6,0.1111111111111111
2a5,0.07407407407407407
4a7,0.07407407407407407
5a7,0.07407407407407407
3a4,0.07407407407407407
2a7,0.037037037037037035
3a7,0.037037037037037035
3a8,0.037037037037037035
5a8,0.037037037037037035
6a7,0.037037037037037035
7a8,0.037037037037037035
