poly,proportion
2a3,0.48717948717948717
3a4,0.15384615384615385
2a5,0.1282051282051282
3a5,0.1282051282051282
2a7,0.10256410256410256
