poly,proportion
2a3,0.1015625
4a5,0.078125
3a4,0.078125
5a6,0.0625
3a5,0.0625
2a5,0.0625
3a8,0.0546875
4a7,0.0546875
5a7,0.0546875
6a7,0.046875
5a8,0.046875
3a7,0.046875
5a9,0.0390625
7a8,0.0390625
4a9,0.03125
2a7,0.03125
7a9,0.0234375
8a9,0.0234375
7a11,0.0078125
7a12,0.0078125
8a11,0.0078125
9a10,0.0078125
9a11,0.0078125
5a11,0.0078125
6a11,0.0078125
7a10,0.0078125
