adj_rand,adj_mi,hg_score,complete_score,v_meas,fm_score
0.008539883704395568,0.068875093998829,0.09426408386897242,0.07778398191898017,0.08523473671956631,0.03595474067449479
