poly,proportion
2a5,0.12962962962962962
3a5,0.12962962962962962
3a4,0.12962962962962962
2a7,0.07407407407407407
4a5,0.07407407407407407
5a6,0.07407407407407407
2a3,0.07407407407407407
3a7,0.05555555555555555
5a7,0.05555555555555555
4a7,0.037037037037037035
6a7,0.037037037037037035
5a8,0.018518518518518517
5a9,0.018518518518518517
5a11,0.018518518518518517
6a11,0.018518518518518517
7a8,0.018518518518518517
7a9,0.018518518518518517
7a10,0.018518518518518517
