poly,proportion
2a3,0.1509433962264151
2a5,0.11320754716981132
3a4,0.11320754716981132
5a7,0.07547169811320754
6a7,0.07547169811320754
3a5,0.07547169811320754
2a7,0.05660377358490566
5a6,0.05660377358490566
4a5,0.05660377358490566
3a7,0.03773584905660377
4a7,0.03773584905660377
4a9,0.03773584905660377
5a8,0.03773584905660377
5a9,0.03773584905660377
5a11,0.018867924528301886
3a8,0.018867924528301886
