poly,proportion
2a3,0.35714285714285715
3a4,0.14285714285714285
4a5,0.10714285714285714
2a5,0.07142857142857142
3a5,0.07142857142857142
3a7,0.07142857142857142
3a8,0.07142857142857142
4a7,0.07142857142857142
4a9,0.03571428571428571
