poly,proportion
2a7,0.23529411764705882
2a5,0.17647058823529413
3a7,0.11764705882352941
3a8,0.11764705882352941
4a9,0.058823529411764705
5a9,0.058823529411764705
5a11,0.058823529411764705
6a11,0.058823529411764705
3a4,0.058823529411764705
3a5,0.058823529411764705
