poly,proportion
2a5,0.21052631578947367
3a4,0.21052631578947367
5a6,0.10526315789473684
3a5,0.10526315789473684
4a9,0.05263157894736842
5a7,0.05263157894736842
5a8,0.05263157894736842
5a9,0.05263157894736842
6a7,0.05263157894736842
4a5,0.05263157894736842
2a3,0.05263157894736842
