poly,proportion
9a11,0.09090909090909091
10a11,0.09090909090909091
11a12,0.09090909090909091
5a6,0.09090909090909091
5a8,0.09090909090909091
4a5,0.09090909090909091
5a7,0.06818181818181818
6a7,0.06818181818181818
3a4,0.06818181818181818
9a10,0.045454545454545456
8a11,0.045454545454545456
7a10,0.045454545454545456
3a5,0.045454545454545456
7a8,0.022727272727272728
7a12,0.022727272727272728
4a7,0.022727272727272728
