poly,proportion
8a11,0.10909090909090909
9a11,0.10909090909090909
10a11,0.10909090909090909
11a12,0.10909090909090909
7a12,0.07272727272727272
6a11,0.07272727272727272
7a11,0.07272727272727272
8a9,0.07272727272727272
9a10,0.07272727272727272
5a11,0.05454545454545454
7a8,0.05454545454545454
7a10,0.05454545454545454
5a8,0.03636363636363636
