poly,proportion
2a3,0.1276595744680851
3a8,0.10638297872340426
4a7,0.0851063829787234
5a6,0.0851063829787234
4a5,0.0851063829787234
5a7,0.06382978723404255
2a7,0.06382978723404255
3a5,0.06382978723404255
3a7,0.06382978723404255
2a5,0.06382978723404255
4a9,0.0425531914893617
5a8,0.0425531914893617
5a9,0.0425531914893617
3a4,0.0425531914893617
6a7,0.02127659574468085
