poly,proportion
9a11,0.10416666666666667
11a12,0.10416666666666667
5a11,0.08333333333333333
10a11,0.08333333333333333
7a12,0.0625
5a9,0.0625
6a11,0.0625
7a9,0.0625
8a9,0.0625
9a10,0.0625
3a8,0.041666666666666664
4a9,0.041666666666666664
7a10,0.041666666666666664
4a7,0.020833333333333332
5a6,0.020833333333333332
5a7,0.020833333333333332
2a7,0.020833333333333332
5a8,0.020833333333333332
7a11,0.020833333333333332
