poly,proportion
3a5,0.1282051282051282
4a5,0.1282051282051282
2a3,0.1282051282051282
2a5,0.10256410256410256
5a6,0.10256410256410256
4a7,0.07692307692307693
3a4,0.07692307692307693
2a7,0.05128205128205128
3a7,0.05128205128205128
5a7,0.05128205128205128
3a8,0.02564102564102564
5a8,0.02564102564102564
6a7,0.02564102564102564
7a8,0.02564102564102564
