sub_type,proportion
N,0.3427340383862123
S,0.33685859772816296
T,0.32040736388562474
