sub_type,proportion
S,0.336742934051144
N,0.3335127860026918
T,0.3297442799461642
