sub_type,proportion
N,0.334708612686952
S,0.334192882929345
T,0.3310985043837029
