sub_type,proportion
N,0.3546819787985866
S,0.3409893992932862
T,0.3043286219081272
