sub_type,proportion
T,0.3486022229706972
S,0.32906702593465814
N,0.32233075109464465
