sub_type,proportion
S,0.3389121338912134
N,0.3338314405260012
T,0.3272564255827854
