sub_type,proportion
N,0.35594541910331384
S,0.33060428849902534
T,0.3134502923976608
