sub_type,proportion
T,0.3389229280877136
S,0.3327958722992583
N,0.32828119961302804
