sub_type,proportion
T,0.34434677174901485
S,0.32919066383752654
N,0.3264625644134586
