sub_type,proportion
T,0.3403041825095057
S,0.33269961977186313
N,0.3269961977186312
