sub_type,proportion
N,0.34516004627844193
S,0.32934824527574236
T,0.32549170844581565
