sub_type,proportion
T,0.3369935630443014
N,0.33169254070427867
S,0.33131389625141994
