adj_rand,adj_mi,hg_score,complete_score,v_meas,fm_score
-0.000047842750192135836,-0.00004940782320619761,0.000020041295810152743,0.000020652022367341152,0.00002034207618737198,0.34343469824963735
