sub_type,proportion
N,0.3368845120859445
S,0.3322291853178156
T,0.3308863025962399
