sub_type,proportion
N,0.33558638681370806
S,0.33309616980908335
T,0.3313174433772086
