sub_type,proportion
N,0.3354519774011299
S,0.3352165725047081
T,0.329331450094162
