sub_type,proportion
T,0.33475580844001895
N,0.3339655444918603
S,0.33127864706812077
