sub_type,proportion
S,0.3370738023305999
T,0.3323262839879154
N,0.33059991368148467
