sub_type,proportion
T,0.33569553805774277
S,0.3341207349081365
N,0.33018372703412074
