sub_type,proportion
T,0.3339185393258427
S,0.3335674157303371
N,0.3325140449438202
