sub_type,proportion
N,0.33538117844177606
S,0.33314716559620217
T,0.33147165596202177
