cluster,max_label,max_proportion
0,N,0.33333334
1,S,0.3370738
2,T,0.33569553
3,N,0.33538118
4,T,0.33391854
5,T,0.3362909
6,N,0.33834428
