adj_rand,adj_mi,hg_score,complete_score,v_meas,fm_score
-0.000010086797698460653,-0.000011078990608166125,0.0002586382664259077,0.00013340459443669076,0.00017601918811856464,0.20351576565030868
