poly,proportion
4a9,0.13793103448275862
7a8,0.10344827586206896
7a11,0.06896551724137931
8a9,0.06896551724137931
10a11,0.06896551724137931
11a12,0.06896551724137931
3a4,0.06896551724137931
2a3,0.06896551724137931
2a5,0.06896551724137931
2a7,0.06896551724137931
5a9,0.034482758620689655
9a10,0.034482758620689655
8a11,0.034482758620689655
5a6,0.034482758620689655
4a5,0.034482758620689655
4a7,0.034482758620689655
