poly,proportion
2a5,0.10810810810810811
3a7,0.08108108108108109
3a8,0.08108108108108109
2a7,0.08108108108108109
4a9,0.05405405405405406
5a6,0.05405405405405406
5a7,0.05405405405405406
5a8,0.05405405405405406
5a9,0.05405405405405406
5a11,0.05405405405405406
6a7,0.05405405405405406
6a11,0.05405405405405406
3a4,0.05405405405405406
3a5,0.05405405405405406
2a3,0.05405405405405406
7a11,0.02702702702702703
4a7,0.02702702702702703
