adj_rand,adj_mi,hg_score,complete_score,v_meas,fm_score
0.0071000049112998264,0.07910740739459138,0.1233834619594586,0.08947219481224519,0.10372652822552055,0.028087885771420518
