poly,proportion
7a12,0.23529411764705882
9a10,0.17647058823529413
7a9,0.11764705882352941
8a9,0.11764705882352941
4a9,0.11764705882352941
5a9,0.11764705882352941
6a11,0.058823529411764705
3a8,0.058823529411764705
