poly,proportion
10a11,0.18181818181818182
11a12,0.18181818181818182
7a9,0.13636363636363635
7a10,0.09090909090909091
7a11,0.09090909090909091
6a11,0.09090909090909091
7a8,0.09090909090909091
9a11,0.09090909090909091
8a11,0.045454545454545456
