poly,proportion
2a3,0.2692307692307692
3a4,0.15384615384615385
2a5,0.07692307692307693
2a7,0.038461538461538464
3a5,0.038461538461538464
3a7,0.038461538461538464
3a8,0.038461538461538464
4a5,0.038461538461538464
4a7,0.038461538461538464
4a9,0.038461538461538464
5a6,0.038461538461538464
5a7,0.038461538461538464
5a8,0.038461538461538464
5a9,0.038461538461538464
5a11,0.038461538461538464
6a7,0.038461538461538464
