poly,proportion
3a4,0.10416666666666667
2a3,0.10416666666666667
5a6,0.08333333333333333
5a7,0.08333333333333333
2a7,0.0625
3a7,0.0625
3a8,0.0625
4a7,0.0625
5a8,0.0625
6a7,0.0625
2a5,0.0625
4a9,0.041666666666666664
5a9,0.041666666666666664
3a5,0.041666666666666664
4a5,0.041666666666666664
7a8,0.020833333333333332
