adj_rand,adj_mi,hg_score,complete_score,v_meas,fm_score
0.005083996607413368,0.031560210816777415,0.03793927223466496,0.039786425556024185,0.03884090007089146,0.0457268405898138
