adj_rand,adj_mi,hg_score,complete_score,v_meas,fm_score
0.006322445470375277,0.04322814144515347,0.05571265268397432,0.05162556033718188,0.05359129487490313,0.03914729344319177
