poly,proportion
2a3,0.15625
3a4,0.09375
2a5,0.0625
2a7,0.0625
3a5,0.0625
3a7,0.0625
3a8,0.0625
4a5,0.0625
4a7,0.0625
5a6,0.0625
5a7,0.0625
5a8,0.0625
6a7,0.0625
7a8,0.0625
