poly,proportion
2a3,0.16326530612244897
2a5,0.10204081632653061
3a4,0.10204081632653061
3a5,0.10204081632653061
4a5,0.08163265306122448
2a7,0.061224489795918366
3a7,0.061224489795918366
3a8,0.061224489795918366
4a7,0.061224489795918366
5a6,0.04081632653061224
5a7,0.04081632653061224
5a8,0.04081632653061224
6a7,0.04081632653061224
4a9,0.02040816326530612
5a9,0.02040816326530612
