poly,proportion
8a11,0.125
7a8,0.10714285714285714
11a12,0.08928571428571429
8a9,0.07142857142857142
3a8,0.05357142857142857
5a8,0.05357142857142857
5a11,0.05357142857142857
6a11,0.05357142857142857
7a9,0.05357142857142857
7a11,0.05357142857142857
7a12,0.05357142857142857
9a11,0.05357142857142857
10a11,0.05357142857142857
4a7,0.03571428571428571
5a7,0.03571428571428571
7a10,0.03571428571428571
6a7,0.017857142857142856
