poly,proportion
2a3,0.15789473684210525
2a5,0.10526315789473684
3a4,0.10526315789473684
3a5,0.10526315789473684
4a5,0.10526315789473684
2a7,0.05263157894736842
3a7,0.05263157894736842
3a8,0.05263157894736842
4a7,0.05263157894736842
5a6,0.05263157894736842
5a7,0.05263157894736842
5a8,0.05263157894736842
6a7,0.05263157894736842
