poly,proportion
2a3,0.17857142857142858
2a5,0.10714285714285714
3a4,0.10714285714285714
2a7,0.07142857142857142
3a5,0.07142857142857142
3a7,0.07142857142857142
3a8,0.07142857142857142
4a5,0.07142857142857142
4a7,0.07142857142857142
4a9,0.03571428571428571
5a6,0.03571428571428571
5a7,0.03571428571428571
5a8,0.03571428571428571
5a9,0.03571428571428571
