poly,proportion
4a9,0.11764705882352941
5a9,0.11764705882352941
8a9,0.11764705882352941
2a7,0.11764705882352941
3a4,0.11764705882352941
7a9,0.058823529411764705
7a11,0.058823529411764705
7a12,0.058823529411764705
3a7,0.058823529411764705
3a8,0.058823529411764705
4a7,0.058823529411764705
2a3,0.058823529411764705
