poly,proportion
8a11,0.2
11a12,0.13333333333333333
9a10,0.06666666666666667
7a11,0.06666666666666667
9a11,0.06666666666666667
3a8,0.06666666666666667
7a8,0.06666666666666667
7a9,0.06666666666666667
7a10,0.06666666666666667
8a9,0.06666666666666667
5a6,0.06666666666666667
6a11,0.06666666666666667
