poly,proportion
5a7,0.15625
3a4,0.125
4a9,0.0625
7a9,0.0625
8a9,0.0625
8a11,0.0625
9a11,0.0625
2a7,0.0625
3a7,0.0625
3a8,0.0625
4a7,0.0625
6a7,0.0625
3a5,0.0625
2a5,0.03125
