poly,proportion
2a3,0.3333333333333333
2a5,0.3333333333333333
2a7,0.3333333333333333
