adj_rand,adj_mi,hg_score,complete_score,v_meas,fm_score
0.0002234494495127406,0.02577769931664957,0.0436677843475236,0.05549667345578337,0.04887672099773773,0.05994829447539034
