poly,proportion
4a9,0.3333333333333333
5a9,0.16666666666666666
7a9,0.16666666666666666
8a11,0.16666666666666666
9a11,0.16666666666666666
