poly,proportion
5a9,0.3333333333333333
9a10,0.3333333333333333
4a9,0.2222222222222222
9a11,0.1111111111111111
