adj_rand,adj_mi,hg_score,complete_score,v_meas,fm_score
-0.00007763771471335458,0.008475325688144145,0.015018236252050204,0.022147683748799978,0.017899147765886716,0.06521914498220298
