poly,proportion
11a12,0.18181818181818182
7a8,0.18181818181818182
8a9,0.18181818181818182
7a12,0.09090909090909091
8a11,0.09090909090909091
3a8,0.09090909090909091
5a7,0.09090909090909091
5a8,0.09090909090909091
