poly,proportion
8a11,0.3333333333333333
9a11,0.3333333333333333
10a11,0.3333333333333333
