adj_rand,adj_mi,hg_score,complete_score,v_meas,fm_score
-0.00004206998047444014,0.017233111926345693,0.03081982377569504,0.04064302405565961,0.035056281050058424,0.06047981078228891
