poly,proportion
9a10,0.1875
4a9,0.09375
5a9,0.09375
7a9,0.09375
7a10,0.09375
7a12,0.09375
8a9,0.09375
10a11,0.09375
11a12,0.09375
9a11,0.0625
