poly,proportion
4a9,0.3333333333333333
8a9,0.3333333333333333
5a9,0.16666666666666666
9a10,0.16666666666666666
