poly,proportion
5a11,0.13636363636363635
6a11,0.13636363636363635
7a11,0.13636363636363635
8a11,0.13636363636363635
9a11,0.13636363636363635
10a11,0.13636363636363635
11a12,0.13636363636363635
8a9,0.045454545454545456
