poly,proportion
8a11,0.11764705882352941
9a10,0.11764705882352941
9a11,0.11764705882352941
5a11,0.058823529411764705
7a8,0.058823529411764705
7a10,0.058823529411764705
8a9,0.058823529411764705
10a11,0.058823529411764705
7a12,0.058823529411764705
2a7,0.058823529411764705
3a7,0.058823529411764705
3a8,0.058823529411764705
4a7,0.058823529411764705
3a5,0.058823529411764705
