poly,proportion
8a11,0.11363636363636363
7a8,0.11363636363636363
11a12,0.09090909090909091
5a8,0.06818181818181818
5a11,0.06818181818181818
6a11,0.06818181818181818
7a11,0.06818181818181818
7a12,0.06818181818181818
7a9,0.045454545454545456
10a11,0.045454545454545456
3a8,0.045454545454545456
4a7,0.045454545454545456
5a7,0.045454545454545456
7a10,0.045454545454545456
8a9,0.022727272727272728
9a11,0.022727272727272728
6a7,0.022727272727272728
