poly,proportion
9a10,0.16216216216216217
7a12,0.10810810810810811
7a10,0.08108108108108109
8a9,0.08108108108108109
9a11,0.08108108108108109
11a12,0.08108108108108109
5a11,0.05405405405405406
6a11,0.05405405405405406
7a11,0.05405405405405406
10a11,0.05405405405405406
4a9,0.05405405405405406
5a9,0.05405405405405406
7a9,0.05405405405405406
8a11,0.02702702702702703
