poly,proportion
2a5,0.13513513513513514
3a5,0.13513513513513514
3a4,0.10810810810810811
4a5,0.08108108108108109
2a3,0.08108108108108109
2a7,0.05405405405405406
3a7,0.05405405405405406
3a8,0.05405405405405406
4a7,0.05405405405405406
4a9,0.05405405405405406
5a6,0.05405405405405406
5a7,0.02702702702702703
5a8,0.02702702702702703
5a9,0.02702702702702703
7a8,0.02702702702702703
7a11,0.02702702702702703
