adj_rand,adj_mi,hg_score,complete_score,v_meas,fm_score
0.005390243205008894,0.06760932382685854,0.1054118763026506,0.08341198052541249,0.09313032284167516,0.03241262540748065
