poly,proportion
2a3,0.19047619047619047
2a5,0.14285714285714285
3a4,0.09523809523809523
3a5,0.09523809523809523
4a5,0.09523809523809523
2a7,0.047619047619047616
3a7,0.047619047619047616
3a8,0.047619047619047616
4a7,0.047619047619047616
5a6,0.047619047619047616
5a7,0.047619047619047616
5a8,0.047619047619047616
6a7,0.047619047619047616
