poly,proportion
2a3,0.29411764705882354
2a5,0.11764705882352941
3a4,0.11764705882352941
3a5,0.11764705882352941
4a5,0.11764705882352941
2a7,0.058823529411764705
3a7,0.058823529411764705
3a8,0.058823529411764705
4a7,0.058823529411764705
