adj_rand,adj_mi,hg_score,complete_score,v_meas,fm_score
0.004377717622451598,0.04909250696606625,0.06547559158763393,0.06131863880288672,0.06332897228212699,0.04006049452196792
