poly,proportion
2a3,0.2857142857142857
2a5,0.07142857142857142
2a7,0.07142857142857142
3a4,0.07142857142857142
3a5,0.07142857142857142
3a7,0.07142857142857142
4a5,0.07142857142857142
4a7,0.07142857142857142
5a6,0.07142857142857142
6a7,0.07142857142857142
3a8,0.03571428571428571
5a7,0.03571428571428571
