poly,proportion
5a7,0.3333333333333333
8a11,0.3333333333333333
3a8,0.3333333333333333
