poly,proportion
7a11,0.07692307692307693
8a9,0.07692307692307693
8a11,0.07692307692307693
9a11,0.07692307692307693
4a5,0.07692307692307693
4a7,0.07692307692307693
4a9,0.07692307692307693
2a3,0.07692307692307693
2a5,0.07692307692307693
2a7,0.07692307692307693
3a4,0.07692307692307693
3a5,0.07692307692307693
3a7,0.07692307692307693
