poly,proportion
8a11,0.12727272727272726
7a8,0.10909090909090909
11a12,0.09090909090909091
8a9,0.07272727272727272
5a8,0.05454545454545454
5a11,0.05454545454545454
6a11,0.05454545454545454
7a9,0.05454545454545454
7a11,0.05454545454545454
7a12,0.05454545454545454
9a11,0.05454545454545454
10a11,0.05454545454545454
3a8,0.03636363636363636
4a7,0.03636363636363636
5a7,0.03636363636363636
7a10,0.03636363636363636
6a7,0.01818181818181818
