adj_rand,adj_mi,hg_score,complete_score,v_meas,fm_score
0.005011355565662348,0.059869935148180294,0.08717138566657547,0.07365040704642574,0.07984251299326824,0.035497361424449834
