poly,proportion
5a9,0.1702127659574468
9a10,0.14893617021276595
5a8,0.1276595744680851
5a11,0.10638297872340426
4a9,0.06382978723404255
5a6,0.06382978723404255
7a9,0.06382978723404255
6a11,0.0425531914893617
9a11,0.0425531914893617
5a7,0.0425531914893617
6a7,0.0425531914893617
7a10,0.0425531914893617
8a9,0.0425531914893617
