poly,proportion
9a10,0.14285714285714285
7a11,0.14285714285714285
8a11,0.14285714285714285
9a11,0.14285714285714285
5a6,0.14285714285714285
6a11,0.14285714285714285
11a12,0.14285714285714285
