poly,proportion
4a9,0.1111111111111111
5a9,0.1111111111111111
7a9,0.1111111111111111
7a12,0.1111111111111111
7a10,0.07407407407407407
9a10,0.07407407407407407
9a11,0.07407407407407407
10a11,0.07407407407407407
11a12,0.07407407407407407
5a11,0.037037037037037035
6a11,0.037037037037037035
7a11,0.037037037037037035
8a9,0.037037037037037035
8a11,0.037037037037037035
