poly,proportion
2a3,0.2222222222222222
2a5,0.2222222222222222
3a4,0.2222222222222222
3a5,0.2222222222222222
4a5,0.1111111111111111
