poly,proportion
4a9,0.0625
3a4,0.0625
2a3,0.05625
4a5,0.05625
5a6,0.05
5a9,0.04375
7a9,0.04375
8a9,0.04375
2a5,0.04375
2a7,0.04375
3a5,0.04375
4a7,0.04375
3a7,0.0375
7a8,0.03125
9a10,0.03125
5a7,0.03125
5a8,0.03125
6a7,0.03125
7a11,0.025
7a12,0.025
9a11,0.025
10a11,0.025
11a12,0.025
3a8,0.025
5a11,0.025
6a11,0.01875
8a11,0.0125
7a10,0.00625
