adj_rand,adj_mi,hg_score,complete_score,v_meas,fm_score
0.0015236687245180156,0.02151884086443921,0.027508659286969404,0.031658743259833845,0.029438154940112767,0.04985589109736401
