poly,proportion
11a12,0.14754098360655737
8a11,0.09836065573770492
9a10,0.09836065573770492
10a11,0.09836065573770492
7a12,0.09836065573770492
7a8,0.08196721311475409
7a11,0.08196721311475409
6a11,0.04918032786885246
4a7,0.04918032786885246
5a11,0.04918032786885246
7a9,0.04918032786885246
9a11,0.03278688524590164
4a9,0.01639344262295082
5a9,0.01639344262295082
7a10,0.01639344262295082
8a9,0.01639344262295082
