adj_rand,adj_mi,hg_score,complete_score,v_meas,fm_score
0.002537338638856362,0.03183677646414268,0.04187929988957128,0.0443096566903698,0.043060212680932165,0.04619336899529128
