poly,proportion
2a5,0.13636363636363635
2a7,0.09090909090909091
3a4,0.09090909090909091
3a5,0.09090909090909091
3a7,0.09090909090909091
3a8,0.09090909090909091
4a5,0.09090909090909091
5a6,0.09090909090909091
4a7,0.045454545454545456
4a9,0.045454545454545456
5a7,0.045454545454545456
5a9,0.045454545454545456
2a3,0.045454545454545456
