adj_rand,adj_mi,hg_score,complete_score,v_meas,fm_score
0.003355307363924114,0.040385185536803675,0.055345176090044614,0.053904605412640985,0.05461539304870188,0.042645590835546004
