poly,proportion
2a5,0.109375
2a3,0.09375
3a5,0.09375
4a5,0.078125
3a4,0.078125
5a6,0.046875
2a7,0.03125
3a7,0.03125
3a8,0.03125
5a7,0.03125
5a8,0.03125
5a11,0.03125
6a7,0.03125
6a11,0.03125
7a8,0.03125
7a10,0.03125
10a11,0.03125
11a12,0.03125
4a7,0.015625
4a9,0.015625
5a9,0.015625
7a9,0.015625
7a12,0.015625
8a11,0.015625
9a10,0.015625
9a11,0.015625
