poly,proportion
3a4,0.15625
7a11,0.09375
5a11,0.09375
6a11,0.09375
4a9,0.0625
8a11,0.0625
9a10,0.0625
9a11,0.0625
10a11,0.0625
7a9,0.03125
11a12,0.03125
3a7,0.03125
3a8,0.03125
4a5,0.03125
4a7,0.03125
5a9,0.03125
6a7,0.03125
