poly,proportion
2a3,0.23529411764705882
2a5,0.23529411764705882
3a4,0.23529411764705882
3a5,0.17647058823529413
4a5,0.11764705882352941
