poly,proportion
4a9,0.09523809523809523
5a9,0.09523809523809523
2a7,0.09523809523809523
3a4,0.09523809523809523
4a7,0.09523809523809523
7a9,0.047619047619047616
7a11,0.047619047619047616
7a12,0.047619047619047616
8a9,0.047619047619047616
3a7,0.047619047619047616
3a8,0.047619047619047616
5a6,0.047619047619047616
5a7,0.047619047619047616
5a8,0.047619047619047616
6a7,0.047619047619047616
7a8,0.047619047619047616
