poly,proportion
8a11,0.10869565217391304
11a12,0.10869565217391304
7a8,0.10869565217391304
3a8,0.06521739130434782
5a8,0.06521739130434782
5a11,0.06521739130434782
6a11,0.06521739130434782
7a11,0.06521739130434782
7a12,0.06521739130434782
7a9,0.043478260869565216
10a11,0.043478260869565216
4a7,0.043478260869565216
5a7,0.043478260869565216
7a10,0.043478260869565216
8a9,0.021739130434782608
9a11,0.021739130434782608
6a7,0.021739130434782608
