poly,proportion
2a7,0.07692307692307693
3a7,0.07692307692307693
3a8,0.07692307692307693
4a7,0.07692307692307693
4a9,0.07692307692307693
5a7,0.07692307692307693
5a8,0.07692307692307693
5a9,0.07692307692307693
5a11,0.07692307692307693
6a11,0.038461538461538464
7a9,0.038461538461538464
7a10,0.038461538461538464
7a11,0.038461538461538464
7a12,0.038461538461538464
8a11,0.038461538461538464
2a5,0.038461538461538464
3a5,0.038461538461538464
