poly,proportion
4a9,0.11538461538461539
5a9,0.11538461538461539
7a8,0.07692307692307693
7a9,0.07692307692307693
9a11,0.07692307692307693
3a4,0.07692307692307693
5a6,0.07692307692307693
7a11,0.038461538461538464
8a9,0.038461538461538464
9a10,0.038461538461538464
10a11,0.038461538461538464
11a12,0.038461538461538464
2a7,0.038461538461538464
4a7,0.038461538461538464
5a8,0.038461538461538464
5a11,0.038461538461538464
2a3,0.038461538461538464
