poly,proportion
7a11,0.07142857142857142
8a9,0.07142857142857142
8a11,0.07142857142857142
9a10,0.07142857142857142
9a11,0.07142857142857142
4a5,0.07142857142857142
4a7,0.07142857142857142
4a9,0.07142857142857142
2a3,0.07142857142857142
2a5,0.07142857142857142
2a7,0.07142857142857142
3a4,0.07142857142857142
3a5,0.07142857142857142
3a7,0.07142857142857142
