poly,proportion
2a3,0.2727272727272727
2a5,0.15151515151515152
3a4,0.15151515151515152
3a5,0.15151515151515152
2a7,0.09090909090909091
3a7,0.06060606060606061
4a5,0.06060606060606061
4a7,0.030303030303030304
3a8,0.030303030303030304
