poly,proportion
2a7,0.09523809523809523
3a7,0.09523809523809523
3a8,0.09523809523809523
4a7,0.09523809523809523
5a7,0.09523809523809523
6a7,0.09523809523809523
2a3,0.09523809523809523
4a9,0.047619047619047616
5a8,0.047619047619047616
5a9,0.047619047619047616
7a8,0.047619047619047616
5a6,0.047619047619047616
2a5,0.047619047619047616
3a4,0.047619047619047616
