poly,proportion
7a10,0.16666666666666666
8a9,0.16666666666666666
8a11,0.16666666666666666
9a10,0.16666666666666666
10a11,0.16666666666666666
5a8,0.08333333333333333
7a8,0.08333333333333333
