poly,proportion
3a4,0.19230769230769232
3a5,0.19230769230769232
2a5,0.15384615384615385
2a7,0.11538461538461539
4a5,0.11538461538461539
3a7,0.07692307692307693
2a3,0.07692307692307693
3a8,0.038461538461538464
4a7,0.038461538461538464
