poly,proportion
11a12,0.13636363636363635
10a11,0.10606060606060606
7a12,0.09090909090909091
8a11,0.09090909090909091
9a10,0.07575757575757576
7a10,0.06060606060606061
8a9,0.06060606060606061
9a11,0.06060606060606061
3a8,0.045454545454545456
5a8,0.045454545454545456
5a11,0.045454545454545456
6a11,0.045454545454545456
7a8,0.045454545454545456
7a11,0.045454545454545456
4a9,0.015151515151515152
5a9,0.015151515151515152
7a9,0.015151515151515152
