poly,proportion
10a11,0.06818181818181818
11a12,0.06818181818181818
7a10,0.0625
7a11,0.0625
7a12,0.0625
8a11,0.0625
9a10,0.0625
9a11,0.0625
6a11,0.056818181818181816
7a8,0.056818181818181816
7a9,0.056818181818181816
8a9,0.056818181818181816
5a11,0.03977272727272727
6a7,0.03977272727272727
4a9,0.028409090909090908
5a7,0.028409090909090908
5a8,0.028409090909090908
5a9,0.028409090909090908
4a7,0.022727272727272728
5a6,0.022727272727272728
3a7,0.011363636363636364
4a5,0.011363636363636364
