poly,proportion
2a3,0.1864406779661017
2a5,0.1016949152542373
3a4,0.1016949152542373
3a5,0.1016949152542373
2a7,0.0847457627118644
3a8,0.06779661016949153
3a7,0.05084745762711865
4a5,0.05084745762711865
4a7,0.03389830508474576
5a6,0.03389830508474576
5a7,0.03389830508474576
6a7,0.03389830508474576
4a9,0.01694915254237288
5a8,0.01694915254237288
5a9,0.01694915254237288
5a11,0.01694915254237288
6a11,0.01694915254237288
7a8,0.01694915254237288
7a10,0.01694915254237288
