adj_rand,adj_mi,hg_score,complete_score,v_meas,fm_score
0.009958795829730369,0.0499738240393324,0.062196733651264005,0.05885321794556221,0.06047880024391347,0.04464335473069085
