poly,proportion
2a3,0.3090909090909091
2a5,0.11515151515151516
3a4,0.11515151515151516
3a5,0.09696969696969697
2a7,0.07272727272727272
4a5,0.06666666666666667
3a7,0.048484848484848485
4a7,0.03636363636363636
3a8,0.030303030303030304
5a6,0.024242424242424242
5a7,0.024242424242424242
6a7,0.024242424242424242
4a9,0.012121212121212121
5a8,0.012121212121212121
5a9,0.012121212121212121
