adj_rand,adj_mi,hg_score,complete_score,v_meas,fm_score
0.008381616159748476,0.053984607980282845,0.07194977823232436,0.06408322898048355,0.06778904926131683,0.040374550068640845
