poly,proportion
11a12,0.14925373134328357
10a11,0.1044776119402985
7a10,0.08955223880597014
8a9,0.08955223880597014
8a11,0.08955223880597014
9a10,0.08955223880597014
9a11,0.08955223880597014
7a9,0.07462686567164178
7a8,0.05970149253731343
6a11,0.04477611940298507
7a11,0.04477611940298507
7a12,0.04477611940298507
5a11,0.029850746268656716
