poly,proportion
5a8,0.14285714285714285
3a8,0.07142857142857142
4a7,0.07142857142857142
4a9,0.07142857142857142
5a7,0.07142857142857142
5a9,0.07142857142857142
5a11,0.07142857142857142
7a8,0.07142857142857142
7a10,0.07142857142857142
8a9,0.07142857142857142
8a11,0.07142857142857142
9a10,0.07142857142857142
10a11,0.07142857142857142
