poly,proportion
11a12,0.17647058823529413
8a9,0.11764705882352941
8a11,0.11764705882352941
9a10,0.11764705882352941
9a11,0.11764705882352941
10a11,0.11764705882352941
7a10,0.09803921568627451
7a9,0.0784313725490196
7a8,0.058823529411764705
