adj_rand,adj_mi,hg_score,complete_score,v_meas,fm_score
0.0077977915701386005,0.06241521317244087,0.09127204940084581,0.07511087419759593,0.08240657480991512,0.03621159854588531
