poly,proportion
2a5,0.1388888888888889
3a4,0.1388888888888889
2a3,0.1388888888888889
3a5,0.1111111111111111
4a5,0.08333333333333333
2a7,0.05555555555555555
3a7,0.05555555555555555
3a8,0.05555555555555555
4a7,0.05555555555555555
5a6,0.05555555555555555
5a7,0.05555555555555555
6a7,0.05555555555555555
