poly,proportion
10a11,0.17142857142857143
11a12,0.17142857142857143
6a11,0.08571428571428572
7a10,0.08571428571428572
7a11,0.08571428571428572
7a12,0.08571428571428572
8a11,0.08571428571428572
9a10,0.08571428571428572
9a11,0.08571428571428572
5a11,0.05714285714285714
