poly,proportion
9a10,0.08695652173913043
9a11,0.08695652173913043
10a11,0.08695652173913043
4a5,0.08695652173913043
7a10,0.043478260869565216
8a11,0.043478260869565216
11a12,0.043478260869565216
3a7,0.043478260869565216
3a8,0.043478260869565216
4a7,0.043478260869565216
4a9,0.043478260869565216
5a6,0.043478260869565216
5a7,0.043478260869565216
5a8,0.043478260869565216
5a9,0.043478260869565216
6a7,0.043478260869565216
2a5,0.043478260869565216
3a4,0.043478260869565216
3a5,0.043478260869565216
