poly,proportion
2a5,0.10256410256410256
3a5,0.10256410256410256
3a7,0.10256410256410256
4a5,0.10256410256410256
4a7,0.10256410256410256
5a6,0.10256410256410256
2a3,0.10256410256410256
2a7,0.07692307692307693
3a4,0.07692307692307693
3a8,0.07692307692307693
5a7,0.05128205128205128
