poly,proportion
7a12,0.1320754716981132
7a8,0.11320754716981132
7a10,0.07547169811320754
11a12,0.05660377358490566
4a7,0.05660377358490566
5a7,0.05660377358490566
5a8,0.05660377358490566
6a7,0.05660377358490566
7a9,0.05660377358490566
7a11,0.05660377358490566
8a9,0.05660377358490566
8a11,0.05660377358490566
9a10,0.03773584905660377
10a11,0.03773584905660377
3a7,0.03773584905660377
3a8,0.03773584905660377
2a7,0.018867924528301886
