poly,proportion
11a12,0.11392405063291139
9a11,0.11392405063291139
10a11,0.10126582278481013
9a10,0.08860759493670886
5a11,0.0759493670886076
5a9,0.0759493670886076
6a11,0.06329113924050633
7a11,0.05063291139240506
8a11,0.05063291139240506
7a9,0.0379746835443038
7a10,0.0379746835443038
7a12,0.0379746835443038
8a9,0.0379746835443038
4a9,0.02531645569620253
5a7,0.02531645569620253
5a8,0.02531645569620253
5a6,0.02531645569620253
6a7,0.012658227848101266
