poly,proportion
2a7,0.11538461538461539
3a7,0.07692307692307693
3a8,0.07692307692307693
4a7,0.07692307692307693
5a7,0.07692307692307693
2a5,0.07692307692307693
3a5,0.07692307692307693
5a11,0.038461538461538464
6a11,0.038461538461538464
7a11,0.038461538461538464
7a12,0.038461538461538464
8a11,0.038461538461538464
4a9,0.038461538461538464
5a8,0.038461538461538464
5a9,0.038461538461538464
6a7,0.038461538461538464
4a5,0.038461538461538464
3a4,0.038461538461538464
