poly,proportion
7a8,0.12
8a9,0.09333333333333334
6a7,0.09333333333333334
11a12,0.06666666666666667
9a10,0.05333333333333334
7a9,0.05333333333333334
7a10,0.05333333333333334
5a6,0.05333333333333334
5a7,0.05333333333333334
5a8,0.05333333333333334
9a11,0.04
7a12,0.04
3a5,0.04
4a7,0.04
5a11,0.04
3a4,0.02666666666666667
3a7,0.02666666666666667
10a11,0.013333333333333334
5a9,0.013333333333333334
6a11,0.013333333333333334
8a11,0.013333333333333334
