poly,proportion
2a5,0.11764705882352941
3a4,0.08823529411764706
4a9,0.058823529411764705
5a8,0.058823529411764705
5a9,0.058823529411764705
5a11,0.058823529411764705
6a7,0.058823529411764705
6a11,0.058823529411764705
7a8,0.058823529411764705
7a9,0.058823529411764705
7a10,0.058823529411764705
8a9,0.058823529411764705
2a7,0.058823529411764705
3a5,0.058823529411764705
2a3,0.058823529411764705
7a11,0.029411764705882353
