poly,proportion
7a12,0.07142857142857142
11a12,0.07142857142857142
2a7,0.07142857142857142
3a7,0.07142857142857142
3a8,0.07142857142857142
4a7,0.07142857142857142
5a6,0.07142857142857142
5a7,0.07142857142857142
5a8,0.07142857142857142
6a7,0.07142857142857142
2a5,0.07142857142857142
3a4,0.07142857142857142
3a5,0.07142857142857142
4a5,0.07142857142857142
