poly,proportion
3a8,0.09090909090909091
7a8,0.09090909090909091
2a5,0.09090909090909091
4a9,0.045454545454545456
5a8,0.045454545454545456
5a9,0.045454545454545456
6a11,0.045454545454545456
7a9,0.045454545454545456
7a10,0.045454545454545456
7a11,0.045454545454545456
7a12,0.045454545454545456
8a9,0.045454545454545456
8a11,0.045454545454545456
3a4,0.045454545454545456
3a7,0.045454545454545456
4a5,0.045454545454545456
4a7,0.045454545454545456
2a3,0.045454545454545456
2a7,0.045454545454545456
