adj_rand,adj_mi,hg_score,complete_score,v_meas,fm_score
0.008996364175357777,0.04666356520524214,0.05317831184354284,0.05425004072731013,0.053708830383842714,0.04667727485173159
