poly,proportion
4a5,0.11842105263157894
2a7,0.10526315789473684
2a3,0.10526315789473684
2a5,0.09210526315789473
3a7,0.07894736842105263
3a8,0.06578947368421052
4a7,0.06578947368421052
5a6,0.06578947368421052
3a5,0.06578947368421052
3a4,0.05263157894736842
4a9,0.039473684210526314
5a8,0.039473684210526314
5a7,0.039473684210526314
6a7,0.039473684210526314
5a9,0.013157894736842105
5a11,0.013157894736842105
