poly,proportion
2a3,0.27692307692307694
2a5,0.1076923076923077
3a4,0.1076923076923077
3a5,0.09230769230769231
4a5,0.07692307692307693
2a7,0.06153846153846154
3a7,0.046153846153846156
3a8,0.046153846153846156
4a7,0.046153846153846156
5a6,0.03076923076923077
5a7,0.03076923076923077
6a7,0.03076923076923077
4a9,0.015384615384615385
5a8,0.015384615384615385
5a9,0.015384615384615385
