poly,proportion
2a3,0.3939393939393939
2a5,0.13636363636363635
3a4,0.13636363636363635
3a5,0.10606060606060606
4a5,0.06060606060606061
2a7,0.030303030303030304
3a7,0.030303030303030304
3a8,0.030303030303030304
4a7,0.030303030303030304
4a9,0.015151515151515152
5a7,0.015151515151515152
5a6,0.015151515151515152
