poly,proportion
9a11,0.10526315789473684
11a12,0.08771929824561403
10a11,0.08771929824561403
5a11,0.08771929824561403
6a11,0.07894736842105263
9a10,0.07894736842105263
5a9,0.07017543859649122
7a11,0.05263157894736842
8a11,0.05263157894736842
8a9,0.043859649122807015
7a9,0.043859649122807015
7a12,0.043859649122807015
4a9,0.043859649122807015
7a10,0.03508771929824561
6a7,0.02631578947368421
5a6,0.02631578947368421
5a7,0.017543859649122806
5a8,0.017543859649122806
