adj_rand,adj_mi,hg_score,complete_score,v_meas,fm_score
0.009871868909096047,0.0634646444437569,0.08358286172181205,0.070370396879025,0.07640967401539107,0.03682889819903718
