poly,proportion
2a3,0.40350877192982454
2a5,0.15789473684210525
3a4,0.14035087719298245
3a5,0.08771929824561403
4a5,0.05263157894736842
2a7,0.03508771929824561
3a7,0.03508771929824561
3a8,0.03508771929824561
4a7,0.03508771929824561
4a9,0.017543859649122806
