poly,proportion
3a4,0.13333333333333333
3a5,0.10833333333333334
2a5,0.10833333333333334
2a3,0.1
4a5,0.08333333333333333
2a7,0.058333333333333334
5a6,0.058333333333333334
3a7,0.05
4a7,0.05
5a7,0.03333333333333333
5a8,0.03333333333333333
6a7,0.03333333333333333
7a8,0.03333333333333333
3a8,0.025
5a9,0.016666666666666666
5a11,0.016666666666666666
7a9,0.016666666666666666
6a11,0.008333333333333333
7a10,0.008333333333333333
7a11,0.008333333333333333
8a9,0.008333333333333333
4a9,0.008333333333333333
