poly,proportion
2a5,0.21739130434782608
3a5,0.15217391304347827
3a4,0.15217391304347827
4a5,0.10869565217391304
2a7,0.08695652173913043
2a3,0.08695652173913043
3a7,0.06521739130434782
4a7,0.043478260869565216
5a6,0.043478260869565216
3a8,0.021739130434782608
5a7,0.021739130434782608
