poly,proportion
11a12,0.13725490196078433
9a11,0.09803921568627451
10a11,0.09803921568627451
7a10,0.0784313725490196
7a11,0.0784313725490196
7a12,0.0784313725490196
8a11,0.0784313725490196
9a10,0.0784313725490196
5a11,0.058823529411764705
6a11,0.058823529411764705
5a9,0.0392156862745098
5a7,0.0196078431372549
5a8,0.0196078431372549
6a7,0.0196078431372549
7a8,0.0196078431372549
7a9,0.0196078431372549
8a9,0.0196078431372549
