poly,proportion
2a3,0.4
2a5,0.15
3a4,0.13333333333333333
3a5,0.1
4a5,0.05
2a7,0.03333333333333333
3a7,0.03333333333333333
3a8,0.03333333333333333
4a7,0.03333333333333333
4a9,0.016666666666666666
5a6,0.016666666666666666
