poly,proportion
11a12,0.10638297872340426
7a10,0.0851063829787234
7a11,0.0851063829787234
7a12,0.0851063829787234
8a11,0.0851063829787234
9a11,0.0851063829787234
10a11,0.0851063829787234
5a11,0.06382978723404255
6a11,0.06382978723404255
8a9,0.06382978723404255
9a10,0.06382978723404255
7a9,0.0425531914893617
4a9,0.0425531914893617
5a9,0.0425531914893617
