poly,proportion
9a11,0.10619469026548672
11a12,0.08849557522123894
5a11,0.08849557522123894
6a11,0.07964601769911504
9a10,0.07964601769911504
10a11,0.07964601769911504
5a9,0.07079646017699115
7a11,0.05309734513274336
8a11,0.05309734513274336
8a9,0.04424778761061947
7a9,0.04424778761061947
7a12,0.04424778761061947
4a9,0.04424778761061947
7a10,0.035398230088495575
6a7,0.02654867256637168
5a6,0.02654867256637168
5a7,0.017699115044247787
5a8,0.017699115044247787
