poly,proportion
2a3,0.32727272727272727
3a4,0.12727272727272726
2a5,0.10909090909090909
2a7,0.07272727272727272
3a5,0.07272727272727272
3a7,0.07272727272727272
4a5,0.07272727272727272
5a6,0.07272727272727272
4a7,0.03636363636363636
3a8,0.01818181818181818
5a7,0.01818181818181818
