poly,proportion
2a7,0.21875
3a7,0.125
4a7,0.125
2a5,0.125
3a8,0.09375
2a3,0.09375
5a7,0.0625
4a9,0.03125
5a8,0.03125
5a9,0.03125
3a5,0.03125
4a5,0.03125
