poly,proportion
3a5,0.19047619047619047
4a5,0.19047619047619047
2a7,0.09523809523809523
5a6,0.09523809523809523
2a5,0.09523809523809523
3a4,0.09523809523809523
2a3,0.09523809523809523
3a7,0.047619047619047616
3a8,0.047619047619047616
4a7,0.047619047619047616
