poly,proportion
9a11,0.125
10a11,0.125
11a12,0.125
5a11,0.09375
6a11,0.09375
7a10,0.09375
7a11,0.09375
7a12,0.09375
8a11,0.09375
9a10,0.0625
