poly,proportion
2a3,0.4117647058823529
2a5,0.1568627450980392
3a4,0.1568627450980392
3a5,0.058823529411764705
4a5,0.058823529411764705
2a7,0.0392156862745098
3a7,0.0392156862745098
3a8,0.0392156862745098
4a7,0.0392156862745098
