poly,proportion
7a12,0.12962962962962962
7a8,0.1111111111111111
7a10,0.07407407407407407
11a12,0.05555555555555555
3a8,0.05555555555555555
4a7,0.05555555555555555
5a7,0.05555555555555555
5a8,0.05555555555555555
6a7,0.05555555555555555
7a9,0.05555555555555555
7a11,0.05555555555555555
8a9,0.05555555555555555
8a11,0.05555555555555555
9a10,0.037037037037037035
2a7,0.037037037037037035
3a7,0.037037037037037035
10a11,0.018518518518518517
