poly,proportion
2a5,0.21739130434782608
3a4,0.21739130434782608
3a5,0.17391304347826086
2a3,0.17391304347826086
4a5,0.08695652173913043
3a8,0.043478260869565216
2a7,0.043478260869565216
3a7,0.043478260869565216
