poly,proportion
3a8,0.1111111111111111
2a7,0.1111111111111111
4a9,0.08888888888888889
2a5,0.08888888888888889
3a7,0.06666666666666667
2a3,0.06666666666666667
5a9,0.044444444444444446
4a7,0.044444444444444446
5a6,0.044444444444444446
5a7,0.044444444444444446
5a8,0.044444444444444446
6a7,0.044444444444444446
3a5,0.044444444444444446
3a4,0.044444444444444446
5a11,0.022222222222222223
7a8,0.022222222222222223
7a9,0.022222222222222223
7a10,0.022222222222222223
4a5,0.022222222222222223
