poly,proportion
2a5,0.12371134020618557
3a4,0.12371134020618557
3a5,0.1134020618556701
2a3,0.1134020618556701
4a5,0.08247422680412371
5a6,0.07216494845360824
2a7,0.061855670103092786
3a7,0.05154639175257732
4a7,0.05154639175257732
5a7,0.041237113402061855
5a8,0.030927835051546393
6a7,0.030927835051546393
3a8,0.030927835051546393
4a9,0.020618556701030927
5a9,0.020618556701030927
5a11,0.010309278350515464
7a9,0.010309278350515464
7a8,0.010309278350515464
