poly,proportion
11a12,0.13636363636363635
9a11,0.11363636363636363
9a10,0.09090909090909091
10a11,0.09090909090909091
7a12,0.06818181818181818
8a9,0.06818181818181818
8a11,0.06818181818181818
4a9,0.045454545454545456
5a9,0.045454545454545456
6a11,0.045454545454545456
7a9,0.045454545454545456
7a10,0.045454545454545456
7a11,0.045454545454545456
3a8,0.022727272727272728
5a8,0.022727272727272728
5a11,0.022727272727272728
7a8,0.022727272727272728
