poly,proportion
2a3,0.1590909090909091
3a4,0.11363636363636363
3a5,0.11363636363636363
3a7,0.09090909090909091
4a5,0.09090909090909091
4a7,0.09090909090909091
5a6,0.09090909090909091
2a5,0.06818181818181818
2a7,0.06818181818181818
3a8,0.06818181818181818
5a7,0.045454545454545456
