adj_rand,adj_mi,hg_score,complete_score,v_meas,fm_score
0.008671999408020641,0.08041113189561856,0.11983032018017446,0.08852415415658227,0.10182529336151619,0.030283827639505215
