poly,proportion
2a7,0.20689655172413793
3a7,0.13793103448275862
2a5,0.13793103448275862
3a8,0.10344827586206896
4a7,0.10344827586206896
2a3,0.10344827586206896
5a7,0.034482758620689655
4a9,0.034482758620689655
5a8,0.034482758620689655
5a9,0.034482758620689655
3a5,0.034482758620689655
4a5,0.034482758620689655
