poly,proportion
10a11,0.15384615384615385
11a12,0.15384615384615385
9a10,0.10256410256410256
9a11,0.10256410256410256
6a11,0.07692307692307693
7a10,0.07692307692307693
7a11,0.07692307692307693
7a12,0.07692307692307693
8a11,0.07692307692307693
5a11,0.05128205128205128
7a9,0.02564102564102564
8a9,0.02564102564102564
