poly,proportion
8a9,0.0967741935483871
8a11,0.0967741935483871
9a10,0.0967741935483871
9a11,0.0967741935483871
10a11,0.0967741935483871
11a12,0.0967741935483871
6a11,0.08064516129032258
7a10,0.08064516129032258
7a11,0.08064516129032258
5a11,0.04838709677419355
7a9,0.04838709677419355
7a12,0.04838709677419355
5a8,0.016129032258064516
5a9,0.016129032258064516
