poly,proportion
11a12,0.14285714285714285
9a11,0.1111111111111111
6a11,0.09523809523809523
9a10,0.09523809523809523
10a11,0.09523809523809523
8a11,0.06349206349206349
4a9,0.047619047619047616
5a9,0.047619047619047616
5a11,0.047619047619047616
7a9,0.047619047619047616
7a10,0.047619047619047616
7a11,0.047619047619047616
7a12,0.047619047619047616
8a9,0.047619047619047616
5a6,0.015873015873015872
