poly,proportion
9a10,0.078125
6a7,0.078125
8a9,0.078125
5a6,0.078125
11a12,0.0625
7a8,0.0625
7a9,0.0625
4a5,0.0625
9a11,0.046875
10a11,0.046875
7a10,0.046875
7a11,0.046875
3a4,0.046875
6a11,0.03125
5a7,0.03125
3a5,0.03125
3a7,0.03125
8a11,0.015625
4a9,0.015625
5a9,0.015625
4a7,0.015625
5a11,0.015625
