is_modemix,proportion
false,0.5002312031813557
true,0.4997687968186442
