is_modemix,proportion
true,0.5102564102564102
false,0.4897435897435897
