is_modemix,proportion
false,0.5025350432448553
true,0.4974649567551446
