is_modemix,proportion
true,0.5018362497299633
false,0.49816375027003673
