is_modemix,proportion
true,0.5083333333333333
false,0.49166666666666664
