is_modemix,proportion
false,0.5047043010752689
true,0.4952956989247312
