is_modemix,proportion
true,0.5048052604957005
false,0.49519473950429943
