is_modemix,proportion
true,0.5033078880407125
false,0.49669211195928753
