is_modemix,proportion
false,0.5004556223801713
true,0.4995443776198287
