is_modemix,proportion
true,0.5045731707317073
false,0.4954268292682927
