is_modemix,proportion
true,0.5022222222222222
false,0.49777777777777776
