is_modemix,proportion
true,0.5045918367346939
false,0.4954081632653061
