is_modemix,proportion
true,0.5003650523241665
false,0.49963494767583355
