is_modemix,proportion
false,0.5019183815835367
true,0.4980816184164632
