poly,proportion
2a5,0.2857142857142857
2a3,0.2857142857142857
2a7,0.14285714285714285
3a4,0.14285714285714285
3a5,0.14285714285714285
