adj_rand,adj_mi,hg_score,complete_score,v_meas,fm_score
0.007568235235302156,0.08275295032981139,0.1266756156747402,0.09363607199862144,0.10767841865362698,0.029871818180085236
