poly,proportion
5a11,0.13636363636363635
6a11,0.13636363636363635
5a8,0.13636363636363635
4a9,0.13636363636363635
8a11,0.09090909090909091
5a9,0.09090909090909091
7a10,0.045454545454545456
7a11,0.045454545454545456
7a12,0.045454545454545456
9a10,0.045454545454545456
10a11,0.045454545454545456
4a7,0.045454545454545456
