poly,proportion
3a4,0.4444444444444444
2a5,0.2222222222222222
3a5,0.2222222222222222
4a5,0.1111111111111111
