poly,proportion
7a12,0.1935483870967742
11a12,0.0967741935483871
5a8,0.0967741935483871
5a11,0.0967741935483871
6a11,0.0967741935483871
7a8,0.0967741935483871
7a11,0.0967741935483871
8a9,0.0967741935483871
8a11,0.06451612903225806
5a7,0.06451612903225806
