poly,proportion
2a5,0.16666666666666666
2a7,0.1111111111111111
3a4,0.1111111111111111
3a5,0.1111111111111111
5a6,0.05555555555555555
5a7,0.05555555555555555
5a8,0.05555555555555555
5a9,0.05555555555555555
5a11,0.05555555555555555
6a11,0.05555555555555555
7a8,0.05555555555555555
7a9,0.05555555555555555
2a3,0.05555555555555555
