poly,proportion
8a11,0.0859375
6a11,0.0625
5a6,0.0625
7a8,0.0625
9a11,0.0546875
11a12,0.0546875
8a9,0.0546875
6a7,0.0546875
7a11,0.0546875
10a11,0.046875
7a9,0.046875
5a7,0.046875
5a11,0.046875
4a7,0.0390625
7a12,0.03125
4a5,0.03125
5a8,0.03125
9a10,0.0234375
3a5,0.0234375
7a10,0.015625
4a9,0.015625
5a9,0.015625
3a7,0.015625
3a4,0.015625
3a8,0.0078125
