adj_rand,adj_mi,hg_score,complete_score,v_meas,fm_score
0.007121336591310582,0.05741501756200565,0.07616833929094552,0.06628630766911398,0.07088456685166136,0.036927852165337345
