poly,proportion
2a7,0.13043478260869565
3a7,0.13043478260869565
3a8,0.13043478260869565
5a11,0.08695652173913043
4a7,0.08695652173913043
6a11,0.043478260869565216
4a9,0.043478260869565216
5a7,0.043478260869565216
5a8,0.043478260869565216
5a9,0.043478260869565216
6a7,0.043478260869565216
2a5,0.043478260869565216
3a4,0.043478260869565216
3a5,0.043478260869565216
4a5,0.043478260869565216
