poly,proportion
3a4,0.10344827586206896
3a7,0.06896551724137931
3a8,0.06896551724137931
6a7,0.06896551724137931
7a8,0.06896551724137931
2a7,0.06896551724137931
3a5,0.06896551724137931
4a5,0.06896551724137931
2a5,0.06896551724137931
2a3,0.06896551724137931
4a7,0.034482758620689655
4a9,0.034482758620689655
5a6,0.034482758620689655
5a7,0.034482758620689655
5a8,0.034482758620689655
5a9,0.034482758620689655
7a9,0.034482758620689655
8a9,0.034482758620689655
