adj_rand,adj_mi,hg_score,complete_score,v_meas,fm_score
0.007864462810574546,0.07190388002907185,0.1035262836505013,0.0812329253485592,0.09103462736125593,0.032432452716438846
