adj_rand,adj_mi,hg_score,complete_score,v_meas,fm_score
0.007678046238495156,0.07789336138525688,0.11599833122499105,0.0875824356756161,0.0998072316718568,0.030537210234945208
