poly,proportion
9a10,0.16666666666666666
7a12,0.1111111111111111
11a12,0.1111111111111111
4a9,0.08333333333333333
5a9,0.08333333333333333
7a9,0.08333333333333333
7a10,0.08333333333333333
8a9,0.08333333333333333
9a11,0.08333333333333333
10a11,0.08333333333333333
7a11,0.027777777777777776
