poly,proportion
9a11,0.10416666666666667
10a11,0.10416666666666667
11a12,0.10416666666666667
8a11,0.08333333333333333
9a10,0.08333333333333333
5a11,0.0625
6a11,0.0625
7a11,0.0625
7a12,0.0625
7a9,0.0625
7a10,0.0625
8a9,0.0625
5a8,0.020833333333333332
5a9,0.020833333333333332
6a7,0.020833333333333332
7a8,0.020833333333333332
