poly,proportion
3a7,0.18181818181818182
3a8,0.18181818181818182
2a7,0.13636363636363635
7a12,0.09090909090909091
4a9,0.09090909090909091
2a5,0.09090909090909091
5a9,0.045454545454545456
5a11,0.045454545454545456
6a11,0.045454545454545456
7a11,0.045454545454545456
2a3,0.045454545454545456
