sub_type,proportion
T,0.33643122676579923
N,0.3324814126394052
S,0.33108736059479554
