sub_type,proportion
T,0.33892451899358655
N,0.33103108041440554
S,0.3300444005920079
