adj_rand,adj_mi,hg_score,complete_score,v_meas,fm_score
-0.00010891480595188708,-0.00022149497010772544,0.000032799062098895886,0.00001548237107949879,0.00002103530144179182,0.1906283425739442
