sub_type,proportion
S,0.3357785139611926
T,0.3324656885944155
N,0.3317557974443919
