adj_rand,adj_mi,hg_score,complete_score,v_meas,fm_score
-0.00009781834568323475,-0.0001963934792780849,0.000026493230395039813,0.000014084488963947229,0.000018391551669875045,0.22342905237824703
