sub_type,proportion
T,0.3390040210330962
N,0.33188988555521187
S,0.32910609341169195
