sub_type,proportion
T,0.33820754716981133
N,0.33254716981132076
S,0.3292452830188679
