sub_type,proportion
N,0.33504193849021435
T,0.3341099720410065
S,0.33084808946877914
