sub_type,proportion
S,0.33787002381762504
N,0.3327662470227969
T,0.32936372915957807
