sub_type,proportion
T,0.3360655737704918
N,0.3322824716267339
S,0.3316519546027743
