sub_type,proportion
N,0.3359193173002327
S,0.3339798293250582
T,0.33010085337470907
