sub_type,proportion
N,0.33835021707670043
S,0.3314037626628075
T,0.33024602026049205
