sub_type,proportion
N,0.336559857587895
S,0.3338896306186026
T,0.3295505117935024
