sub_type,proportion
T,0.33771569433032045
N,0.3340180772391126
S,0.32826622843056696
