sub_type,proportion
T,0.3388161844158963
N,0.331972625765398
S,0.32921118981870573
