sub_type,proportion
S,0.3367056010300745
N,0.33422238572611057
T,0.32907201324381496
