adj_rand,adj_mi,hg_score,complete_score,v_meas,fm_score
-0.00003104136785208616,-0.00005339412375628423,0.00004577660722137223,0.00003992297973966922,0.000042649880295932534,0.321043637191911
