sub_type,proportion
T,0.3408795694934125
S,0.3306735943588792
N,0.3284468361477083
