sub_type,proportion
N,0.33921136419299536
S,0.33627234876316436
T,0.32451628704384033
