sub_type,proportion
T,0.3352685050798258
N,0.3333333333333333
S,0.3313981615868408
