sub_type,proportion
N,0.33948339483394835
S,0.33188626003907096
T,0.3286303451269807
