sub_type,proportion
S,0.33532352124409887
T,0.33379616773118576
N,0.3308803110247154
