adj_rand,adj_mi,hg_score,complete_score,v_meas,fm_score
-0.00007413235431200495,-0.0001251347229410629,0.00004385562166386208,0.00002749161378836757,0.00003379701555609425,0.25170960118853136
