sub_type,proportion
S,0.33620140216698535
T,0.33205863607393243
N,0.3317399617590822
