cluster,max_label,max_proportion
0,N,0.3349682
1,N,0.33333334
2,S,0.3353235
3,N,0.33948338
4,N,0.33333334
5,S,0.3362014
6,T,0.34128824
