sub_type,proportion
N,0.33674630261660976
T,0.3333333333333333
S,0.32992036405005687
