sub_type,proportion
S,0.3349822425164891
T,0.33396752917300865
N,0.3310502283105023
