sub_type,proportion
N,0.3363754889178618
T,0.3324641460234681
S,0.33116036505867014
