poly,proportion
6a7,0.11320754716981132
8a11,0.09433962264150944
9a11,0.09433962264150944
5a7,0.07547169811320754
7a8,0.07547169811320754
8a9,0.07547169811320754
7a10,0.05660377358490566
7a11,0.05660377358490566
10a11,0.05660377358490566
6a11,0.05660377358490566
7a9,0.03773584905660377
9a10,0.03773584905660377
3a4,0.03773584905660377
4a5,0.03773584905660377
7a12,0.03773584905660377
11a12,0.018867924528301886
3a5,0.018867924528301886
5a6,0.018867924528301886
