poly,proportion
8a11,0.125
8a9,0.08928571428571429
11a12,0.08928571428571429
7a11,0.08928571428571429
7a8,0.08928571428571429
7a12,0.07142857142857142
7a9,0.07142857142857142
10a11,0.07142857142857142
7a10,0.05357142857142857
9a11,0.05357142857142857
5a8,0.03571428571428571
5a11,0.03571428571428571
6a7,0.03571428571428571
6a11,0.03571428571428571
3a7,0.017857142857142856
4a7,0.017857142857142856
5a7,0.017857142857142856
