poly,proportion
11a12,0.2
6a11,0.1
7a12,0.1
8a11,0.1
9a10,0.1
9a11,0.1
10a11,0.1
7a10,0.06666666666666667
7a11,0.06666666666666667
5a11,0.03333333333333333
8a9,0.03333333333333333
