poly,proportion
5a11,0.078125
8a9,0.078125
5a9,0.0625
7a10,0.0625
9a11,0.0625
5a8,0.0625
6a11,0.046875
7a12,0.046875
10a11,0.046875
3a8,0.046875
5a7,0.046875
7a9,0.046875
6a7,0.046875
7a11,0.03125
8a11,0.03125
9a10,0.03125
2a7,0.03125
3a7,0.03125
4a9,0.015625
7a8,0.015625
2a5,0.015625
3a5,0.015625
4a5,0.015625
4a7,0.015625
5a6,0.015625
