poly,proportion
2a3,0.2631578947368421
3a4,0.13157894736842105
2a5,0.07894736842105263
2a7,0.07894736842105263
3a5,0.07894736842105263
3a7,0.05263157894736842
4a5,0.05263157894736842
5a6,0.05263157894736842
3a8,0.02631578947368421
4a7,0.02631578947368421
4a9,0.02631578947368421
5a7,0.02631578947368421
5a8,0.02631578947368421
5a9,0.02631578947368421
5a11,0.02631578947368421
6a7,0.02631578947368421
