poly,proportion
2a7,0.1111111111111111
3a7,0.1111111111111111
3a8,0.1111111111111111
4a7,0.1111111111111111
5a11,0.08888888888888889
5a8,0.08888888888888889
4a9,0.06666666666666667
7a12,0.06666666666666667
5a7,0.06666666666666667
7a9,0.044444444444444446
8a9,0.044444444444444446
6a11,0.044444444444444446
3a4,0.044444444444444446
