poly,proportion
3a8,0.16666666666666666
2a7,0.125
3a7,0.125
4a9,0.08333333333333333
5a11,0.08333333333333333
6a11,0.08333333333333333
7a11,0.08333333333333333
4a7,0.08333333333333333
2a5,0.08333333333333333
5a9,0.041666666666666664
3a5,0.041666666666666664
