poly,proportion
7a12,0.1276595744680851
3a7,0.0851063829787234
7a8,0.0851063829787234
7a11,0.0851063829787234
6a7,0.06382978723404255
3a8,0.0425531914893617
4a7,0.0425531914893617
5a7,0.0425531914893617
5a8,0.0425531914893617
7a9,0.0425531914893617
9a10,0.0425531914893617
10a11,0.0425531914893617
11a12,0.0425531914893617
2a7,0.0425531914893617
6a11,0.0425531914893617
7a10,0.0425531914893617
4a9,0.0425531914893617
8a9,0.02127659574468085
8a11,0.02127659574468085
