adj_rand,adj_mi,hg_score,complete_score,v_meas,fm_score
0.007238296541199741,0.07878482142295674,0.12347081289707905,0.08852938182498607,0.1031206103705455,0.027563184124165023
