poly,proportion
11a12,0.136986301369863
8a11,0.0821917808219178
10a11,0.0821917808219178
9a11,0.0684931506849315
6a11,0.0684931506849315
7a9,0.0684931506849315
7a11,0.0684931506849315
7a12,0.0684931506849315
9a10,0.0684931506849315
5a11,0.0547945205479452
7a10,0.0410958904109589
7a8,0.0410958904109589
8a9,0.0410958904109589
5a7,0.0273972602739726
5a9,0.0273972602739726
4a7,0.0136986301369863
4a9,0.0136986301369863
5a8,0.0136986301369863
6a7,0.0136986301369863
