poly,proportion
2a3,0.1794871794871795
2a5,0.10256410256410256
3a4,0.10256410256410256
2a7,0.05128205128205128
3a5,0.05128205128205128
3a7,0.05128205128205128
3a8,0.05128205128205128
4a5,0.05128205128205128
4a7,0.05128205128205128
4a9,0.05128205128205128
5a6,0.05128205128205128
5a7,0.05128205128205128
5a8,0.05128205128205128
5a9,0.05128205128205128
6a7,0.05128205128205128
