adj_rand,adj_mi,hg_score,complete_score,v_meas,fm_score
0.0071725114019897136,0.0372208562894396,0.043861526943024226,0.04484271983344309,0.04434669670617956,0.045038467643571195
