adj_rand,adj_mi,hg_score,complete_score,v_meas,fm_score
0.007655292355560942,0.04723835888015982,0.06032445777911659,0.05468758064071399,0.057367884175052855,0.03839699180579097
