poly,proportion
11a12,0.10084033613445378
9a11,0.08403361344537816
8a11,0.07563025210084033
7a11,0.06722689075630252
6a11,0.06722689075630252
9a10,0.06722689075630252
10a11,0.06722689075630252
7a12,0.058823529411764705
7a10,0.058823529411764705
4a7,0.05042016806722689
5a11,0.05042016806722689
7a8,0.05042016806722689
7a9,0.05042016806722689
8a9,0.05042016806722689
4a9,0.03361344537815126
5a7,0.025210084033613446
5a9,0.025210084033613446
6a7,0.008403361344537815
5a8,0.008403361344537815
