poly,proportion
11a12,0.1276595744680851
9a11,0.09574468085106383
9a10,0.0851063829787234
10a11,0.0851063829787234
6a11,0.07446808510638298
7a12,0.07446808510638298
8a9,0.07446808510638298
8a11,0.07446808510638298
7a11,0.06382978723404255
4a9,0.0425531914893617
5a9,0.0425531914893617
7a9,0.0425531914893617
7a10,0.0425531914893617
5a11,0.031914893617021274
5a6,0.010638297872340425
5a8,0.010638297872340425
6a7,0.010638297872340425
7a8,0.010638297872340425
