poly,proportion
11a12,0.14285714285714285
8a9,0.10714285714285714
9a10,0.10714285714285714
9a11,0.10714285714285714
8a11,0.07142857142857142
5a9,0.05357142857142857
6a11,0.05357142857142857
7a9,0.05357142857142857
7a12,0.05357142857142857
10a11,0.05357142857142857
3a8,0.03571428571428571
7a8,0.03571428571428571
7a10,0.03571428571428571
7a11,0.03571428571428571
4a9,0.017857142857142856
5a8,0.017857142857142856
5a11,0.017857142857142856
