poly,proportion
11a12,0.13924050632911392
8a9,0.08860759493670886
9a10,0.08860759493670886
9a11,0.08860759493670886
7a12,0.0759493670886076
8a11,0.0759493670886076
10a11,0.0759493670886076
7a10,0.06329113924050633
5a9,0.05063291139240506
6a11,0.05063291139240506
7a11,0.05063291139240506
4a9,0.0379746835443038
5a11,0.0379746835443038
7a9,0.0379746835443038
6a7,0.012658227848101266
5a8,0.012658227848101266
7a8,0.012658227848101266
