poly,proportion
8a11,0.11764705882352941
8a9,0.10294117647058823
11a12,0.10294117647058823
7a11,0.07352941176470588
9a11,0.07352941176470588
7a12,0.058823529411764705
7a9,0.058823529411764705
7a10,0.058823529411764705
7a8,0.058823529411764705
10a11,0.058823529411764705
6a11,0.04411764705882353
9a10,0.04411764705882353
5a8,0.029411764705882353
5a11,0.029411764705882353
6a7,0.029411764705882353
3a7,0.014705882352941176
3a8,0.014705882352941176
4a7,0.014705882352941176
5a7,0.014705882352941176
