poly,proportion
2a3,0.21951219512195122
3a4,0.14634146341463414
2a5,0.0975609756097561
3a5,0.07317073170731707
2a7,0.04878048780487805
3a7,0.04878048780487805
3a8,0.04878048780487805
4a5,0.04878048780487805
4a7,0.04878048780487805
5a6,0.04878048780487805
5a7,0.04878048780487805
6a7,0.04878048780487805
4a9,0.024390243902439025
5a8,0.024390243902439025
5a9,0.024390243902439025
