poly,proportion
8a11,0.12280701754385964
8a9,0.08771929824561403
11a12,0.08771929824561403
7a11,0.08771929824561403
7a12,0.07017543859649122
7a9,0.07017543859649122
7a8,0.07017543859649122
10a11,0.07017543859649122
7a10,0.05263157894736842
6a11,0.05263157894736842
9a11,0.05263157894736842
5a8,0.03508771929824561
5a11,0.03508771929824561
6a7,0.03508771929824561
3a7,0.017543859649122806
3a8,0.017543859649122806
4a7,0.017543859649122806
5a7,0.017543859649122806
