poly,proportion
8a11,0.1724137931034483
11a12,0.13793103448275862
7a8,0.10344827586206896
7a12,0.10344827586206896
8a9,0.10344827586206896
7a11,0.10344827586206896
5a11,0.06896551724137931
9a11,0.06896551724137931
5a8,0.034482758620689655
6a11,0.034482758620689655
7a10,0.034482758620689655
10a11,0.034482758620689655
