poly,proportion
5a9,0.0625
6a11,0.0625
7a8,0.0625
7a9,0.0625
7a10,0.0625
8a9,0.0625
5a11,0.046875
7a11,0.046875
7a12,0.046875
8a11,0.046875
9a10,0.046875
9a11,0.046875
4a9,0.046875
10a11,0.03125
11a12,0.03125
3a7,0.03125
3a8,0.03125
4a7,0.03125
5a6,0.03125
5a7,0.03125
5a8,0.03125
6a7,0.03125
2a7,0.015625
