poly,proportion
2a3,0.1875
3a4,0.14583333333333334
2a5,0.125
3a5,0.08333333333333333
4a5,0.08333333333333333
2a7,0.0625
3a7,0.0625
4a7,0.041666666666666664
5a6,0.041666666666666664
5a7,0.041666666666666664
6a7,0.041666666666666664
3a8,0.020833333333333332
4a9,0.020833333333333332
5a8,0.020833333333333332
5a9,0.020833333333333332
