poly,proportion
7a11,0.09433962264150944
8a11,0.09433962264150944
10a11,0.09433962264150944
6a7,0.09433962264150944
7a10,0.07547169811320754
6a11,0.07547169811320754
7a8,0.07547169811320754
8a9,0.07547169811320754
9a11,0.05660377358490566
11a12,0.05660377358490566
7a12,0.05660377358490566
9a10,0.03773584905660377
5a7,0.03773584905660377
7a9,0.018867924528301886
4a5,0.018867924528301886
4a7,0.018867924528301886
5a6,0.018867924528301886
