poly,proportion
2a3,0.13636363636363635
3a4,0.12121212121212122
2a5,0.10606060606060606
3a5,0.07575757575757576
2a7,0.06060606060606061
3a7,0.06060606060606061
4a5,0.06060606060606061
4a7,0.06060606060606061
5a6,0.06060606060606061
3a8,0.045454545454545456
4a9,0.030303030303030304
5a7,0.030303030303030304
5a8,0.030303030303030304
5a9,0.030303030303030304
6a7,0.030303030303030304
7a8,0.030303030303030304
5a11,0.015151515151515152
7a9,0.015151515151515152
