poly,proportion
10a11,0.17647058823529413
11a12,0.14705882352941177
9a11,0.11764705882352941
6a11,0.08823529411764706
7a8,0.08823529411764706
7a9,0.08823529411764706
7a10,0.08823529411764706
7a11,0.058823529411764705
5a9,0.029411764705882353
5a11,0.029411764705882353
7a12,0.029411764705882353
8a9,0.029411764705882353
9a10,0.029411764705882353
