adj_rand,adj_mi,hg_score,complete_score,v_meas,fm_score
0.0074413022450470585,0.06828541336008197,0.10037441530166885,0.07690693703642963,0.08708743176723766,0.030302171240891313
