poly,proportion
9a10,0.16279069767441862
5a9,0.13953488372093023
5a8,0.11627906976744186
5a11,0.09302325581395349
7a9,0.09302325581395349
5a6,0.06976744186046512
6a11,0.046511627906976744
9a11,0.046511627906976744
4a9,0.046511627906976744
5a7,0.046511627906976744
6a7,0.046511627906976744
7a10,0.046511627906976744
8a9,0.046511627906976744
