poly,proportion
5a8,0.10638297872340426
2a7,0.10638297872340426
3a7,0.10638297872340426
4a7,0.10638297872340426
4a9,0.0851063829787234
5a11,0.0851063829787234
3a8,0.0851063829787234
7a12,0.06382978723404255
5a7,0.06382978723404255
7a9,0.0425531914893617
8a9,0.0425531914893617
3a4,0.0425531914893617
5a9,0.02127659574468085
6a11,0.02127659574468085
6a7,0.02127659574468085
