poly,proportion
11a12,0.1388888888888889
9a11,0.08333333333333333
8a11,0.08333333333333333
10a11,0.08333333333333333
6a11,0.06944444444444445
7a11,0.06944444444444445
7a12,0.06944444444444445
9a10,0.06944444444444445
5a11,0.05555555555555555
7a9,0.05555555555555555
7a8,0.041666666666666664
8a9,0.041666666666666664
5a7,0.027777777777777776
5a9,0.027777777777777776
7a10,0.027777777777777776
4a7,0.013888888888888888
4a9,0.013888888888888888
5a8,0.013888888888888888
6a7,0.013888888888888888
