poly,proportion
11a12,0.13636363636363635
8a11,0.09090909090909091
9a10,0.09090909090909091
9a11,0.07954545454545454
6a11,0.07954545454545454
10a11,0.07954545454545454
7a8,0.06818181818181818
7a11,0.06818181818181818
7a12,0.06818181818181818
7a9,0.056818181818181816
4a7,0.03409090909090909
5a9,0.03409090909090909
5a11,0.03409090909090909
4a9,0.022727272727272728
7a10,0.022727272727272728
8a9,0.022727272727272728
5a7,0.011363636363636364
