poly,proportion
8a11,0.12962962962962962
8a9,0.09259259259259259
7a11,0.09259259259259259
7a12,0.07407407407407407
11a12,0.07407407407407407
7a9,0.07407407407407407
7a8,0.07407407407407407
10a11,0.07407407407407407
7a10,0.05555555555555555
9a11,0.05555555555555555
5a8,0.037037037037037035
5a11,0.037037037037037035
6a7,0.037037037037037035
6a11,0.037037037037037035
3a7,0.018518518518518517
4a7,0.018518518518518517
5a7,0.018518518518518517
