poly,proportion
5a11,0.0625
2a7,0.0625
3a7,0.0625
3a8,0.0625
4a9,0.0625
7a10,0.046875
8a9,0.046875
8a11,0.046875
5a9,0.046875
5a8,0.046875
2a5,0.046875
3a5,0.046875
9a10,0.03125
9a11,0.03125
10a11,0.03125
11a12,0.03125
7a11,0.03125
4a7,0.03125
5a6,0.03125
5a7,0.03125
6a7,0.03125
4a5,0.03125
7a12,0.015625
7a8,0.015625
7a9,0.015625
