poly,proportion
3a4,0.12903225806451613
7a11,0.0967741935483871
5a11,0.0967741935483871
6a11,0.0967741935483871
8a11,0.06451612903225806
4a9,0.06451612903225806
9a10,0.06451612903225806
9a11,0.06451612903225806
10a11,0.06451612903225806
7a9,0.03225806451612903
11a12,0.03225806451612903
3a7,0.03225806451612903
3a8,0.03225806451612903
4a5,0.03225806451612903
4a7,0.03225806451612903
5a9,0.03225806451612903
6a7,0.03225806451612903
