adj_rand,adj_mi,hg_score,complete_score,v_meas,fm_score
0.007440445257280516,0.07380297157010665,0.11221684128107759,0.08297105474678829,0.09540294117535544,0.028892356817359945
