poly,proportion
10a11,0.17142857142857143
11a12,0.17142857142857143
9a11,0.11428571428571428
6a11,0.08571428571428572
7a10,0.08571428571428572
7a11,0.08571428571428572
7a8,0.05714285714285714
7a9,0.05714285714285714
5a9,0.02857142857142857
5a11,0.02857142857142857
7a12,0.02857142857142857
8a9,0.02857142857142857
8a11,0.02857142857142857
9a10,0.02857142857142857
