poly,proportion
2a3,0.21428571428571427
2a5,0.11904761904761904
3a4,0.09523809523809523
2a7,0.047619047619047616
3a5,0.047619047619047616
3a7,0.047619047619047616
3a8,0.047619047619047616
4a5,0.047619047619047616
4a7,0.047619047619047616
4a9,0.047619047619047616
5a6,0.047619047619047616
5a7,0.047619047619047616
5a8,0.047619047619047616
5a9,0.047619047619047616
6a7,0.047619047619047616
