poly,proportion
11a12,0.1348314606741573
8a11,0.0898876404494382
9a10,0.0898876404494382
9a11,0.07865168539325842
6a11,0.07865168539325842
10a11,0.07865168539325842
7a8,0.06741573033707865
7a11,0.06741573033707865
7a12,0.06741573033707865
7a9,0.056179775280898875
4a7,0.0449438202247191
5a9,0.033707865168539325
5a11,0.033707865168539325
4a9,0.02247191011235955
7a10,0.02247191011235955
8a9,0.02247191011235955
5a7,0.011235955056179775
