poly,proportion
2a3,0.2962962962962963
3a4,0.14814814814814814
2a5,0.07407407407407407
2a7,0.07407407407407407
3a5,0.07407407407407407
3a7,0.07407407407407407
4a5,0.07407407407407407
5a6,0.07407407407407407
3a8,0.037037037037037035
4a7,0.037037037037037035
5a7,0.037037037037037035
