adj_rand,adj_mi,hg_score,complete_score,v_meas,fm_score
0.000044985329290173745,-0.00015016864465179652,0.0005514776132016629,0.0004630182896432011,0.000503391330660102,0.11030867343048568
