adj_rand,adj_mi,hg_score,complete_score,v_meas,fm_score
0.000023590363493815267,-0.00009047537458419197,0.00042912218930157744,0.00038556082169579687,0.00040617688519725063,0.11610267048884615
