adj_rand,adj_mi,hg_score,complete_score,v_meas,fm_score
0.00009860088072829338,6.7738509044458505e-6,0.0014889589348217875,0.0009489883608332775,0.0011591757552945159,0.07434297771363894
