sub_type,proportion
N,0.33597778659262195
T,0.33597778659262195
S,0.32804442681475604
