adj_rand,adj_mi,hg_score,complete_score,v_meas,fm_score
-0.00006133916811129517,-0.0001719143143092856,0.00007872285319848437,0.00004671122371441838,0.00005863224568145183,0.2591452994167087
