sub_type,proportion
T,0.34919948074426654
S,0.3321073128515794
N,0.31869320640415405
