sub_type,proportion
N,0.3363821138211382
S,0.3333333333333333
T,0.33028455284552843
