sub_type,proportion
T,0.3338150289017341
S,0.3334537572254335
N,0.3327312138728324
