sub_type,proportion
T,0.3418803418803419
S,0.33136094674556216
N,0.326758711374096
