sub_type,proportion
N,0.3386398763523957
S,0.3352395672333848
T,0.3261205564142195
