sub_type,proportion
N,0.3380281690140845
S,0.3380281690140845
T,0.323943661971831
