sub_type,proportion
S,0.3365013365013365
N,0.33174933174933174
T,0.33174933174933174
