adj_rand,adj_mi,hg_score,complete_score,v_meas,fm_score
-4.542423882530782e-6,-0.00004650742114246484,0.00005740698306426526,0.000059496667185429185,0.00005843314829261437,0.3707329923527758
