sub_type,proportion
N,0.33995645073489383
S,0.3345127925966249
T,0.32553075666848125
