sub_type,proportion
T,0.33646478779399025
S,0.3326004397361583
N,0.3309347724698514
