sub_type,proportion
N,0.339572192513369
S,0.33188502673796794
T,0.3285427807486631
