sub_type,proportion
N,0.33976833976833976
S,0.3359073359073359
T,0.32432432432432434
