cluster,max_label,max_proportion
0,S,0.33639577
1,N,0.3395722
2,S,0.33430907
3,N,0.33333334
4,T,0.34068683
5,N,0.33976835
