sub_type,proportion
S,0.3363957597173145
T,0.33568904593639576
N,0.32791519434628974
