sub_type,proportion
N,0.33875338753387535
S,0.3319783197831978
T,0.32926829268292684
