sub_type,proportion
T,0.3347107438016529
N,0.3332523091881381
S,0.332036947010209
