sub_type,proportion
T,0.33448275862068966
S,0.3336206896551724
N,0.33189655172413796
