adj_rand,adj_mi,hg_score,complete_score,v_meas,fm_score
-5.6209734796467225e-6,-0.00007702799958526922,0.0001099396409659052,0.00007328315418583314,0.00008794455573464305,0.27716986929423093
