sub_type,proportion
T,0.33823069709284154
S,0.3336459310201105
N,0.32812337188704804
