adj_rand,adj_mi,hg_score,complete_score,v_meas,fm_score
-0.00006330114012497045,-0.00014928791641484842,0.0000758233243061898,0.00004542581825281799,0.00005681420052238661,0.25947326506513585
