sub_type,proportion
T,0.3371185237757275
N,0.3317955997161107
S,0.3310858765081618
