sub_type,proportion
N,0.3339798293250582
T,0.3335919317300233
S,0.3324282389449185
