sub_type,proportion
S,0.33858831959871016
T,0.3353636689358653
N,0.32604801146542456
