sub_type,proportion
N,0.3403853418964866
S,0.3301851152247828
T,0.32942954287873066
