sub_type,proportion
S,0.33560709413369716
N,0.3339699863574352
T,0.33042291950886765
