sub_type,proportion
T,0.3375796178343949
N,0.3320063694267516
S,0.3304140127388535
