sub_type,proportion
N,0.3413437959784208
S,0.33055419323197643
T,0.32810201078960277
