sub_type,proportion
N,0.3468568880962996
S,0.33348194382523405
T,0.31966116807846634
