sub_type,proportion
T,0.3434816549570648
S,0.33411397345823574
N,0.3224043715846995
