sub_type,proportion
T,0.33762057877813506
N,0.3327974276527331
S,0.3295819935691318
