sub_type,proportion
T,0.3398815931108719
S,0.33180839612486546
N,0.32831001076426264
