sub_type,proportion
T,0.3366653338664534
S,0.33466613354658137
N,0.3286685325869652
