sub_type,proportion
T,0.335444610034774
S,0.3334575260804769
N,0.33109786388474916
