sub_type,proportion
N,0.3372118794326241
S,0.3352171985815603
T,0.3275709219858156
