adj_rand,adj_mi,hg_score,complete_score,v_meas,fm_score
2.4295419472980616e-6,1.8011130798391989e-6,0.00010509439555615266,0.00008457740786215368,0.0000937262302228033,0.29508275294533753
