cluster,max_label,max_proportion
0,N,0.33721188
1,T,0.34057614
2,N,0.33719432
3,T,0.34155756
