adj_rand,adj_mi,hg_score,complete_score,v_meas,fm_score
-0.00008762378931186848,-0.00011504797455002247,0.000023620811255420403,0.000014983812591181062,0.00001833613561469982,0.2464108561116871
