sub_type,proportion
N,0.3337940566689703
S,0.33310297166551484
T,0.33310297166551484
