cluster,max_label,max_proportion
0,N,0.3352018
1,T,0.33808038
2,N,0.33783248
3,S,0.3337794
4,N,0.33379406
5,S,0.33596456
