sub_type,proportion
N,0.3352017937219731
S,0.33251121076233187
T,0.33228699551569507
