sub_type,proportion
T,0.3390919158361019
S,0.3337763012181617
N,0.3271317829457364
