sub_type,proportion
N,0.33634020618556704
T,0.33548109965635736
S,0.3281786941580756
