sub_type,proportion
S,0.3344088499654298
N,0.33417838211569484
T,0.3314127679188753
