sub_type,proportion
S,0.3353053031903655
N,0.3340376082822734
T,0.3306570885273611
