sub_type,proportion
N,0.33356449375866853
S,0.33356449375866853
T,0.332871012482663
