sub_type,proportion
S,0.33744259124969783
N,0.3330916122794295
T,0.3294657964708726
