sub_type,proportion
N,0.3362004487658938
T,0.33395661929693343
S,0.3298429319371728
