sub_type,proportion
S,0.3402701715954728
T,0.3322380430814166
N,0.32749178532311063
