sub_type,proportion
T,0.34192882929345025
S,0.3310985043837029
N,0.3269726663228468
