sub_type,proportion
N,0.34538310412573675
S,0.3383104125736739
T,0.3163064833005894
