sub_type,proportion
T,0.3401327107397395
S,0.3312853280904399
N,0.3285819611698206
