sub_type,proportion
N,0.3414851044908848
T,0.33036905291240554
S,0.32814584259670965
