sub_type,proportion
S,0.3337959750173491
N,0.3331020124913255
T,0.3331020124913255
