poly,proportion
7a12,0.18181818181818182
7a8,0.12121212121212122
7a11,0.12121212121212122
6a7,0.09090909090909091
7a9,0.06060606060606061
9a10,0.06060606060606061
10a11,0.06060606060606061
11a12,0.06060606060606061
6a11,0.06060606060606061
7a10,0.06060606060606061
4a9,0.06060606060606061
8a9,0.030303030303030304
8a11,0.030303030303030304
