poly,proportion
2a3,0.21739130434782608
3a4,0.17391304347826086
2a5,0.13043478260869565
3a5,0.13043478260869565
2a7,0.08695652173913043
4a5,0.08695652173913043
3a7,0.043478260869565216
3a8,0.043478260869565216
4a7,0.043478260869565216
5a6,0.043478260869565216
