poly,proportion
7a8,0.0898876404494382
7a9,0.0898876404494382
8a9,0.0898876404494382
9a10,0.0898876404494382
7a12,0.07865168539325842
7a10,0.06741573033707865
6a7,0.06741573033707865
11a12,0.056179775280898875
8a11,0.056179775280898875
9a11,0.0449438202247191
10a11,0.0449438202247191
5a6,0.0449438202247191
5a7,0.0449438202247191
5a8,0.0449438202247191
7a11,0.033707865168539325
5a9,0.033707865168539325
4a5,0.02247191011235955
