poly,proportion
7a10,0.11538461538461539
3a8,0.11538461538461539
5a11,0.07692307692307693
7a8,0.07692307692307693
8a9,0.07692307692307693
10a11,0.07692307692307693
2a5,0.07692307692307693
3a5,0.07692307692307693
5a7,0.038461538461538464
5a9,0.038461538461538464
7a11,0.038461538461538464
2a7,0.038461538461538464
3a7,0.038461538461538464
4a7,0.038461538461538464
5a6,0.038461538461538464
4a5,0.038461538461538464
