poly,proportion
7a10,0.10526315789473684
8a11,0.10526315789473684
9a11,0.10526315789473684
7a8,0.07894736842105263
7a11,0.07894736842105263
10a11,0.07894736842105263
11a12,0.07894736842105263
6a7,0.05263157894736842
7a9,0.05263157894736842
7a12,0.05263157894736842
8a9,0.05263157894736842
5a11,0.02631578947368421
6a11,0.02631578947368421
3a7,0.02631578947368421
4a7,0.02631578947368421
4a9,0.02631578947368421
5a7,0.02631578947368421
