adj_rand,adj_mi,hg_score,complete_score,v_meas,fm_score
0.007114913184546704,0.05090397724865512,0.07003583451477592,0.058954458233233205,0.06401915357765892,0.03405084007535715
