poly,proportion
2a3,0.18604651162790697
3a4,0.11627906976744186
2a5,0.09302325581395349
3a5,0.06976744186046512
2a7,0.046511627906976744
3a7,0.046511627906976744
3a8,0.046511627906976744
4a5,0.046511627906976744
4a7,0.046511627906976744
5a6,0.046511627906976744
5a7,0.046511627906976744
5a8,0.046511627906976744
6a7,0.046511627906976744
7a8,0.046511627906976744
4a9,0.023255813953488372
5a9,0.023255813953488372
7a9,0.023255813953488372
