poly,proportion
11a12,0.1232876712328767
10a11,0.1232876712328767
9a11,0.1095890410958904
7a10,0.0958904109589041
7a11,0.0958904109589041
6a11,0.0821917808219178
5a11,0.0684931506849315
9a10,0.0684931506849315
7a9,0.0547945205479452
6a7,0.0410958904109589
8a9,0.0273972602739726
7a12,0.0273972602739726
4a9,0.0136986301369863
5a9,0.0136986301369863
7a8,0.0136986301369863
8a11,0.0136986301369863
5a6,0.0136986301369863
5a7,0.0136986301369863
