poly,proportion
11a12,0.12162162162162163
10a11,0.12162162162162163
9a11,0.10810810810810811
7a10,0.0945945945945946
7a11,0.0945945945945946
6a11,0.08108108108108109
5a11,0.06756756756756757
9a10,0.06756756756756757
7a9,0.05405405405405406
4a9,0.02702702702702703
5a9,0.02702702702702703
8a9,0.02702702702702703
6a7,0.02702702702702703
7a12,0.02702702702702703
7a8,0.013513513513513514
8a11,0.013513513513513514
5a6,0.013513513513513514
5a7,0.013513513513513514
