poly,proportion
2a3,0.1956521739130435
3a4,0.13043478260869565
2a5,0.08695652173913043
3a5,0.08695652173913043
2a7,0.043478260869565216
3a7,0.043478260869565216
3a8,0.043478260869565216
4a5,0.043478260869565216
4a7,0.043478260869565216
5a6,0.043478260869565216
5a7,0.043478260869565216
6a7,0.043478260869565216
4a9,0.021739130434782608
5a8,0.021739130434782608
5a9,0.021739130434782608
5a11,0.021739130434782608
6a11,0.021739130434782608
7a8,0.021739130434782608
7a9,0.021739130434782608
