poly,proportion
5a7,0.078125
3a7,0.078125
4a9,0.0625
7a9,0.0625
2a7,0.0625
3a8,0.0625
4a7,0.0625
3a4,0.0625
5a11,0.046875
6a11,0.046875
6a7,0.046875
7a8,0.046875
8a9,0.03125
8a11,0.03125
9a11,0.03125
5a8,0.03125
7a10,0.03125
7a11,0.03125
3a5,0.03125
4a5,0.03125
7a12,0.015625
2a5,0.015625
