adj_rand,adj_mi,hg_score,complete_score,v_meas,fm_score
0.007359100887842364,0.0689591722724325,0.10108076861496976,0.07755478268276975,0.08776861029499353,0.030324110395173114
