poly,proportion
11a12,0.11842105263157894
10a11,0.11842105263157894
9a11,0.10526315789473684
7a10,0.09210526315789473
7a11,0.09210526315789473
6a11,0.07894736842105263
5a11,0.06578947368421052
9a10,0.06578947368421052
7a9,0.05263157894736842
7a12,0.039473684210526314
4a9,0.02631578947368421
5a9,0.02631578947368421
8a9,0.02631578947368421
6a7,0.02631578947368421
7a8,0.013157894736842105
8a11,0.013157894736842105
5a6,0.013157894736842105
5a7,0.013157894736842105
5a8,0.013157894736842105
