poly,proportion
11a12,0.15
8a11,0.1
9a10,0.1
7a12,0.1
10a11,0.08333333333333333
7a8,0.08333333333333333
7a11,0.08333333333333333
6a11,0.05
4a7,0.05
5a11,0.05
7a9,0.05
9a11,0.03333333333333333
4a9,0.016666666666666666
5a9,0.016666666666666666
7a10,0.016666666666666666
8a9,0.016666666666666666
