poly,proportion
9a11,0.0967741935483871
6a11,0.0967741935483871
11a12,0.06451612903225806
4a9,0.06451612903225806
5a11,0.06451612903225806
7a8,0.06451612903225806
8a11,0.06451612903225806
9a10,0.06451612903225806
10a11,0.06451612903225806
8a9,0.06451612903225806
5a9,0.06451612903225806
7a10,0.06451612903225806
4a7,0.03225806451612903
5a7,0.03225806451612903
5a8,0.03225806451612903
7a9,0.03225806451612903
7a11,0.03225806451612903
