poly,proportion
5a9,0.15555555555555556
9a10,0.15555555555555556
5a8,0.1111111111111111
7a9,0.1111111111111111
5a11,0.08888888888888889
5a6,0.06666666666666667
6a11,0.044444444444444446
9a11,0.044444444444444446
4a9,0.044444444444444446
5a7,0.044444444444444446
6a7,0.044444444444444446
7a10,0.044444444444444446
8a9,0.044444444444444446
