adj_rand,adj_mi,hg_score,complete_score,v_meas,fm_score
0.007344107631379112,0.0740339382233753,0.11221802253637168,0.08352968792929827,0.0957716070364972,0.029276819684103308
