poly,proportion
7a12,0.14285714285714285
7a8,0.14285714285714285
11a12,0.07142857142857142
4a7,0.07142857142857142
5a7,0.07142857142857142
5a8,0.07142857142857142
6a7,0.07142857142857142
7a9,0.07142857142857142
7a10,0.07142857142857142
7a11,0.07142857142857142
8a9,0.07142857142857142
8a11,0.07142857142857142
