adj_rand,adj_mi,hg_score,complete_score,v_meas,fm_score
0.00013152288537875462,0.023214465546866965,0.023251804120733306,0.26071158600127775,0.042695748399839493,0.18183908415642286
