adj_rand,adj_mi,hg_score,complete_score,v_meas,fm_score
0.00016904315322676406,0.02674622553120501,0.027938683449817685,0.2616256586481186,0.050486026051147104,0.18058052004931335
