poly,proportion
9a10,0.3333333333333333
9a11,0.3333333333333333
10a11,0.3333333333333333
