poly,proportion
7a12,0.14285714285714285
11a12,0.14285714285714285
4a7,0.14285714285714285
5a7,0.14285714285714285
5a8,0.14285714285714285
6a7,0.14285714285714285
7a8,0.14285714285714285
