adj_rand,adj_mi,hg_score,complete_score,v_meas,fm_score
0.00025058358662287487,0.03342148457347997,0.036350932037950506,0.2853746125340057,0.06448746964983355,0.17942606238349823
