adj_rand,adj_mi,hg_score,complete_score,v_meas,fm_score
0.003159751245960378,0.004956594324269759,0.006206777830812748,0.0050997634291108955,0.005599077183115302,0.10838010685041372
