adj_rand,adj_mi,hg_score,complete_score,v_meas,fm_score
0.009440263172450674,0.027355737353566893,0.035893503302417765,0.023420724824778923,0.028345706936975728,0.08522441128245203
