adj_rand,adj_mi,hg_score,complete_score,v_meas,fm_score
0.006799533116888021,0.018814569525768113,0.024186987926267358,0.01660504140699518,0.019691392783867664,0.08796998518042118
