adj_rand,adj_mi,hg_score,complete_score,v_meas,fm_score
0.0038497062742334294,0.008358894164932162,0.010705226783773681,0.00795173325702209,0.009125292400729824,0.09597400306975025
