poly,proportion
2a7,0.08333333333333333
3a7,0.08333333333333333
3a8,0.08333333333333333
4a7,0.08333333333333333
2a5,0.08333333333333333
3a5,0.08333333333333333
2a3,0.08333333333333333
4a9,0.05555555555555555
5a8,0.05555555555555555
5a9,0.05555555555555555
9a10,0.05555555555555555
7a9,0.027777777777777776
7a10,0.027777777777777776
8a9,0.027777777777777776
5a7,0.027777777777777776
5a6,0.027777777777777776
3a4,0.027777777777777776
4a5,0.027777777777777776
