poly,proportion
3a8,0.17857142857142858
2a7,0.17857142857142858
3a7,0.14285714285714285
7a12,0.07142857142857142
4a7,0.07142857142857142
5a8,0.07142857142857142
7a11,0.03571428571428571
4a9,0.03571428571428571
5a6,0.03571428571428571
5a7,0.03571428571428571
5a9,0.03571428571428571
6a7,0.03571428571428571
7a8,0.03571428571428571
3a4,0.03571428571428571
