poly,proportion
11a12,0.15789473684210525
6a11,0.13157894736842105
10a11,0.13157894736842105
7a11,0.10526315789473684
9a11,0.10526315789473684
9a10,0.07894736842105263
5a11,0.07894736842105263
7a10,0.07894736842105263
7a12,0.02631578947368421
5a8,0.02631578947368421
7a8,0.02631578947368421
8a9,0.02631578947368421
8a11,0.02631578947368421
