poly,proportion
11a12,0.4166666666666667
7a12,0.25
9a11,0.16666666666666666
8a9,0.08333333333333333
9a10,0.08333333333333333
