poly,proportion
9a11,0.13513513513513514
7a10,0.08108108108108109
7a11,0.08108108108108109
5a11,0.08108108108108109
6a11,0.08108108108108109
8a9,0.08108108108108109
7a12,0.05405405405405406
7a8,0.05405405405405406
10a11,0.05405405405405406
4a9,0.05405405405405406
5a8,0.05405405405405406
11a12,0.02702702702702703
8a11,0.02702702702702703
5a9,0.02702702702702703
3a8,0.02702702702702703
4a7,0.02702702702702703
5a7,0.02702702702702703
7a9,0.02702702702702703
