poly,proportion
5a7,0.15384615384615385
3a4,0.15384615384615385
7a9,0.07692307692307693
8a9,0.07692307692307693
8a11,0.07692307692307693
9a11,0.07692307692307693
4a7,0.07692307692307693
5a8,0.07692307692307693
6a7,0.07692307692307693
3a5,0.07692307692307693
7a8,0.038461538461538464
2a5,0.038461538461538464
