poly,proportion
2a3,0.23809523809523808
2a5,0.14285714285714285
3a4,0.14285714285714285
3a5,0.14285714285714285
2a7,0.09523809523809523
3a7,0.09523809523809523
4a5,0.09523809523809523
3a8,0.047619047619047616
