poly,proportion
11a12,0.18518518518518517
6a11,0.1111111111111111
7a11,0.1111111111111111
7a12,0.1111111111111111
8a11,0.1111111111111111
7a9,0.07407407407407407
7a10,0.07407407407407407
9a11,0.07407407407407407
10a11,0.07407407407407407
5a9,0.037037037037037035
5a11,0.037037037037037035
