poly,proportion
8a11,0.18181818181818182
10a11,0.12121212121212122
8a9,0.09090909090909091
7a9,0.09090909090909091
7a11,0.09090909090909091
9a11,0.09090909090909091
7a10,0.06060606060606061
7a12,0.06060606060606061
11a12,0.06060606060606061
3a7,0.030303030303030304
4a7,0.030303030303030304
5a7,0.030303030303030304
6a7,0.030303030303030304
7a8,0.030303030303030304
