adj_rand,adj_mi,hg_score,complete_score,v_meas,fm_score
0.0068869949869332986,0.07789854225831866,0.1209195433528644,0.08976742863369737,0.10304041465876561,0.02958207284580339
