poly,proportion
11a12,0.17647058823529413
9a10,0.11764705882352941
7a12,0.11764705882352941
10a11,0.09803921568627451
7a8,0.09803921568627451
7a11,0.09803921568627451
8a11,0.09803921568627451
7a9,0.058823529411764705
9a11,0.0392156862745098
4a9,0.0196078431372549
5a9,0.0196078431372549
6a11,0.0196078431372549
7a10,0.0196078431372549
8a9,0.0196078431372549
