adj_rand,adj_mi,hg_score,complete_score,v_meas,fm_score
0.007079331733422448,0.047884415086792496,0.06005479347615121,0.05687729155486868,0.05842286994034772,0.04182093491153876
