poly,proportion
2a3,0.12871287128712872
2a5,0.10891089108910891
3a4,0.10891089108910891
3a5,0.10891089108910891
4a5,0.0891089108910891
2a7,0.07920792079207921
3a7,0.0594059405940594
3a8,0.0594059405940594
4a7,0.0594059405940594
5a6,0.039603960396039604
5a7,0.039603960396039604
5a8,0.0297029702970297
5a9,0.019801980198019802
6a7,0.019801980198019802
4a9,0.009900990099009901
5a11,0.009900990099009901
6a11,0.009900990099009901
7a9,0.009900990099009901
7a12,0.009900990099009901
