poly,proportion
2a3,0.36363636363636365
2a5,0.18181818181818182
3a4,0.18181818181818182
3a5,0.18181818181818182
4a5,0.09090909090909091
