adj_rand,adj_mi,hg_score,complete_score,v_meas,fm_score
0.007008750732757785,0.061698930315832824,0.08587841446800204,0.07226384326711299,0.0784850851634941,0.03589163792027131
