poly,proportion
9a10,0.15384615384615385
11a12,0.15384615384615385
7a9,0.11538461538461539
7a12,0.11538461538461539
8a9,0.11538461538461539
4a9,0.07692307692307693
5a9,0.07692307692307693
9a11,0.07692307692307693
6a11,0.038461538461538464
7a10,0.038461538461538464
10a11,0.038461538461538464
