poly,proportion
2a3,0.20833333333333334
2a5,0.125
3a4,0.08333333333333333
3a5,0.08333333333333333
4a5,0.08333333333333333
5a6,0.08333333333333333
2a7,0.041666666666666664
3a7,0.041666666666666664
3a8,0.041666666666666664
4a9,0.041666666666666664
5a7,0.041666666666666664
5a8,0.041666666666666664
5a9,0.041666666666666664
6a7,0.041666666666666664
