adj_rand,adj_mi,hg_score,complete_score,v_meas,fm_score
0.0072047379368112155,0.06775927360357872,0.09852897646477511,0.07832540080924748,0.08727317572661503,0.03280750955187796
