poly,proportion
4a7,0.1111111111111111
2a7,0.1111111111111111
3a8,0.1111111111111111
4a9,0.07407407407407407
5a7,0.07407407407407407
5a8,0.07407407407407407
5a9,0.07407407407407407
3a5,0.07407407407407407
6a11,0.037037037037037035
7a10,0.037037037037037035
7a11,0.037037037037037035
8a11,0.037037037037037035
4a5,0.037037037037037035
5a11,0.037037037037037035
3a7,0.037037037037037035
2a5,0.037037037037037035
