poly,proportion
2a3,0.22580645161290322
3a4,0.1935483870967742
3a5,0.0967741935483871
4a5,0.0967741935483871
2a5,0.06451612903225806
5a6,0.06451612903225806
5a7,0.06451612903225806
6a7,0.06451612903225806
4a7,0.03225806451612903
4a9,0.03225806451612903
5a8,0.03225806451612903
5a9,0.03225806451612903
