dyn_category,proportion
hairpin,0.5
revhairpin,0.25
cresc,0.16666666666666666
decresc,0.08333333333333333
