dyn_category,proportion
hairpin,0.25
revhairpin,0.25
subf,0.1875
subp,0.14583333333333334
cresc,0.08333333333333333
decresc,0.08333333333333333
