dyn_category,proportion
revhairpin,0.5
decresc,0.16666666666666666
subp,0.16666666666666666
subf,0.16666666666666666
