dyn_category,proportion
hairpin,0.25
revhairpin,0.25
subp,0.25
cresc,0.08333333333333333
decresc,0.08333333333333333
subf,0.08333333333333333
