dyn_category,proportion
hairpin,0.3333333333333333
revhairpin,0.2222222222222222
subf,0.14814814814814814
cresc,0.1111111111111111
subp,0.1111111111111111
decresc,0.07407407407407407
