dyn_category,proportion
hairpin,0.25
revhairpin,0.25
flat,0.125
subf,0.125
cresc,0.08333333333333333
decresc,0.08333333333333333
subp,0.08333333333333333
