dyn_category,proportion
hairpin,0.3
revhairpin,0.26666666666666666
subf,0.16666666666666666
cresc,0.1
subp,0.1
decresc,0.06666666666666667
