dyn_category,proportion
revhairpin,0.5
subp,0.3333333333333333
decresc,0.16666666666666666
