dyn_category,proportion
hairpin,0.5
subf,0.3333333333333333
cresc,0.16666666666666666
