dyn_category,proportion
hairpin,0.3157894736842105
revhairpin,0.3157894736842105
cresc,0.10526315789473684
decresc,0.10526315789473684
subp,0.10526315789473684
subf,0.05263157894736842
