dyn_category,proportion
hairpin,0.3333333333333333
revhairpin,0.25925925925925924
subf,0.14814814814814814
subp,0.1111111111111111
cresc,0.07407407407407407
decresc,0.07407407407407407
