dyn_category,proportion
hairpin,0.2727272727272727
revhairpin,0.2727272727272727
subf,0.15151515151515152
subp,0.12121212121212122
cresc,0.09090909090909091
decresc,0.09090909090909091
