dyn_category,proportion
revhairpin,0.5
hairpin,0.25
decresc,0.16666666666666666
cresc,0.08333333333333333
