dyn_category,proportion
hairpin,0.2571428571428571
revhairpin,0.2571428571428571
subf,0.17142857142857143
subp,0.14285714285714285
cresc,0.08571428571428572
decresc,0.08571428571428572
