dyn_category,proportion
hairpin,0.22767857142857142
revhairpin,0.22767857142857142
subp,0.1875
subf,0.15178571428571427
cresc,0.07589285714285714
decresc,0.07589285714285714
flat,0.05357142857142857
