dyn_category,proportion
subp,0.2857142857142857
hairpin,0.21428571428571427
revhairpin,0.21428571428571427
subf,0.14285714285714285
cresc,0.07142857142857142
decresc,0.07142857142857142
