dyn_category,proportion
subp,0.6666666666666666
subf,0.3333333333333333
