dyn_category,proportion
subf,0.6666666666666666
subp,0.3333333333333333
