dyn_category,proportion
hairpin,0.2647058823529412
revhairpin,0.2647058823529412
subp,0.14705882352941177
subf,0.14705882352941177
cresc,0.08823529411764706
decresc,0.08823529411764706
