dyn_category,proportion
flat,0.42857142857142855
subp,0.2857142857142857
subf,0.2857142857142857
