dyn_category,proportion
revhairpin,0.2916666666666667
hairpin,0.25
subf,0.16666666666666666
subp,0.125
cresc,0.08333333333333333
decresc,0.08333333333333333
