dyn_category,proportion
hairpin,0.3103448275862069
revhairpin,0.20689655172413793
subf,0.1724137931034483
subp,0.13793103448275862
cresc,0.10344827586206896
decresc,0.06896551724137931
