dyn_category,proportion
revhairpin,0.3103448275862069
hairpin,0.27586206896551724
subp,0.13793103448275862
decresc,0.10344827586206896
subf,0.10344827586206896
cresc,0.06896551724137931
