is_modemix,proportion
false,0.5000429147712643
true,0.4999570852287357
