is_modemix,proportion
false,0.5032175032175032
true,0.4967824967824968
