is_modemix,proportion
true,0.5013582342954159
false,0.498641765704584
