is_modemix,proportion
false,0.5036940460669275
true,0.4963059539330726
