is_modemix,proportion
false,0.5024266722937328
true,0.49757332770626717
