is_modemix,proportion
true,0.5018151354370287
false,0.49818486456297123
