is_modemix,proportion
true,0.5070321811680573
false,0.4929678188319428
