is_modemix,proportion
false,0.5003822629969419
true,0.4996177370030581
