is_modemix,proportion
true,0.5022488755622189
false,0.49775112443778113
