is_modemix,proportion
false,0.5114116652578191
true,0.4885883347421809
