is_modemix,proportion
false,0.5028636884306987
true,0.49713631156930127
