is_modemix,proportion
true,0.5027660986944014
false,0.4972339013055986
