is_modemix,proportion
true,0.5016891891891891
false,0.4983108108108108
