is_modemix,proportion
false,0.5038025350233489
true,0.4961974649766511
