is_modemix,proportion
true,0.5125084516565247
false,0.4874915483434753
