is_modemix,proportion
true,0.5003182686187142
false,0.4996817313812858
