adj_rand,adj_mi,hg_score,complete_score,v_meas,fm_score
0.008357331919594155,0.08846740027172524,0.13415219941339276,0.09747806579467874,0.11291181581277987,0.02986112070448585
