poly,proportion
2a3,0.25
4a5,0.16666666666666666
3a4,0.125
3a5,0.125
2a5,0.08333333333333333
3a7,0.08333333333333333
3a8,0.08333333333333333
2a7,0.041666666666666664
4a7,0.041666666666666664
