poly,proportion
4a5,0.11904761904761904
10a11,0.09523809523809523
11a12,0.09523809523809523
9a10,0.07142857142857142
9a11,0.07142857142857142
5a6,0.07142857142857142
3a5,0.07142857142857142
3a4,0.07142857142857142
8a11,0.047619047619047616
4a7,0.047619047619047616
5a7,0.047619047619047616
6a7,0.047619047619047616
7a8,0.023809523809523808
7a9,0.023809523809523808
7a10,0.023809523809523808
7a11,0.023809523809523808
7a12,0.023809523809523808
8a9,0.023809523809523808
