poly,proportion
2a5,0.08695652173913043
2a7,0.08695652173913043
3a4,0.08695652173913043
3a7,0.08695652173913043
4a7,0.08695652173913043
5a6,0.08695652173913043
5a7,0.08695652173913043
6a7,0.08695652173913043
2a3,0.08695652173913043
3a5,0.043478260869565216
3a8,0.043478260869565216
4a9,0.043478260869565216
5a8,0.043478260869565216
5a9,0.043478260869565216
