poly,proportion
5a11,0.16666666666666666
6a11,0.16666666666666666
9a10,0.16666666666666666
9a11,0.16666666666666666
10a11,0.16666666666666666
11a12,0.16666666666666666
