poly,proportion
9a10,0.09302325581395349
9a11,0.09302325581395349
10a11,0.09302325581395349
3a4,0.09302325581395349
7a9,0.06976744186046512
8a9,0.06976744186046512
11a12,0.06976744186046512
4a5,0.06976744186046512
5a6,0.06976744186046512
7a12,0.046511627906976744
8a11,0.046511627906976744
7a8,0.046511627906976744
7a10,0.046511627906976744
6a7,0.023255813953488372
6a11,0.023255813953488372
7a11,0.023255813953488372
2a3,0.023255813953488372
