poly,proportion
2a3,0.13953488372093023
2a5,0.10465116279069768
3a4,0.10465116279069768
3a5,0.10465116279069768
2a7,0.06976744186046512
3a7,0.06976744186046512
4a5,0.06976744186046512
4a7,0.05813953488372093
3a8,0.046511627906976744
5a6,0.046511627906976744
5a7,0.046511627906976744
4a9,0.023255813953488372
5a8,0.023255813953488372
5a9,0.023255813953488372
6a7,0.023255813953488372
7a8,0.023255813953488372
7a9,0.011627906976744186
7a10,0.011627906976744186
