adj_rand,adj_mi,hg_score,complete_score,v_meas,fm_score
0.00974042564964683,0.04659747885230295,0.05312890524930918,0.054163980570487436,0.053641450123506525,0.04740086277915304
