adj_rand,adj_mi,hg_score,complete_score,v_meas,fm_score
0.008874815594734556,0.05091854424713515,0.06368101469644043,0.05882730059527296,0.06115800686409231,0.041399345924194156
