adj_rand,adj_mi,hg_score,complete_score,v_meas,fm_score
0.008844979164782489,0.06553522688006017,0.09126156261921219,0.07377839309524624,0.08159395598791724,0.03461115651395392
