poly,proportion
2a3,0.2717391304347826
3a4,0.09782608695652174
2a5,0.08695652173913043
3a5,0.06521739130434782
4a5,0.06521739130434782
2a7,0.05434782608695652
3a7,0.05434782608695652
3a8,0.05434782608695652
4a7,0.05434782608695652
5a6,0.043478260869565216
5a7,0.043478260869565216
5a8,0.03260869565217391
4a9,0.021739130434782608
5a9,0.021739130434782608
6a7,0.021739130434782608
7a9,0.010869565217391304
