poly,proportion
2a3,0.234375
2a5,0.109375
3a4,0.109375
3a5,0.09375
4a5,0.09375
2a7,0.0625
3a7,0.0625
3a8,0.046875
4a7,0.046875
5a6,0.03125
5a7,0.03125
6a7,0.03125
4a9,0.015625
5a8,0.015625
5a9,0.015625
