poly,proportion
2a7,0.10256410256410256
3a7,0.10256410256410256
4a7,0.10256410256410256
5a7,0.10256410256410256
5a8,0.10256410256410256
3a8,0.07692307692307693
7a12,0.07692307692307693
7a8,0.07692307692307693
4a9,0.05128205128205128
6a7,0.05128205128205128
5a9,0.02564102564102564
7a9,0.02564102564102564
7a10,0.02564102564102564
7a11,0.02564102564102564
8a9,0.02564102564102564
8a11,0.02564102564102564
