poly,proportion
7a8,0.0967741935483871
7a9,0.0967741935483871
5a8,0.06451612903225806
7a10,0.06451612903225806
7a11,0.06451612903225806
7a12,0.06451612903225806
8a9,0.06451612903225806
5a6,0.06451612903225806
5a7,0.06451612903225806
6a7,0.06451612903225806
8a11,0.03225806451612903
9a10,0.03225806451612903
9a11,0.03225806451612903
2a7,0.03225806451612903
3a7,0.03225806451612903
4a7,0.03225806451612903
5a9,0.03225806451612903
5a11,0.03225806451612903
6a11,0.03225806451612903
