adj_rand,adj_mi,hg_score,complete_score,v_meas,fm_score
0.008786310554304386,0.08004331670192039,0.11893559035460671,0.08885555667819273,0.10171836712696827,0.031285288118821176
