adj_rand,adj_mi,hg_score,complete_score,v_meas,fm_score
0.004851921943672137,0.00922266138606559,0.011555149335877007,0.00821525962033911,0.009603094397920555,0.1150968699246995
