adj_rand,adj_mi,hg_score,complete_score,v_meas,fm_score
0.0054103412496401115,0.014010389043701348,0.019013585986060347,0.011779433379046555,0.014546755988038104,0.09757748870651455
