dyn_category,proportion
hairpin,0.225
revhairpin,0.21875
subp,0.16785714285714284
subf,0.1669642857142857
flat,0.075
cresc,0.07321428571428572
decresc,0.07321428571428572
