adj_rand,adj_mi,hg_score,complete_score,v_meas,fm_score
0.004698936550574721,0.015025873018773735,0.021584560280230005,0.012354622284362637,0.0157145263548276,0.08749218129115632
