poly,proportion
5a8,0.09523809523809523
5a9,0.09523809523809523
6a7,0.09523809523809523
2a5,0.09523809523809523
2a7,0.09523809523809523
2a3,0.09523809523809523
5a11,0.047619047619047616
6a11,0.047619047619047616
7a9,0.047619047619047616
3a8,0.047619047619047616
4a9,0.047619047619047616
5a6,0.047619047619047616
5a7,0.047619047619047616
3a4,0.047619047619047616
3a5,0.047619047619047616
