poly,proportion
8a9,0.09090909090909091
9a10,0.09090909090909091
6a7,0.09090909090909091
4a9,0.045454545454545456
5a8,0.045454545454545456
5a9,0.045454545454545456
5a11,0.045454545454545456
6a11,0.045454545454545456
7a8,0.045454545454545456
7a9,0.045454545454545456
7a10,0.045454545454545456
7a11,0.045454545454545456
8a11,0.045454545454545456
9a11,0.045454545454545456
2a7,0.045454545454545456
3a7,0.045454545454545456
4a7,0.045454545454545456
5a6,0.045454545454545456
5a7,0.045454545454545456
