adj_rand,adj_mi,hg_score,complete_score,v_meas,fm_score
0.009487333588304416,0.085492032054049,0.12993441164161706,0.09601966763443477,0.11043181039330963,0.03206242703030495
