poly,proportion
7a10,0.13636363636363635
8a9,0.13636363636363635
8a11,0.13636363636363635
9a10,0.09090909090909091
9a11,0.09090909090909091
10a11,0.09090909090909091
7a9,0.09090909090909091
11a12,0.045454545454545456
5a6,0.045454545454545456
5a7,0.045454545454545456
6a7,0.045454545454545456
7a8,0.045454545454545456
