poly,proportion
5a7,0.11428571428571428
7a10,0.08571428571428572
8a11,0.08571428571428572
6a7,0.08571428571428572
7a8,0.08571428571428572
7a9,0.08571428571428572
5a6,0.08571428571428572
8a9,0.05714285714285714
5a8,0.05714285714285714
4a5,0.05714285714285714
7a11,0.02857142857142857
7a12,0.02857142857142857
9a10,0.02857142857142857
9a11,0.02857142857142857
5a9,0.02857142857142857
6a11,0.02857142857142857
4a7,0.02857142857142857
