poly,proportion
3a8,0.11363636363636363
2a7,0.09090909090909091
3a7,0.09090909090909091
4a7,0.09090909090909091
4a9,0.06818181818181818
5a9,0.06818181818181818
5a11,0.06818181818181818
6a11,0.06818181818181818
5a7,0.045454545454545456
5a8,0.045454545454545456
6a7,0.045454545454545456
2a5,0.045454545454545456
3a5,0.045454545454545456
4a5,0.045454545454545456
11a12,0.022727272727272728
5a6,0.022727272727272728
3a4,0.022727272727272728
