poly,proportion
2a3,0.4
3a4,0.2
2a5,0.13333333333333333
2a7,0.13333333333333333
3a5,0.13333333333333333
