poly,proportion
4a9,0.15384615384615385
5a8,0.07692307692307693
5a9,0.07692307692307693
5a11,0.07692307692307693
6a11,0.07692307692307693
7a11,0.07692307692307693
7a12,0.07692307692307693
3a7,0.07692307692307693
3a8,0.07692307692307693
4a7,0.07692307692307693
5a6,0.07692307692307693
5a7,0.07692307692307693
