poly,proportion
7a9,0.09523809523809523
7a12,0.09523809523809523
8a9,0.09523809523809523
4a7,0.09523809523809523
4a9,0.09523809523809523
2a3,0.09523809523809523
2a7,0.09523809523809523
3a7,0.09523809523809523
3a8,0.09523809523809523
5a9,0.047619047619047616
6a11,0.047619047619047616
7a11,0.047619047619047616
