adj_rand,adj_mi,hg_score,complete_score,v_meas,fm_score
0.013118561991472108,0.05204335767729613,0.05791499679934795,0.060503720011143076,0.05918106267612521,0.05278687974613549
