poly,proportion
2a3,0.30113636363636365
2a5,0.11363636363636363
3a4,0.10227272727272728
3a5,0.07954545454545454
2a7,0.06818181818181818
3a7,0.045454545454545456
4a5,0.045454545454545456
5a6,0.045454545454545456
4a7,0.03977272727272727
3a8,0.03409090909090909
5a7,0.03409090909090909
6a7,0.028409090909090908
4a9,0.017045454545454544
5a8,0.017045454545454544
5a9,0.017045454545454544
5a11,0.005681818181818182
6a11,0.005681818181818182
