adj_rand,adj_mi,hg_score,complete_score,v_meas,fm_score
0.010644164321129837,0.056773153973764076,0.06936523600643939,0.06488968482575486,0.06705286144331174,0.044494816634470406
