adj_rand,adj_mi,hg_score,complete_score,v_meas,fm_score
0.011566666493614762,0.061724462709733204,0.08077228816077343,0.07000242506424531,0.07500271004732291,0.04123503921512046
