poly,proportion
5a11,0.10344827586206896
6a11,0.10344827586206896
7a11,0.10344827586206896
7a12,0.10344827586206896
11a12,0.06896551724137931
4a9,0.06896551724137931
5a8,0.06896551724137931
5a9,0.06896551724137931
7a8,0.06896551724137931
7a9,0.06896551724137931
7a10,0.06896551724137931
8a11,0.034482758620689655
9a11,0.034482758620689655
3a8,0.034482758620689655
