poly,proportion
7a11,0.0847457627118644
7a12,0.0847457627118644
10a11,0.0847457627118644
7a10,0.06779661016949153
9a11,0.06779661016949153
8a11,0.05084745762711865
9a10,0.05084745762711865
7a8,0.05084745762711865
7a9,0.05084745762711865
4a9,0.05084745762711865
5a9,0.05084745762711865
5a11,0.05084745762711865
6a11,0.05084745762711865
6a7,0.05084745762711865
11a12,0.03389830508474576
8a9,0.03389830508474576
5a7,0.03389830508474576
5a8,0.03389830508474576
5a6,0.01694915254237288
