adj_rand,adj_mi,hg_score,complete_score,v_meas,fm_score
0.010810256861977133,0.06880231627936727,0.09414514480910947,0.07762999746599385,0.0850936550675303,0.038377109469551036
