poly,proportion
2a3,0.2903225806451613
2a5,0.14516129032258066
3a4,0.12903225806451613
3a5,0.12903225806451613
4a5,0.06451612903225806
2a7,0.06451612903225806
3a7,0.04838709677419355
4a7,0.03225806451612903
5a6,0.03225806451612903
5a7,0.03225806451612903
3a8,0.016129032258064516
4a9,0.016129032258064516
