poly,proportion
2a5,0.16981132075471697
3a5,0.1509433962264151
3a4,0.1320754716981132
2a7,0.11320754716981132
3a7,0.07547169811320754
4a5,0.07547169811320754
3a8,0.05660377358490566
2a3,0.05660377358490566
5a11,0.018867924528301886
6a11,0.018867924528301886
7a8,0.018867924528301886
7a9,0.018867924528301886
7a10,0.018867924528301886
7a11,0.018867924528301886
7a12,0.018867924528301886
5a6,0.018867924528301886
4a7,0.018867924528301886
