poly,proportion
9a10,0.15384615384615385
11a12,0.15384615384615385
4a9,0.07692307692307693
5a8,0.07692307692307693
5a9,0.07692307692307693
5a11,0.07692307692307693
6a11,0.07692307692307693
7a11,0.07692307692307693
7a12,0.07692307692307693
9a11,0.07692307692307693
10a11,0.07692307692307693
