poly,proportion
2a7,0.1724137931034483
3a8,0.1724137931034483
3a7,0.10344827586206896
7a9,0.06896551724137931
7a12,0.06896551724137931
8a9,0.06896551724137931
4a7,0.06896551724137931
4a9,0.06896551724137931
2a3,0.06896551724137931
5a9,0.034482758620689655
6a11,0.034482758620689655
7a11,0.034482758620689655
2a5,0.034482758620689655
