poly,proportion
2a3,0.33636363636363636
2a5,0.10909090909090909
3a4,0.08181818181818182
3a5,0.06363636363636363
2a7,0.06363636363636363
3a7,0.045454545454545456
4a5,0.045454545454545456
4a7,0.045454545454545456
5a6,0.045454545454545456
3a8,0.03636363636363636
5a7,0.03636363636363636
6a7,0.03636363636363636
4a9,0.01818181818181818
5a8,0.01818181818181818
5a9,0.01818181818181818
