poly,proportion
3a8,0.10344827586206896
2a7,0.10344827586206896
2a5,0.10344827586206896
4a9,0.06896551724137931
5a8,0.06896551724137931
5a9,0.06896551724137931
6a7,0.06896551724137931
3a7,0.06896551724137931
5a11,0.034482758620689655
7a8,0.034482758620689655
7a9,0.034482758620689655
7a10,0.034482758620689655
4a7,0.034482758620689655
5a6,0.034482758620689655
5a7,0.034482758620689655
3a4,0.034482758620689655
3a5,0.034482758620689655
2a3,0.034482758620689655
