poly,proportion
9a10,0.12903225806451613
9a11,0.12903225806451613
11a12,0.12903225806451613
10a11,0.0967741935483871
4a9,0.06451612903225806
5a9,0.06451612903225806
7a9,0.06451612903225806
7a10,0.06451612903225806
7a12,0.06451612903225806
8a9,0.06451612903225806
5a11,0.03225806451612903
6a11,0.03225806451612903
7a11,0.03225806451612903
8a11,0.03225806451612903
