poly,proportion
9a11,0.11267605633802817
11a12,0.08450704225352113
9a10,0.08450704225352113
5a11,0.07042253521126761
6a11,0.07042253521126761
7a12,0.07042253521126761
7a11,0.056338028169014086
4a9,0.056338028169014086
5a9,0.056338028169014086
7a9,0.04225352112676056
7a10,0.04225352112676056
8a9,0.04225352112676056
10a11,0.04225352112676056
3a7,0.028169014084507043
4a7,0.028169014084507043
5a6,0.028169014084507043
5a7,0.028169014084507043
5a8,0.028169014084507043
6a7,0.028169014084507043
