poly,proportion
2a5,0.23529411764705882
2a7,0.23529411764705882
3a7,0.11764705882352941
3a8,0.11764705882352941
3a5,0.11764705882352941
5a6,0.058823529411764705
4a7,0.058823529411764705
2a3,0.058823529411764705
