adj_rand,adj_mi,hg_score,complete_score,v_meas,fm_score
0.004641546759450812,0.014796352097137094,0.016597723930523094,0.014141900887219356,0.015271713182615531,0.11073372995948304
