adj_rand,adj_mi,hg_score,complete_score,v_meas,fm_score
0.030000467237276007,0.09954173429856311,0.1252105906087883,0.08370310197612434,0.10033344109274574,0.10795544960903239
