quality,proportion
fulldim7,0.4236453201970443
halfdim7,0.2744546094299789
majorminor7,0.23363828289936664
minor7,0.03166783954961295
augminor7,0.028852920478536243
augmajor7,0.007741027445460943
