adj_rand,adj_mi,hg_score,complete_score,v_meas,fm_score
0.028325206007072015,0.09636447209162899,0.11767421596231047,0.08256214442810687,0.09703967446073761,0.1101383781251176
