quality,proportion
fulldim7,0.4144645340751043
halfdim7,0.3011126564673157
majorminor7,0.24200278164116829
minor7,0.03268428372739916
augminor7,0.009735744089012517
