quality,proportion
fulldim7,0.41576506955177744
majorminor7,0.28593508500772796
halfdim7,0.28438948995363217
minor7,0.011591962905718702
augminor7,0.0015455950540958269
minormajor7,0.0007727975270479134
