quality,proportion
fulldim7,0.46207497820401044
majorminor7,0.2781168265039233
halfdim7,0.25196163905841323
minor7,0.0052310374891020054
augminor7,0.0017436791630340018
minormajor7,0.0008718395815170009
