quality,proportion
fulldim7,0.43676222596964587
halfdim7,0.29679595278246207
majorminor7,0.23608768971332209
minor7,0.021079258010118045
augminor7,0.00927487352445194
