quality,proportion
fulldim7,0.40493319630010277
halfdim7,0.249743062692703
majorminor7,0.22713257965056527
minor7,0.06885919835560124
major7,0.046248715313463515
augminor7,0.003083247687564234
