adj_rand,adj_mi,hg_score,complete_score,v_meas,fm_score
0.009850106894847804,0.09254888655426914,0.13554520857945462,0.10327468609170638,0.11722967122611697,0.034696620433325394
