poly,proportion
6a7,0.11764705882352941
4a5,0.11764705882352941
11a12,0.08823529411764706
7a8,0.08823529411764706
5a6,0.08823529411764706
10a11,0.058823529411764705
4a7,0.058823529411764705
5a7,0.058823529411764705
3a4,0.058823529411764705
7a10,0.029411764705882353
7a11,0.029411764705882353
7a12,0.029411764705882353
8a11,0.029411764705882353
9a10,0.029411764705882353
9a11,0.029411764705882353
5a8,0.029411764705882353
3a7,0.029411764705882353
3a5,0.029411764705882353
