poly,proportion
2a7,0.3333333333333333
4a9,0.1111111111111111
5a8,0.1111111111111111
5a9,0.1111111111111111
5a11,0.1111111111111111
3a7,0.1111111111111111
3a8,0.1111111111111111
