poly,proportion
2a5,0.23333333333333334
3a4,0.23333333333333334
4a5,0.2
3a5,0.13333333333333333
2a3,0.06666666666666667
4a7,0.03333333333333333
3a7,0.03333333333333333
3a8,0.03333333333333333
2a7,0.03333333333333333
