poly,proportion
2a3,0.2727272727272727
2a5,0.18181818181818182
3a5,0.18181818181818182
4a5,0.18181818181818182
3a4,0.18181818181818182
