poly,proportion
11a12,0.15384615384615385
10a11,0.09230769230769231
8a9,0.09230769230769231
9a10,0.09230769230769231
7a12,0.07692307692307693
8a11,0.07692307692307693
9a11,0.07692307692307693
7a10,0.06153846153846154
7a11,0.06153846153846154
5a11,0.046153846153846156
6a11,0.046153846153846156
7a8,0.046153846153846156
7a9,0.046153846153846156
5a8,0.015384615384615385
5a9,0.015384615384615385
