poly,proportion
11a12,0.12121212121212122
8a9,0.12121212121212122
9a10,0.12121212121212122
7a10,0.09090909090909091
7a12,0.06060606060606061
7a8,0.06060606060606061
7a9,0.06060606060606061
8a11,0.06060606060606061
9a11,0.06060606060606061
10a11,0.06060606060606061
5a11,0.030303030303030304
6a11,0.030303030303030304
7a11,0.030303030303030304
4a9,0.030303030303030304
5a8,0.030303030303030304
5a9,0.030303030303030304
