poly,proportion
5a9,0.13725490196078433
4a9,0.09803921568627451
7a9,0.09803921568627451
8a9,0.09803921568627451
9a10,0.09803921568627451
9a11,0.09803921568627451
2a3,0.0784313725490196
3a4,0.0784313725490196
3a5,0.0784313725490196
3a7,0.0784313725490196
3a8,0.058823529411764705
