poly,proportion
4a9,0.10526315789473684
5a8,0.10526315789473684
5a9,0.10526315789473684
7a8,0.10526315789473684
6a11,0.05263157894736842
7a9,0.05263157894736842
7a10,0.05263157894736842
7a11,0.05263157894736842
7a12,0.05263157894736842
8a9,0.05263157894736842
8a11,0.05263157894736842
3a8,0.05263157894736842
4a7,0.05263157894736842
5a6,0.05263157894736842
5a7,0.05263157894736842
