poly,proportion
4a9,0.2
3a8,0.2
2a7,0.2
5a9,0.13333333333333333
3a7,0.13333333333333333
5a11,0.06666666666666667
2a5,0.06666666666666667
