adj_rand,adj_mi,hg_score,complete_score,v_meas,fm_score
0.009093849577159531,0.05312809916282628,0.05714695341905295,0.06452331636694073,0.060611535773694006,0.06027544902132639
