poly,proportion
11a12,0.1553398058252427
10a11,0.11650485436893204
9a10,0.11650485436893204
9a11,0.08737864077669903
8a9,0.07766990291262135
8a11,0.06796116504854369
7a10,0.06796116504854369
7a9,0.05825242718446602
7a12,0.04854368932038835
5a9,0.038834951456310676
7a11,0.038834951456310676
4a9,0.02912621359223301
5a11,0.02912621359223301
6a11,0.02912621359223301
7a8,0.02912621359223301
5a8,0.009708737864077669
