poly,proportion
2a3,0.15053763440860216
3a4,0.08602150537634409
2a7,0.07526881720430108
3a5,0.06451612903225806
3a8,0.06451612903225806
4a7,0.06451612903225806
5a6,0.06451612903225806
2a5,0.053763440860215055
3a7,0.053763440860215055
5a7,0.053763440860215055
6a7,0.053763440860215055
4a5,0.043010752688172046
5a8,0.043010752688172046
4a9,0.03225806451612903
5a9,0.03225806451612903
5a11,0.021505376344086023
7a8,0.021505376344086023
6a11,0.010752688172043012
7a9,0.010752688172043012
