poly,proportion
7a8,0.078125
7a9,0.078125
7a10,0.0625
8a9,0.0625
5a7,0.0625
6a7,0.0625
5a6,0.0625
7a11,0.046875
8a11,0.046875
9a10,0.046875
9a11,0.046875
4a9,0.046875
5a8,0.046875
5a9,0.046875
7a12,0.03125
10a11,0.03125
5a11,0.03125
11a12,0.015625
6a11,0.015625
3a5,0.015625
3a7,0.015625
3a8,0.015625
4a5,0.015625
4a7,0.015625
