adj_rand,adj_mi,hg_score,complete_score,v_meas,fm_score
0.009926543228093708,0.0675692422620584,0.08515402756762065,0.077587188701341,0.08119469372342711,0.044473652183465474
