poly,proportion
2a3,0.2962962962962963
2a5,0.2222222222222222
2a7,0.1111111111111111
3a5,0.1111111111111111
4a5,0.07407407407407407
3a4,0.07407407407407407
3a7,0.037037037037037035
3a8,0.037037037037037035
4a7,0.037037037037037035
