poly,proportion
9a10,0.22727272727272727
11a12,0.13636363636363635
7a12,0.09090909090909091
9a11,0.09090909090909091
7a9,0.09090909090909091
8a9,0.09090909090909091
3a8,0.045454545454545456
4a9,0.045454545454545456
5a9,0.045454545454545456
6a7,0.045454545454545456
7a10,0.045454545454545456
10a11,0.045454545454545456
