poly,proportion
2a7,0.17142857142857143
3a7,0.11428571428571428
3a8,0.11428571428571428
6a7,0.08571428571428572
2a5,0.08571428571428572
4a5,0.08571428571428572
4a7,0.05714285714285714
5a7,0.05714285714285714
5a8,0.05714285714285714
5a9,0.05714285714285714
3a5,0.05714285714285714
5a11,0.02857142857142857
4a9,0.02857142857142857
