poly,proportion
7a8,0.16666666666666666
7a9,0.16666666666666666
7a10,0.16666666666666666
7a11,0.16666666666666666
7a12,0.16666666666666666
8a11,0.16666666666666666
