adj_rand,adj_mi,hg_score,complete_score,v_meas,fm_score
0.010741129645512753,0.08281183325672789,0.11323407029769675,0.09293280342551803,0.10208390325765718,0.039662099446139194
