poly,proportion
2a3,0.22448979591836735
3a4,0.22448979591836735
2a5,0.16326530612244897
3a5,0.14285714285714285
4a5,0.12244897959183673
3a7,0.04081632653061224
3a8,0.04081632653061224
4a7,0.02040816326530612
2a7,0.02040816326530612
