poly,proportion
9a10,0.13333333333333333
5a9,0.1
7a9,0.1
7a10,0.1
7a12,0.1
8a9,0.1
9a11,0.1
10a11,0.1
11a12,0.1
4a9,0.06666666666666667
