poly,proportion
2a3,0.1935483870967742
2a5,0.12903225806451613
3a5,0.12903225806451613
4a5,0.0967741935483871
5a6,0.0967741935483871
2a7,0.06451612903225806
3a7,0.06451612903225806
3a8,0.06451612903225806
4a7,0.06451612903225806
3a4,0.06451612903225806
5a7,0.03225806451612903
