adj_rand,adj_mi,hg_score,complete_score,v_meas,fm_score
0.010870562597011944,0.08617663788749776,0.12241860688755271,0.09723595303624145,0.10838372683189382,0.03820728522384128
