poly,proportion
11a12,0.12903225806451613
7a8,0.12903225806451613
7a9,0.12903225806451613
7a10,0.12903225806451613
8a9,0.12903225806451613
6a11,0.0967741935483871
7a11,0.0967741935483871
8a11,0.0967741935483871
5a11,0.06451612903225806
