adj_rand,adj_mi,hg_score,complete_score,v_meas,fm_score
0.006297448135647604,0.07388300876141847,0.115267831476531,0.08698526290478895,0.09914906524542164,0.02988262995088232
