poly,proportion
11a12,0.18181818181818182
5a11,0.18181818181818182
7a8,0.18181818181818182
7a11,0.18181818181818182
3a8,0.09090909090909091
5a8,0.09090909090909091
6a11,0.09090909090909091
