poly,proportion
8a11,0.2631578947368421
7a12,0.15789473684210525
8a9,0.15789473684210525
11a12,0.10526315789473684
9a11,0.10526315789473684
7a8,0.05263157894736842
7a10,0.05263157894736842
7a11,0.05263157894736842
10a11,0.05263157894736842
