poly,proportion
8a11,0.18518518518518517
7a11,0.14814814814814814
10a11,0.14814814814814814
9a11,0.1111111111111111
7a9,0.07407407407407407
7a10,0.07407407407407407
7a12,0.07407407407407407
8a9,0.07407407407407407
11a12,0.07407407407407407
7a8,0.037037037037037035
