poly,proportion
11a12,0.36363636363636365
7a12,0.18181818181818182
10a11,0.18181818181818182
9a10,0.09090909090909091
7a11,0.09090909090909091
8a11,0.09090909090909091
