adj_rand,adj_mi,hg_score,complete_score,v_meas,fm_score
0.006007597551407723,0.04478142487600153,0.056649591209140475,0.05422366953163727,0.05541009062606251,0.04179356499311804
