poly,proportion
8a11,0.16666666666666666
11a12,0.13333333333333333
7a8,0.1
7a12,0.1
8a9,0.1
7a11,0.1
5a11,0.06666666666666667
9a11,0.06666666666666667
3a8,0.03333333333333333
5a8,0.03333333333333333
6a11,0.03333333333333333
7a10,0.03333333333333333
10a11,0.03333333333333333
