poly,proportion
2a5,0.13043478260869565
2a7,0.08695652173913043
3a5,0.08695652173913043
3a7,0.08695652173913043
3a8,0.08695652173913043
4a5,0.08695652173913043
4a7,0.08695652173913043
5a6,0.08695652173913043
5a7,0.08695652173913043
2a3,0.08695652173913043
4a9,0.043478260869565216
5a9,0.043478260869565216
