adj_rand,adj_mi,hg_score,complete_score,v_meas,fm_score
0.006256678057044941,0.05715891393692227,0.08099080625377261,0.06821432964944979,0.07405554135821468,0.03497913275732882
