poly,proportion
4a9,0.09090909090909091
2a7,0.09090909090909091
3a7,0.09090909090909091
4a7,0.09090909090909091
5a11,0.07272727272727272
6a11,0.07272727272727272
3a8,0.07272727272727272
7a12,0.05454545454545454
7a9,0.03636363636363636
8a9,0.03636363636363636
5a7,0.03636363636363636
6a7,0.03636363636363636
7a11,0.03636363636363636
8a11,0.03636363636363636
9a11,0.03636363636363636
10a11,0.03636363636363636
3a4,0.03636363636363636
5a9,0.01818181818181818
5a8,0.01818181818181818
