poly,proportion
10a11,0.12195121951219512
9a11,0.0975609756097561
11a12,0.0975609756097561
7a10,0.0975609756097561
9a10,0.0975609756097561
7a12,0.07317073170731707
8a9,0.04878048780487805
4a9,0.04878048780487805
5a6,0.04878048780487805
5a7,0.04878048780487805
5a8,0.04878048780487805
5a9,0.04878048780487805
6a7,0.04878048780487805
7a9,0.024390243902439025
7a11,0.024390243902439025
8a11,0.024390243902439025
