poly,proportion
2a3,0.21428571428571427
2a5,0.14285714285714285
3a4,0.14285714285714285
3a5,0.14285714285714285
4a5,0.14285714285714285
2a7,0.07142857142857142
3a7,0.07142857142857142
4a7,0.07142857142857142
