poly,proportion
2a3,0.20833333333333334
3a4,0.08333333333333333
5a6,0.08333333333333333
5a7,0.08333333333333333
5a8,0.08333333333333333
6a7,0.08333333333333333
7a8,0.08333333333333333
2a5,0.041666666666666664
2a7,0.041666666666666664
3a5,0.041666666666666664
3a7,0.041666666666666664
3a8,0.041666666666666664
4a5,0.041666666666666664
4a7,0.041666666666666664
