poly,proportion
7a8,0.15384615384615385
7a11,0.07692307692307693
8a11,0.07692307692307693
10a11,0.07692307692307693
11a12,0.07692307692307693
3a4,0.07692307692307693
4a5,0.07692307692307693
4a7,0.07692307692307693
4a9,0.07692307692307693
2a3,0.07692307692307693
2a5,0.07692307692307693
2a7,0.07692307692307693
