poly,proportion
7a8,0.3333333333333333
7a9,0.3333333333333333
8a11,0.3333333333333333
