adj_rand,adj_mi,hg_score,complete_score,v_meas,fm_score
0.001152722513064717,0.029771639756894036,0.04997199214583034,0.054351829272231186,0.05206997114530961,0.04905925575574438
