poly,proportion
8a11,0.2857142857142857
11a12,0.14285714285714285
7a8,0.14285714285714285
7a9,0.14285714285714285
7a10,0.14285714285714285
8a9,0.14285714285714285
