poly,proportion
7a9,0.3333333333333333
8a9,0.3333333333333333
6a11,0.16666666666666666
4a9,0.16666666666666666
