poly,proportion
4a9,0.10714285714285714
5a9,0.10714285714285714
7a8,0.07142857142857142
7a9,0.07142857142857142
7a10,0.07142857142857142
9a11,0.07142857142857142
3a4,0.07142857142857142
5a6,0.07142857142857142
7a11,0.03571428571428571
8a9,0.03571428571428571
9a10,0.03571428571428571
10a11,0.03571428571428571
11a12,0.03571428571428571
2a7,0.03571428571428571
4a7,0.03571428571428571
5a8,0.03571428571428571
5a11,0.03571428571428571
2a3,0.03571428571428571
