adj_rand,adj_mi,hg_score,complete_score,v_meas,fm_score
0.000802665367739606,0.023075613248865156,0.035812142198768916,0.04095888700243068,0.03821299521177802,0.05030883535965748
