adj_rand,adj_mi,hg_score,complete_score,v_meas,fm_score
0.000880886360053542,0.025665048679051942,0.04120718200692464,0.04606730299352261,0.04350191786322205,0.04966113716700825
