poly,proportion
9a11,0.6666666666666666
10a11,0.3333333333333333
