poly,proportion
4a9,0.0625
8a9,0.0625
9a10,0.0625
4a7,0.0625
5a9,0.046875
7a9,0.046875
7a11,0.046875
9a11,0.046875
2a7,0.046875
3a4,0.046875
6a7,0.046875
7a8,0.046875
7a12,0.03125
3a7,0.03125
4a5,0.03125
5a6,0.03125
5a7,0.03125
6a11,0.03125
7a10,0.03125
10a11,0.03125
8a11,0.015625
3a8,0.015625
5a8,0.015625
2a3,0.015625
2a5,0.015625
3a5,0.015625
5a11,0.015625
11a12,0.015625
