adj_rand,adj_mi,hg_score,complete_score,v_meas,fm_score
0.0011766941556267862,0.02901689013229643,0.047137486153778885,0.051601490711918406,0.049268579261376295,0.049199016858113
