poly,proportion
4a9,0.125
5a9,0.125
7a9,0.08333333333333333
9a11,0.08333333333333333
3a4,0.08333333333333333
5a6,0.08333333333333333
7a8,0.041666666666666664
8a9,0.041666666666666664
9a10,0.041666666666666664
10a11,0.041666666666666664
11a12,0.041666666666666664
2a7,0.041666666666666664
4a7,0.041666666666666664
5a8,0.041666666666666664
5a11,0.041666666666666664
2a3,0.041666666666666664
