dyn_category,proportion
revhairpin,0.6666666666666666
hairpin,0.3333333333333333
