dyn_category,proportion
cresc,0.3333333333333333
decresc,0.3333333333333333
hairpin,0.3333333333333333
