dyn_category,proportion
revhairpin,0.6666666666666666
decresc,0.3333333333333333
