dyn_category,proportion
cresc,0.3333333333333333
subp,0.3333333333333333
subf,0.3333333333333333
