poly,proportion
8a9,0.10666666666666667
7a9,0.08
8a11,0.08
9a10,0.08
9a11,0.08
5a9,0.05333333333333334
7a8,0.05333333333333334
7a10,0.05333333333333334
10a11,0.05333333333333334
5a6,0.05333333333333334
4a9,0.04
5a11,0.02666666666666667
6a11,0.02666666666666667
7a11,0.02666666666666667
7a12,0.02666666666666667
11a12,0.02666666666666667
3a7,0.02666666666666667
3a8,0.02666666666666667
4a7,0.02666666666666667
5a8,0.02666666666666667
5a7,0.013333333333333334
6a7,0.013333333333333334
