poly,proportion
2a7,0.2222222222222222
3a7,0.2222222222222222
3a8,0.1111111111111111
2a3,0.1111111111111111
4a7,0.05555555555555555
4a9,0.05555555555555555
5a7,0.05555555555555555
5a8,0.05555555555555555
5a9,0.05555555555555555
6a7,0.05555555555555555
