poly,proportion
9a11,0.12162162162162163
9a10,0.10810810810810811
11a12,0.10810810810810811
6a11,0.0945945945945946
10a11,0.0945945945945946
8a9,0.06756756756756757
7a11,0.05405405405405406
8a11,0.05405405405405406
4a9,0.04054054054054054
5a9,0.04054054054054054
5a11,0.04054054054054054
7a9,0.04054054054054054
7a10,0.04054054054054054
7a12,0.04054054054054054
5a6,0.02702702702702703
6a7,0.02702702702702703
