poly,proportion
11a12,0.1282051282051282
7a12,0.10256410256410256
9a10,0.10256410256410256
9a11,0.10256410256410256
10a11,0.10256410256410256
7a9,0.07692307692307693
7a10,0.07692307692307693
7a11,0.07692307692307693
8a11,0.07692307692307693
8a9,0.05128205128205128
5a9,0.02564102564102564
5a11,0.02564102564102564
6a11,0.02564102564102564
7a8,0.02564102564102564
