adj_rand,adj_mi,hg_score,complete_score,v_meas,fm_score
0.00926535890464218,0.09140584757178412,0.13633108254504975,0.10151205036321413,0.11637290131662026,0.032715854387380394
