poly,proportion
4a5,0.15789473684210525
2a3,0.15789473684210525
2a7,0.10526315789473684
3a7,0.10526315789473684
2a5,0.10526315789473684
3a4,0.10526315789473684
3a5,0.10526315789473684
4a7,0.05263157894736842
5a6,0.05263157894736842
5a7,0.05263157894736842
