poly,proportion
2a7,0.2857142857142857
2a5,0.21428571428571427
3a7,0.14285714285714285
3a8,0.14285714285714285
4a9,0.07142857142857142
5a9,0.07142857142857142
5a11,0.07142857142857142
