poly,proportion
7a12,0.10256410256410256
8a9,0.10256410256410256
5a11,0.07692307692307693
6a11,0.07692307692307693
9a11,0.07692307692307693
9a10,0.07692307692307693
3a8,0.05128205128205128
4a9,0.05128205128205128
5a9,0.05128205128205128
7a9,0.05128205128205128
7a10,0.05128205128205128
7a11,0.05128205128205128
8a11,0.05128205128205128
10a11,0.05128205128205128
11a12,0.05128205128205128
5a8,0.02564102564102564
