poly,proportion
2a7,0.15625
4a9,0.125
3a7,0.125
5a9,0.09375
2a5,0.09375
5a11,0.0625
6a11,0.0625
3a8,0.0625
7a10,0.03125
7a11,0.03125
7a12,0.03125
5a8,0.03125
3a5,0.03125
3a4,0.03125
2a3,0.03125
