poly,proportion
4a5,0.11290322580645161
2a5,0.11290322580645161
2a7,0.0967741935483871
3a8,0.08064516129032258
3a4,0.08064516129032258
3a5,0.08064516129032258
2a3,0.08064516129032258
4a7,0.06451612903225806
5a6,0.06451612903225806
5a7,0.06451612903225806
3a7,0.06451612903225806
4a9,0.03225806451612903
5a8,0.03225806451612903
6a7,0.016129032258064516
5a9,0.016129032258064516
