poly,proportion
2a3,0.31343283582089554
2a5,0.08955223880597014
3a4,0.08955223880597014
2a7,0.07462686567164178
3a5,0.07462686567164178
4a5,0.07462686567164178
3a7,0.05970149253731343
3a8,0.04477611940298507
4a7,0.04477611940298507
5a6,0.029850746268656716
5a7,0.029850746268656716
6a7,0.029850746268656716
4a9,0.014925373134328358
5a8,0.014925373134328358
5a9,0.014925373134328358
