poly,proportion
2a3,0.2727272727272727
3a4,0.09090909090909091
4a5,0.09090909090909091
2a5,0.07272727272727272
3a5,0.07272727272727272
3a7,0.07272727272727272
2a7,0.05454545454545454
3a8,0.05454545454545454
4a7,0.05454545454545454
5a6,0.03636363636363636
5a7,0.03636363636363636
6a7,0.03636363636363636
4a9,0.01818181818181818
5a8,0.01818181818181818
5a9,0.01818181818181818
