poly,proportion
5a6,0.1
2a3,0.1
3a8,0.08888888888888889
4a7,0.08888888888888889
5a7,0.08888888888888889
3a7,0.07777777777777778
6a7,0.06666666666666667
2a7,0.06666666666666667
4a5,0.05555555555555555
4a9,0.044444444444444446
5a8,0.044444444444444446
5a9,0.044444444444444446
2a5,0.044444444444444446
3a4,0.044444444444444446
7a8,0.022222222222222223
3a5,0.022222222222222223
