poly,proportion
7a10,0.09302325581395349
7a8,0.08139534883720931
8a9,0.08139534883720931
8a11,0.08139534883720931
7a9,0.06976744186046512
7a12,0.06976744186046512
9a11,0.06976744186046512
7a11,0.05813953488372093
9a10,0.046511627906976744
10a11,0.046511627906976744
11a12,0.046511627906976744
5a6,0.046511627906976744
5a7,0.03488372093023256
5a8,0.03488372093023256
5a9,0.03488372093023256
5a11,0.03488372093023256
6a11,0.03488372093023256
6a7,0.023255813953488372
4a5,0.011627906976744186
