adj_rand,adj_mi,hg_score,complete_score,v_meas,fm_score
0.010196673283073311,0.07753806810524763,0.10307668277056907,0.0863172709098071,0.0939554592772973,0.039284132370968665
