poly,proportion
2a3,0.38461538461538464
3a4,0.23076923076923078
2a5,0.15384615384615385
3a5,0.15384615384615385
4a5,0.07692307692307693
