poly,proportion
7a8,0.14285714285714285
7a9,0.09523809523809523
7a10,0.09523809523809523
7a11,0.09523809523809523
7a12,0.09523809523809523
8a9,0.047619047619047616
8a11,0.047619047619047616
4a9,0.047619047619047616
5a6,0.047619047619047616
5a7,0.047619047619047616
5a8,0.047619047619047616
5a9,0.047619047619047616
5a11,0.047619047619047616
6a7,0.047619047619047616
6a11,0.047619047619047616
