adj_rand,adj_mi,hg_score,complete_score,v_meas,fm_score
0.01009112787417005,0.08292864759886244,0.11536841778813961,0.09167158089160463,0.10216388438024639,0.036076869621512644
