poly,proportion
3a7,0.13157894736842105
3a8,0.13157894736842105
4a7,0.13157894736842105
4a9,0.07894736842105263
2a7,0.07894736842105263
7a9,0.05263157894736842
5a9,0.05263157894736842
5a11,0.05263157894736842
5a8,0.05263157894736842
2a3,0.05263157894736842
2a5,0.05263157894736842
8a9,0.02631578947368421
6a11,0.02631578947368421
5a6,0.02631578947368421
5a7,0.02631578947368421
7a12,0.02631578947368421
