poly,proportion
2a5,0.21875
3a5,0.1875
3a4,0.15625
2a7,0.125
4a5,0.125
3a7,0.09375
2a3,0.09375
