poly,proportion
5a11,0.10526315789473684
6a11,0.10526315789473684
7a11,0.10526315789473684
4a7,0.10526315789473684
3a7,0.10526315789473684
3a8,0.10526315789473684
4a9,0.05263157894736842
5a7,0.05263157894736842
5a8,0.05263157894736842
5a9,0.05263157894736842
7a12,0.05263157894736842
3a5,0.05263157894736842
4a5,0.05263157894736842
