poly,proportion
4a5,0.17647058823529413
9a10,0.11764705882352941
7a10,0.058823529411764705
8a9,0.058823529411764705
8a11,0.058823529411764705
9a11,0.058823529411764705
10a11,0.058823529411764705
4a7,0.058823529411764705
5a6,0.058823529411764705
5a7,0.058823529411764705
5a8,0.058823529411764705
6a7,0.058823529411764705
3a4,0.058823529411764705
3a5,0.058823529411764705
