poly,proportion
7a12,0.13333333333333333
5a7,0.1
6a7,0.1
11a12,0.06666666666666667
4a9,0.06666666666666667
5a8,0.06666666666666667
5a9,0.06666666666666667
5a11,0.06666666666666667
6a11,0.06666666666666667
7a8,0.06666666666666667
7a9,0.06666666666666667
7a10,0.06666666666666667
7a11,0.06666666666666667
