poly,proportion
3a5,0.1282051282051282
2a5,0.10256410256410256
2a7,0.08974358974358974
4a5,0.08974358974358974
3a4,0.08974358974358974
2a3,0.08974358974358974
3a7,0.07692307692307693
5a6,0.05128205128205128
6a7,0.05128205128205128
4a7,0.038461538461538464
5a7,0.038461538461538464
5a8,0.02564102564102564
5a9,0.02564102564102564
7a8,0.02564102564102564
7a9,0.02564102564102564
5a11,0.01282051282051282
6a11,0.01282051282051282
3a8,0.01282051282051282
4a9,0.01282051282051282
