is_modemix,proportion
false,0.5017954070981211
true,0.4982045929018789
