is_modemix,proportion
false,0.5036764705882353
true,0.4963235294117647
