is_modemix,proportion
false,0.5039966344131258
true,0.4960033655868742
