is_modemix,proportion
true,0.5053649333804976
false,0.4946350666195024
