is_modemix,proportion
false,0.504169339320077
true,0.49583066067992304
