is_modemix,proportion
false,0.5001778726431875
true,0.49982212735681253
