is_modemix,proportion
true,0.5054945054945055
false,0.4945054945054945
