is_modemix,proportion
false,0.5022026431718062
true,0.4977973568281938
