is_modemix,proportion
false,0.5013655311197355
true,0.49863446888026447
