is_modemix,proportion
true,0.5025906735751295
false,0.49740932642487046
