is_modemix,proportion
false,0.50814332247557
true,0.49185667752442996
