is_modemix,proportion
true,0.5035902345619914
false,0.49640976543800863
