is_modemix,proportion
true,0.5054572826496048
false,0.4945427173503952
