is_modemix,proportion
false,0.503134479271992
true,0.4968655207280081
