is_modemix,proportion
false,0.5008426019548365
true,0.49915739804516346
