is_modemix,proportion
false,0.5045112781954887
true,0.49548872180451126
