sub_type,proportion
T,0.336280577659888
S,0.33244916003536695
N,0.33127026230474504
