sub_type,proportion
T,0.3336631703938254
S,0.3332673659212349
N,0.3330694636849396
