sub_type,proportion
T,0.3356643356643357
S,0.33419212366580786
N,0.33014354066985646
