sub_type,proportion
N,0.3355731225296443
S,0.33359683794466405
T,0.3308300395256917
