adj_rand,adj_mi,hg_score,complete_score,v_meas,fm_score
-0.00010109029971520809,-0.00020999329055073715,0.000015611025147298998,8.677495963794812e-6,0.000011154619672954295,0.23058962919037473
