sub_type,proportion
N,0.33702970297029705
S,0.3324752475247525
T,0.3304950495049505
