sub_type,proportion
T,0.3352402745995423
N,0.33237986270022885
S,0.33237986270022885
