adj_rand,adj_mi,hg_score,complete_score,v_meas,fm_score
-0.00010656860348871615,-0.0002330312530494339,0.000021907688384309193,0.000010643127123608155,0.000014326296212264384,0.19710881278488898
