adj_rand,adj_mi,hg_score,complete_score,v_meas,fm_score
-3.408329412148855e-6,-0.00012365310438075124,1.1298611630884342e-7,1.0077647688278496e-6,2.031913226976407e-7,0.564414400655539
