sub_type,proportion
S,0.33335907335907333
N,0.33332046332046333
T,0.33332046332046333
