adj_rand,adj_mi,hg_score,complete_score,v_meas,fm_score
-0.00003962513296286985,-0.00010955095370982264,8.938399406064472e-6,0.000012388948059396644,0.000010384541833456768,0.4019427351604788
