sub_type,proportion
T,0.3354568461471333
S,0.3331878872501964
N,0.3313552666026704
