sub_type,proportion
T,0.3333333333333333
N,0.3333333333333333
S,0.3333333333333333
