cluster,max_label,max_proportion
0,T,0.33545685
1,T,0.33333334
2,N,0.33333334
3,N,0.33490175
