sub_type,proportion
N,0.3349017437032937
S,0.3334486576252422
T,0.33164959867146415
