sub_type,proportion
N,0.33448275862068966
S,0.33448275862068966
T,0.3310344827586207
