sub_type,proportion
T,0.3361646520744855
S,0.3335511270826527
N,0.3302842208428618
