sub_type,proportion
T,0.3379069477360609
S,0.33117126107022576
N,0.33092179119371334
