cluster,max_label,max_proportion
0,N,0.3380865
1,N,0.33448276
2,N,0.33333334
3,T,0.33778337
4,T,0.33790696
5,T,0.33616465
