sub_type,proportion
T,0.33615635179153097
S,0.33257328990228013
N,0.33127035830618895
