sub_type,proportion
T,0.33629727936297277
N,0.3319177173191772
S,0.33178500331785005
