cluster,max_label,max_proportion
0,S,0.33575994
1,N,0.33333334
2,N,0.33333334
3,N,0.33333334
4,T,0.33629727
5,T,0.33615634
6,N,0.3374985
