sub_type,proportion
S,0.3357599431818182
T,0.333984375
N,0.3302556818181818
