adj_rand,adj_mi,hg_score,complete_score,v_meas,fm_score
-0.00006678189665724477,-0.00014875469938597133,0.000026604976976056006,0.000018780665534320488,0.00002201838054937168,0.28244543775903924
