sub_type,proportion
N,0.3383059837560086
S,0.33598541355876016
T,0.3257086026852312
