adj_rand,adj_mi,hg_score,complete_score,v_meas,fm_score
-0.00006844717078781963,-0.00016868966285530897,0.000048411252188214506,0.000028683854211214248,0.00003602359124468011,0.24388157167084853
