sub_type,proportion
T,0.33598293912369137
S,0.3338503295851105
N,0.3301667312911981
