sub_type,proportion
T,0.3336870026525199
N,0.33315649867374003
S,0.33315649867374003
