sub_type,proportion
T,0.3375322997416021
N,0.332202842377261
S,0.33026485788113696
