poly,proportion
9a10,0.2222222222222222
4a9,0.1111111111111111
5a9,0.1111111111111111
7a9,0.1111111111111111
7a10,0.1111111111111111
8a9,0.1111111111111111
9a11,0.1111111111111111
10a11,0.1111111111111111
