adj_rand,adj_mi,hg_score,complete_score,v_meas,fm_score
-0.000023130407879667626,0.02360458093705217,0.03599907837457207,0.08421425297151659,0.0504375922209447,0.1050054382946771
