poly,proportion
11a12,0.19047619047619047
10a11,0.14285714285714285
5a11,0.09523809523809523
6a11,0.09523809523809523
7a10,0.09523809523809523
7a11,0.09523809523809523
7a12,0.09523809523809523
8a11,0.09523809523809523
9a10,0.047619047619047616
9a11,0.047619047619047616
