adj_rand,adj_mi,hg_score,complete_score,v_meas,fm_score
-0.00004638522320191469,0.012099375345118615,0.01490889639976357,0.05973573515760798,0.02386223545477574,0.13302517306400852
