poly,proportion
8a11,0.3333333333333333
9a11,0.3333333333333333
11a12,0.3333333333333333
