poly,proportion
5a11,0.11764705882352941
6a11,0.11764705882352941
7a10,0.11764705882352941
7a11,0.11764705882352941
7a12,0.11764705882352941
8a11,0.11764705882352941
11a12,0.11764705882352941
9a10,0.058823529411764705
9a11,0.058823529411764705
10a11,0.058823529411764705
