poly,proportion
5a11,0.15384615384615385
6a11,0.15384615384615385
7a11,0.15384615384615385
7a12,0.15384615384615385
8a11,0.15384615384615385
9a11,0.07692307692307693
10a11,0.07692307692307693
11a12,0.07692307692307693
