poly,proportion
11a12,0.3333333333333333
7a8,0.3333333333333333
7a11,0.3333333333333333
