poly,proportion
9a11,0.3333333333333333
11a12,0.3333333333333333
10a11,0.2222222222222222
9a10,0.1111111111111111
