set_type,set_type_count,inversion,count,proportion
test,1986,5,664,0.33434038267875127
test,1986,6,668,0.3363544813695871
test,1986,64,654,0.3293051359516616
train,9276,5,3123,0.33667529107373867
train,9276,6,3048,0.32858990944372574
train,9276,64,3105,0.3347347994825356
valid,1986,5,629,0.31671701913393757
valid,1986,6,700,0.35246727089627394
valid,1986,64,657,0.33081570996978854
