set_type,set_type_count,play_style_name,count,proportion
test,5961,DOWN,1959,0.3286361348766985
test,5961,UNISON,2031,0.34071464519375944
test,5961,UP,1971,0.330649219929542
train,27822,DOWN,9227,0.3316440227158364
train,27822,UNISON,9226,0.3316080799367407
train,27822,UP,9369,0.3367478973474229
valid,5961,DOWN,2062,0.34591511491360505
valid,5961,UNISON,1991,0.33400436168428116
valid,5961,UP,1908,0.32008052340211374
