set_type,set_type_count,play_style,count,proportion
test,5961,0,1971,0.330649219929542
test,5961,1,1959,0.3286361348766985
test,5961,2,2031,0.34071464519375944
train,27822,0,9369,0.3367478973474229
train,27822,1,9227,0.3316440227158364
train,27822,2,9226,0.3316080799367407
valid,5961,0,1908,0.32008052340211374
valid,5961,1,2062,0.34591511491360505
valid,5961,2,1991,0.33400436168428116
