set_type,set_type_count,register,count,proportion
test,1488,0,518,0.3481182795698925
test,1488,1,483,0.32459677419354843
test,1488,2,487,0.3272849462365592
train,6958,0,2300,0.33055475711411325
train,6958,1,2335,0.33558493820063234
train,6958,2,2323,0.33386030468525435
valid,1490,0,494,0.3315436241610738
valid,1490,1,494,0.3315436241610738
valid,1490,2,502,0.33691275167785234
