set_type,set_type_count,play_style,count,proportion
test,2316,0,1140,0.49222797927461137
test,2316,1,1176,0.5077720207253886
train,10822,0,5427,0.5014784697837739
train,10822,1,5395,0.49852153021622625
valid,2318,0,1161,0.500862812769629
valid,2318,1,1157,0.49913718723037104
