set_type,set_type_count,play_style_name,count,proportion
test,2316,DOWN,1176,0.5077720207253886
test,2316,UP,1140,0.49222797927461137
train,10822,DOWN,5395,0.49852153021622625
train,10822,UP,5427,0.5014784697837739
valid,2318,DOWN,1157,0.49913718723037104
valid,2318,UP,1161,0.500862812769629
