set_type,set_type_count,midi_program_num,count,proportion
test,180,0,31,0.17222222222222222
test,180,115,81,0.45
test,180,116,38,0.2111111111111111
test,180,118,30,0.16666666666666669
train,840,0,182,0.21666666666666667
train,840,115,332,0.3952380952380953
train,840,116,168,0.2
train,840,118,158,0.18809523809523812
valid,180,0,27,0.15
valid,180,115,67,0.37222222222222223
valid,180,116,34,0.18888888888888888
valid,180,118,52,0.2888888888888889
