set_type,set_type_count,reverb_level,count,proportion
test,180,0,63,0.35000000000000003
test,180,1,64,0.35555555555555557
test,180,2,53,0.29444444444444445
train,840,0,280,0.33333333333333337
train,840,1,264,0.31428571428571433
train,840,2,296,0.3523809523809524
valid,180,0,57,0.31666666666666665
valid,180,1,72,0.4
valid,180,2,51,0.2833333333333333
