dyn_category,proportion
revhairpin,0.20727272727272728
hairpin,0.19418181818181818
subp,0.1890909090909091
subf,0.184
flat,0.08945454545454545
cresc,0.06909090909090909
decresc,0.0669090909090909
