dyn_category,proportion
revhairpin,0.3832752613240418
subp,0.33797909407665505
flat,0.14634146341463414
decresc,0.13240418118466898
