adj_rand,adj_mi,hg_score,complete_score,v_meas,fm_score
0.008514126607656292,0.028911539498757244,0.03489221906786947,0.025235174269067944,0.029288188958335123,0.12212484562126073
