dyn_category,proportion
revhairpin,0.37894736842105264
subp,0.34035087719298246
flat,0.14736842105263157
decresc,0.13333333333333333
