dyn_category,proportion
revhairpin,0.3854818523153942
subp,0.3316645807259074
flat,0.15018773466833543
decresc,0.13266583229036297
