adj_rand,adj_mi,hg_score,complete_score,v_meas,fm_score
0.015154766484632152,0.05616070203160762,0.07560482357482357,0.04540950558565756,0.05674001884307029,0.1057347881262492
