dyn_category,proportion
subf,0.2736842105263158
subp,0.20421052631578948
hairpin,0.15578947368421053
revhairpin,0.1368421052631579
flat,0.12631578947368421
cresc,0.06315789473684211
decresc,0.04
