dyn_category,proportion
subp,0.5186721991701245
revhairpin,0.34439834024896265
decresc,0.08713692946058091
flat,0.04979253112033195
