adj_rand,adj_mi,hg_score,complete_score,v_meas,fm_score
0.005577614594062835,0.009048419912764137,0.009389691601554362,0.009127394870055672,0.009256685503611015,0.16215164086174805
