sub_type,proportion
S,0.3381294964028777
T,0.3343207786711807
N,0.3275497249259416
