sub_type,proportion
S,0.3372620126926564
T,0.33318223028105165
N,0.3295557570262919
