sub_type,proportion
T,0.3361629881154499
S,0.33276740237691
N,0.3310696095076401
