sub_type,proportion
T,0.3395655760241958
S,0.33296673082210615
N,0.3274676931536981
