sub_type,proportion
T,0.33966676410406316
S,0.3346974568839521
N,0.3256357790119848
