sub_type,proportion
T,0.337874251497006
N,0.33278443113772455
S,0.32934131736526945
