adj_rand,adj_mi,hg_score,complete_score,v_meas,fm_score
-0.000031961392623345966,-0.00005223215406209434,0.00002105648871929497,0.000025518679647881592,0.00002307383135583476,0.3934380829888289
