cluster,max_label,max_proportion
0,N,0.33333334
1,N,0.33689955
2,T,0.33527678
3,N,0.33333334
