adj_rand,adj_mi,hg_score,complete_score,v_meas,fm_score
-0.000031401615699430174,-0.00009389983517996072,0.00001778635791952945,0.00002174778072631401,0.00001956859692423495,0.3952982347786501
