sub_type,proportion
N,0.3368995633187773
S,0.3330786026200873
T,0.3300218340611354
