sub_type,proportion
T,0.335276781137878
S,0.3334828293182983
N,0.3312403895438237
