adj_rand,adj_mi,hg_score,complete_score,v_meas,fm_score
-0.00007656931319656733,-0.00013661382021235274,0.00001256146882229746,9.428462503599594e-6,0.0000107717787769249,0.2984160017732038
