sub_type,proportion
S,0.3346074380165289
N,0.3327479338842975
T,0.33264462809917356
