sub_type,proportion
T,0.3355945730247406
S,0.33359936153232245
N,0.33080606544293695
