sub_type,proportion
N,0.3350895679662803
T,0.333508956796628
S,0.3314014752370917
