cluster,max_label,max_proportion
0,N,0.3370945
1,S,0.33460745
2,T,0.33559456
3,N,0.33508956
4,N,0.33333334
5,N,0.33333334
