adj_rand,adj_mi,hg_score,complete_score,v_meas,fm_score
-0.00008868825415088358,-0.0001604056180594117,5.669209347275555e-6,3.777286056197547e-6,4.533792587091206e-6,0.27917059038064984
