sub_type,proportion
N,0.33455061878677217
T,0.3329275715155204
S,0.33252180969770745
