cluster,max_label,max_proportion
0,N,0.33455062
1,N,0.33453536
2,S,0.33463377
3,T,0.33489582
4,N,0.33333334
5,N,0.33333334
6,N,0.33489287
