sub_type,proportion
N,0.3348928835262251
T,0.3334154149224329
S,0.33169170155134203
