sub_type,proportion
S,0.33463376572710424
T,0.3337559738613089
N,0.33161026041158687
