sub_type,proportion
T,0.33489583333333334
N,0.3338541666666667
S,0.33125
