sub_type,proportion
N,0.3349141824751581
T,0.3333333333333333
S,0.3317524841915086
