is_modemix,proportion
false,0.5012722646310432
true,0.49872773536895676
