is_modemix,proportion
true,0.5003029385034838
false,0.4996970614965162
