is_modemix,proportion
false,0.5010897562908658
true,0.4989102437091341
