is_modemix,proportion
false,0.5031628887717449
true,0.49683711122825513
