is_modemix,proportion
true,0.5025232403718459
false,0.4974767596281541
