is_modemix,proportion
false,0.5021707670043415
true,0.49782923299565845
