is_modemix,proportion
true,0.5015183368371876
false,0.49848166316281245
