is_modemix,proportion
true,0.5047169811320755
false,0.49528301886792453
