is_modemix,proportion
true,0.5147811256395679
false,0.48521887436043204
