is_modemix,proportion
true,0.5094604064470918
false,0.4905395935529082
