is_modemix,proportion
false,0.5067408517012626
true,0.4932591482987374
