is_modemix,proportion
true,0.516802906448683
false,0.48319709355131696
