is_modemix,proportion
true,0.5084802128367143
false,0.49151978716328565
