is_modemix,proportion
true,0.5157211209842789
false,0.48427887901572114
