adj_rand,adj_mi,hg_score,complete_score,v_meas,fm_score
0.000029852197147129966,0.02495957983953968,0.03727330840957675,0.08567207587287187,0.05194634552139226,0.10459302304053834
