poly,proportion
5a11,0.13333333333333333
6a11,0.13333333333333333
7a11,0.13333333333333333
7a12,0.13333333333333333
8a11,0.13333333333333333
11a12,0.13333333333333333
9a10,0.06666666666666667
9a11,0.06666666666666667
10a11,0.06666666666666667
