poly,proportion
5a11,0.16666666666666666
6a11,0.16666666666666666
7a11,0.16666666666666666
7a12,0.16666666666666666
8a11,0.16666666666666666
9a11,0.08333333333333333
10a11,0.08333333333333333
