adj_rand,adj_mi,hg_score,complete_score,v_meas,fm_score
0.000052380702938796184,0.021291496158911197,0.02849973771549008,0.09792520577404522,0.04415019067066765,0.13064990230183168
