adj_rand,adj_mi,hg_score,complete_score,v_meas,fm_score
-0.00003064426842620946,0.021002224244902126,0.03202658190206386,0.07664595230029461,0.04517623310847189,0.10559988343092906
