poly,proportion
2a3,0.1875
2a5,0.14583333333333334
3a4,0.14583333333333334
3a5,0.125
4a5,0.10416666666666667
4a7,0.0625
5a6,0.0625
2a7,0.0625
3a7,0.041666666666666664
4a9,0.020833333333333332
5a7,0.020833333333333332
3a8,0.020833333333333332
