poly,proportion
3a7,0.12121212121212122
3a8,0.12121212121212122
2a7,0.12121212121212122
5a11,0.09090909090909091
4a9,0.09090909090909091
4a7,0.09090909090909091
3a5,0.09090909090909091
6a11,0.06060606060606061
5a9,0.06060606060606061
2a5,0.06060606060606061
7a11,0.030303030303030304
7a12,0.030303030303030304
5a8,0.030303030303030304
