poly,proportion
9a10,0.17142857142857143
7a12,0.11428571428571428
11a12,0.11428571428571428
4a9,0.08571428571428572
5a9,0.08571428571428572
7a9,0.08571428571428572
7a10,0.08571428571428572
8a9,0.08571428571428572
9a11,0.08571428571428572
10a11,0.08571428571428572
