poly,proportion
5a7,0.08695652173913043
5a8,0.08695652173913043
5a9,0.08695652173913043
6a7,0.08695652173913043
7a8,0.08695652173913043
3a4,0.08695652173913043
2a3,0.08695652173913043
5a6,0.043478260869565216
5a11,0.043478260869565216
6a11,0.043478260869565216
7a9,0.043478260869565216
7a10,0.043478260869565216
7a11,0.043478260869565216
8a9,0.043478260869565216
2a5,0.043478260869565216
3a5,0.043478260869565216
