poly,proportion
2a7,0.14285714285714285
3a7,0.11904761904761904
2a3,0.11904761904761904
4a7,0.09523809523809523
2a5,0.09523809523809523
3a8,0.07142857142857142
5a7,0.07142857142857142
4a9,0.047619047619047616
5a6,0.047619047619047616
5a8,0.047619047619047616
3a5,0.047619047619047616
6a7,0.023809523809523808
5a9,0.023809523809523808
4a5,0.023809523809523808
3a4,0.023809523809523808
