adj_rand,adj_mi,hg_score,complete_score,v_meas,fm_score
0.010204502422909685,0.0474342640421848,0.05406670707786242,0.05483893938789055,0.05445008534572369,0.047173583541492294
