poly,proportion
2a3,0.30708661417322836
2a5,0.15748031496062992
3a4,0.14173228346456693
3a5,0.07086614173228346
2a7,0.06299212598425197
3a7,0.05511811023622047
4a5,0.03937007874015748
3a8,0.03937007874015748
4a7,0.031496062992125984
5a6,0.031496062992125984
5a7,0.023622047244094488
6a7,0.015748031496062992
4a9,0.007874015748031496
5a8,0.007874015748031496
5a9,0.007874015748031496
