adj_rand,adj_mi,hg_score,complete_score,v_meas,fm_score
0.010573135226812705,0.054661625410918555,0.06822930236105895,0.0614615893208778,0.06466886466707003,0.040583096675080275
