poly,proportion
2a5,0.0859375
3a5,0.078125
2a7,0.0703125
3a4,0.0703125
3a7,0.0546875
3a8,0.0546875
4a5,0.046875
2a3,0.046875
4a9,0.0390625
6a7,0.03125
7a8,0.03125
7a9,0.03125
8a9,0.03125
5a7,0.03125
4a7,0.03125
5a8,0.0234375
5a9,0.0234375
5a11,0.0234375
6a11,0.0234375
7a10,0.0234375
7a11,0.0234375
7a12,0.0234375
8a11,0.0234375
9a10,0.015625
9a11,0.015625
10a11,0.015625
11a12,0.015625
5a6,0.015625
