poly,proportion
11a12,0.0703125
7a9,0.0625
8a9,0.0625
9a10,0.0625
7a8,0.0546875
7a10,0.0546875
7a12,0.0546875
8a11,0.0546875
9a11,0.0546875
10a11,0.0546875
7a11,0.046875
5a8,0.046875
6a7,0.046875
6a11,0.0390625
5a7,0.0390625
4a9,0.03125
5a9,0.03125
5a11,0.03125
5a6,0.03125
4a7,0.0234375
3a8,0.015625
4a5,0.015625
2a7,0.0078125
3a7,0.0078125
