adj_rand,adj_mi,hg_score,complete_score,v_meas,fm_score
0.009770340221094236,0.06097592221131287,0.08093384867595226,0.06803803470969297,0.07392777590316867,0.03666259018975412
