poly,proportion
3a5,0.09836065573770492
2a3,0.09836065573770492
2a7,0.08196721311475409
3a7,0.08196721311475409
2a5,0.08196721311475409
3a4,0.08196721311475409
3a8,0.06557377049180328
4a5,0.06557377049180328
5a6,0.06557377049180328
4a7,0.04918032786885246
5a7,0.04918032786885246
4a9,0.03278688524590164
5a8,0.03278688524590164
5a9,0.03278688524590164
6a7,0.03278688524590164
7a8,0.03278688524590164
7a9,0.01639344262295082
