poly,proportion
2a3,0.12195121951219512
4a5,0.0975609756097561
5a6,0.0975609756097561
3a7,0.07317073170731707
4a7,0.07317073170731707
5a7,0.07317073170731707
3a4,0.07317073170731707
3a5,0.07317073170731707
3a8,0.04878048780487805
6a7,0.04878048780487805
2a5,0.04878048780487805
2a7,0.04878048780487805
4a9,0.024390243902439025
5a8,0.024390243902439025
5a9,0.024390243902439025
5a11,0.024390243902439025
7a8,0.024390243902439025
