poly,proportion
2a3,0.21153846153846154
3a4,0.11538461538461539
2a5,0.09615384615384616
2a7,0.09615384615384616
3a5,0.09615384615384616
3a7,0.038461538461538464
3a8,0.038461538461538464
4a5,0.038461538461538464
4a7,0.038461538461538464
5a6,0.038461538461538464
5a7,0.038461538461538464
5a8,0.038461538461538464
6a7,0.038461538461538464
4a9,0.019230769230769232
5a9,0.019230769230769232
5a11,0.019230769230769232
7a8,0.019230769230769232
