adj_rand,adj_mi,hg_score,complete_score,v_meas,fm_score
0.009457210183710901,0.0664933482257656,0.09286592333138202,0.07386697301757521,0.08228399797739501,0.033873328680084885
