poly,proportion
2a3,0.2894736842105263
2a5,0.10526315789473684
4a5,0.10526315789473684
3a4,0.07894736842105263
5a6,0.07894736842105263
3a5,0.05263157894736842
3a7,0.05263157894736842
3a8,0.05263157894736842
4a7,0.05263157894736842
4a9,0.02631578947368421
5a7,0.02631578947368421
5a8,0.02631578947368421
5a9,0.02631578947368421
2a7,0.02631578947368421
