poly,proportion
8a11,0.07142857142857142
7a8,0.07142857142857142
8a9,0.07142857142857142
7a11,0.0625
7a12,0.0625
9a10,0.0625
9a11,0.0625
7a9,0.0625
7a10,0.05357142857142857
6a7,0.05357142857142857
10a11,0.044642857142857144
11a12,0.044642857142857144
6a11,0.044642857142857144
5a7,0.044642857142857144
5a9,0.03571428571428571
5a8,0.03571428571428571
5a6,0.03571428571428571
5a11,0.026785714285714284
4a9,0.017857142857142856
4a5,0.017857142857142856
4a7,0.017857142857142856
