adj_rand,adj_mi,hg_score,complete_score,v_meas,fm_score
0.00890108470837663,0.07325043903601003,0.10616649322847005,0.08088028951505638,0.09181421442453667,0.03154318532835815
