poly,proportion
2a3,0.22641509433962265
3a4,0.11320754716981132
2a5,0.09433962264150944
2a7,0.09433962264150944
3a5,0.09433962264150944
3a7,0.03773584905660377
3a8,0.03773584905660377
4a5,0.03773584905660377
4a7,0.03773584905660377
5a6,0.03773584905660377
5a7,0.03773584905660377
5a8,0.03773584905660377
6a7,0.03773584905660377
4a9,0.018867924528301886
5a9,0.018867924528301886
5a11,0.018867924528301886
7a8,0.018867924528301886
