poly,proportion
2a3,0.2777777777777778
4a5,0.1111111111111111
2a5,0.08333333333333333
3a4,0.08333333333333333
5a6,0.08333333333333333
3a5,0.05555555555555555
3a7,0.05555555555555555
3a8,0.05555555555555555
4a7,0.05555555555555555
4a9,0.027777777777777776
5a7,0.027777777777777776
5a8,0.027777777777777776
5a9,0.027777777777777776
2a7,0.027777777777777776
