poly,proportion
11a12,0.16279069767441862
10a11,0.13953488372093023
9a10,0.09302325581395349
9a11,0.09302325581395349
6a11,0.06976744186046512
7a10,0.06976744186046512
7a11,0.06976744186046512
7a12,0.06976744186046512
8a11,0.06976744186046512
7a9,0.046511627906976744
8a9,0.046511627906976744
5a11,0.046511627906976744
5a9,0.023255813953488372
