poly,proportion
2a7,0.12631578947368421
3a8,0.10526315789473684
7a8,0.08421052631578947
3a7,0.08421052631578947
7a12,0.07368421052631578
8a9,0.06315789473684211
7a10,0.06315789473684211
4a7,0.05263157894736842
5a8,0.05263157894736842
9a10,0.042105263157894736
5a7,0.042105263157894736
6a7,0.042105263157894736
7a9,0.042105263157894736
8a11,0.042105263157894736
11a12,0.031578947368421054
7a11,0.031578947368421054
3a4,0.010526315789473684
3a5,0.010526315789473684
