poly,proportion
2a5,0.17857142857142858
3a4,0.16071428571428573
2a3,0.14285714285714285
4a5,0.10714285714285714
3a5,0.08928571428571429
4a7,0.05357142857142857
5a7,0.05357142857142857
2a7,0.05357142857142857
4a9,0.03571428571428571
3a7,0.03571428571428571
5a6,0.03571428571428571
3a8,0.017857142857142856
5a8,0.017857142857142856
6a7,0.017857142857142856
