poly,proportion
2a7,0.1111111111111111
3a8,0.09259259259259259
2a3,0.09259259259259259
4a9,0.07407407407407407
3a7,0.07407407407407407
5a6,0.07407407407407407
5a7,0.07407407407407407
4a7,0.05555555555555555
5a9,0.05555555555555555
2a5,0.05555555555555555
5a8,0.037037037037037035
6a7,0.037037037037037035
7a8,0.037037037037037035
3a5,0.037037037037037035
4a5,0.037037037037037035
3a4,0.037037037037037035
5a11,0.018518518518518517
