poly,proportion
11a12,0.13333333333333333
10a11,0.11666666666666667
9a10,0.11666666666666667
9a11,0.11666666666666667
5a9,0.08333333333333333
5a11,0.05
8a11,0.05
7a11,0.03333333333333333
5a8,0.03333333333333333
6a11,0.03333333333333333
7a9,0.03333333333333333
7a10,0.03333333333333333
7a12,0.03333333333333333
8a9,0.03333333333333333
4a9,0.03333333333333333
4a5,0.016666666666666666
5a6,0.016666666666666666
5a7,0.016666666666666666
6a7,0.016666666666666666
