poly,proportion
11a12,0.12857142857142856
10a11,0.11428571428571428
9a11,0.11428571428571428
9a10,0.1
5a9,0.07142857142857142
8a9,0.05714285714285714
8a11,0.05714285714285714
5a11,0.04285714285714286
6a11,0.04285714285714286
7a9,0.04285714285714286
7a10,0.04285714285714286
7a12,0.04285714285714286
4a9,0.04285714285714286
5a8,0.02857142857142857
5a6,0.02857142857142857
5a7,0.014285714285714285
6a7,0.014285714285714285
7a11,0.014285714285714285
