poly,proportion
4a9,0.13333333333333333
3a8,0.1111111111111111
6a11,0.08888888888888889
5a11,0.08888888888888889
4a7,0.08888888888888889
3a7,0.08888888888888889
5a9,0.06666666666666667
3a5,0.06666666666666667
7a12,0.044444444444444446
2a7,0.044444444444444446
7a10,0.022222222222222223
7a11,0.022222222222222223
8a11,0.022222222222222223
5a6,0.022222222222222223
5a7,0.022222222222222223
5a8,0.022222222222222223
3a4,0.022222222222222223
2a5,0.022222222222222223
