poly,proportion
8a11,0.16216216216216217
7a11,0.13513513513513514
10a11,0.10810810810810811
7a8,0.08108108108108109
7a9,0.08108108108108109
7a10,0.08108108108108109
7a12,0.08108108108108109
9a11,0.08108108108108109
11a12,0.08108108108108109
6a11,0.05405405405405406
5a11,0.02702702702702703
8a9,0.02702702702702703
