poly,proportion
11a12,0.11363636363636363
10a11,0.10227272727272728
7a12,0.07954545454545454
8a11,0.07954545454545454
9a11,0.07954545454545454
7a11,0.06818181818181818
8a9,0.06818181818181818
9a10,0.06818181818181818
7a9,0.056818181818181816
7a10,0.056818181818181816
6a11,0.045454545454545456
7a8,0.045454545454545456
4a9,0.022727272727272728
5a8,0.022727272727272728
5a9,0.022727272727272728
5a11,0.022727272727272728
6a7,0.022727272727272728
5a6,0.011363636363636364
5a7,0.011363636363636364
