poly,proportion
2a5,0.20689655172413793
3a5,0.1724137931034483
2a3,0.1724137931034483
3a4,0.13793103448275862
4a5,0.10344827586206896
2a7,0.06896551724137931
3a7,0.034482758620689655
4a7,0.034482758620689655
5a6,0.034482758620689655
5a7,0.034482758620689655
