poly,proportion
11a12,0.2619047619047619
8a9,0.14285714285714285
10a11,0.14285714285714285
9a10,0.11904761904761904
7a9,0.07142857142857142
9a11,0.07142857142857142
7a10,0.047619047619047616
8a11,0.047619047619047616
7a8,0.047619047619047616
7a11,0.023809523809523808
7a12,0.023809523809523808
