poly,proportion
3a4,0.14814814814814814
2a3,0.12962962962962962
2a5,0.1111111111111111
3a5,0.09259259259259259
3a7,0.07407407407407407
4a5,0.07407407407407407
4a7,0.07407407407407407
5a6,0.07407407407407407
2a7,0.05555555555555555
3a8,0.037037037037037035
5a7,0.037037037037037035
6a7,0.037037037037037035
4a9,0.018518518518518517
5a8,0.018518518518518517
5a9,0.018518518518518517
