poly,proportion
2a7,0.16666666666666666
3a7,0.1
3a8,0.1
2a3,0.1
4a7,0.06666666666666667
5a6,0.06666666666666667
5a7,0.06666666666666667
4a9,0.03333333333333333
5a8,0.03333333333333333
5a9,0.03333333333333333
6a7,0.03333333333333333
7a8,0.03333333333333333
7a9,0.03333333333333333
3a5,0.03333333333333333
4a5,0.03333333333333333
2a5,0.03333333333333333
3a4,0.03333333333333333
