poly,proportion
2a3,0.5151515151515151
2a5,0.15151515151515152
3a4,0.12121212121212122
2a7,0.06060606060606061
3a5,0.06060606060606061
3a7,0.06060606060606061
3a8,0.030303030303030304
