poly,proportion
3a7,0.11764705882352941
3a8,0.11764705882352941
2a7,0.11764705882352941
5a11,0.08823529411764706
4a9,0.08823529411764706
4a7,0.08823529411764706
3a5,0.08823529411764706
7a12,0.058823529411764705
6a11,0.058823529411764705
5a9,0.058823529411764705
2a5,0.058823529411764705
7a11,0.029411764705882353
5a8,0.029411764705882353
