poly,proportion
2a7,0.2
2a5,0.14285714285714285
3a5,0.14285714285714285
4a5,0.11428571428571428
3a4,0.11428571428571428
3a7,0.08571428571428572
2a3,0.08571428571428572
3a8,0.05714285714285714
4a7,0.02857142857142857
5a6,0.02857142857142857
