poly,proportion
2a3,0.6551724137931034
2a5,0.1724137931034483
2a7,0.06896551724137931
3a4,0.06896551724137931
3a5,0.034482758620689655
