adj_rand,adj_mi,hg_score,complete_score,v_meas,fm_score
0.009046951075760395,0.08033811907221207,0.1197708934221557,0.08838231329276207,0.10170997404127273,0.030677388182487463
