poly,proportion
10a11,0.13333333333333333
11a12,0.13333333333333333
7a12,0.08888888888888889
9a10,0.08888888888888889
9a11,0.08888888888888889
5a11,0.06666666666666667
6a11,0.06666666666666667
7a10,0.06666666666666667
7a11,0.06666666666666667
8a11,0.06666666666666667
3a8,0.022222222222222223
4a9,0.022222222222222223
5a8,0.022222222222222223
5a9,0.022222222222222223
7a9,0.022222222222222223
8a9,0.022222222222222223
