poly,proportion
9a10,0.13513513513513514
11a12,0.13513513513513514
5a11,0.10810810810810811
5a9,0.08108108108108109
6a11,0.08108108108108109
7a11,0.08108108108108109
7a12,0.08108108108108109
8a11,0.08108108108108109
9a11,0.08108108108108109
10a11,0.08108108108108109
4a9,0.05405405405405406
