poly,proportion
5a11,0.13636363636363635
6a11,0.13636363636363635
7a11,0.13636363636363635
7a12,0.13636363636363635
8a11,0.13636363636363635
9a11,0.13636363636363635
7a10,0.09090909090909091
7a9,0.045454545454545456
9a10,0.045454545454545456
