poly,proportion
4a9,0.09090909090909091
5a8,0.09090909090909091
5a9,0.09090909090909091
5a11,0.09090909090909091
7a8,0.09090909090909091
7a10,0.09090909090909091
8a9,0.09090909090909091
8a11,0.09090909090909091
9a10,0.09090909090909091
10a11,0.09090909090909091
4a7,0.045454545454545456
5a7,0.045454545454545456
