poly,proportion
5a8,0.125
9a10,0.09375
7a8,0.09375
4a9,0.0625
5a9,0.0625
8a9,0.0625
2a7,0.0625
3a7,0.0625
4a7,0.0625
5a7,0.0625
6a7,0.0625
7a10,0.0625
10a11,0.03125
3a8,0.03125
5a6,0.03125
2a5,0.03125
