poly,proportion
11a12,0.1346153846153846
8a11,0.09615384615384616
9a11,0.09615384615384616
10a11,0.09615384615384616
7a11,0.07692307692307693
7a12,0.07692307692307693
8a9,0.07692307692307693
9a10,0.07692307692307693
7a8,0.057692307692307696
7a9,0.057692307692307696
7a10,0.038461538461538464
4a9,0.019230769230769232
5a8,0.019230769230769232
5a9,0.019230769230769232
5a11,0.019230769230769232
6a7,0.019230769230769232
6a11,0.019230769230769232
