poly,proportion
9a10,0.0625
9a11,0.0625
10a11,0.0625
11a12,0.0625
3a5,0.0625
4a5,0.0625
5a6,0.0625
3a4,0.0625
5a11,0.03125
6a11,0.03125
7a10,0.03125
7a11,0.03125
7a12,0.03125
8a9,0.03125
8a11,0.03125
2a5,0.03125
4a7,0.03125
4a9,0.03125
5a7,0.03125
5a8,0.03125
5a9,0.03125
6a7,0.03125
2a7,0.03125
3a7,0.03125
