poly,proportion
11a12,0.11538461538461539
6a11,0.07692307692307693
7a8,0.07692307692307693
7a9,0.07692307692307693
7a10,0.07692307692307693
7a11,0.07692307692307693
7a12,0.07692307692307693
8a9,0.07692307692307693
8a11,0.07692307692307693
9a10,0.07692307692307693
9a11,0.07692307692307693
10a11,0.07692307692307693
5a11,0.038461538461538464
