poly,proportion
2a5,0.1794871794871795
3a5,0.1282051282051282
3a4,0.1282051282051282
2a3,0.1282051282051282
4a5,0.10256410256410256
2a7,0.05128205128205128
3a7,0.05128205128205128
4a7,0.05128205128205128
5a6,0.05128205128205128
4a9,0.02564102564102564
5a7,0.02564102564102564
5a8,0.02564102564102564
5a9,0.02564102564102564
6a7,0.02564102564102564
