poly,proportion
9a10,0.1935483870967742
11a12,0.1935483870967742
5a11,0.0967741935483871
6a11,0.0967741935483871
9a11,0.0967741935483871
10a11,0.0967741935483871
5a9,0.06451612903225806
8a9,0.06451612903225806
5a8,0.03225806451612903
7a9,0.03225806451612903
7a10,0.03225806451612903
