adj_rand,adj_mi,hg_score,complete_score,v_meas,fm_score
0.012091130997576399,0.049998751626788275,0.05662233905491407,0.05736567642084609,0.0569915840162402,0.04886995928631859
