poly,proportion
2a3,0.3983050847457627
2a5,0.1440677966101695
3a4,0.11864406779661017
3a5,0.07627118644067797
4a5,0.06779661016949153
2a7,0.059322033898305086
3a7,0.03389830508474576
3a8,0.025423728813559324
4a7,0.01694915254237288
5a6,0.01694915254237288
4a9,0.00847457627118644
5a7,0.00847457627118644
5a8,0.00847457627118644
5a9,0.00847457627118644
6a7,0.00847457627118644
