adj_rand,adj_mi,hg_score,complete_score,v_meas,fm_score
0.011250143075466804,0.05219670982314823,0.06545026104593299,0.059410469644602164,0.06228428626992562,0.042004337252291156
