poly,proportion
11a12,0.08
8a9,0.06666666666666667
9a10,0.06666666666666667
10a11,0.06666666666666667
7a9,0.06
7a12,0.06
8a11,0.06
9a11,0.06
7a10,0.05333333333333334
7a11,0.05333333333333334
7a8,0.05333333333333334
6a11,0.04666666666666667
5a9,0.04
5a11,0.04
5a8,0.03333333333333333
6a7,0.03333333333333333
4a9,0.02666666666666667
5a6,0.02
5a7,0.02
3a7,0.013333333333333334
3a8,0.013333333333333334
4a7,0.013333333333333334
2a7,0.006666666666666667
3a5,0.006666666666666667
4a5,0.006666666666666667
