poly,proportion
11a12,0.16129032258064516
8a9,0.0967741935483871
9a10,0.0967741935483871
9a11,0.0967741935483871
10a11,0.0967741935483871
8a11,0.08064516129032258
7a9,0.06451612903225806
7a10,0.06451612903225806
7a12,0.06451612903225806
7a8,0.04838709677419355
7a11,0.04838709677419355
6a11,0.03225806451612903
5a8,0.016129032258064516
5a9,0.016129032258064516
5a11,0.016129032258064516
