adj_rand,adj_mi,hg_score,complete_score,v_meas,fm_score
0.009541591401136373,0.05514360110737016,0.07460984587475392,0.06279601766885144,0.06819506939504798,0.0365079912093789
