poly,proportion
9a10,0.15789473684210525
11a12,0.15789473684210525
5a11,0.07894736842105263
6a11,0.07894736842105263
9a11,0.07894736842105263
10a11,0.07894736842105263
5a8,0.05263157894736842
5a9,0.05263157894736842
7a9,0.05263157894736842
7a11,0.05263157894736842
7a12,0.05263157894736842
8a9,0.05263157894736842
7a10,0.02631578947368421
4a9,0.02631578947368421
