poly,proportion
10a11,0.0975609756097561
11a12,0.0975609756097561
6a11,0.07317073170731707
7a11,0.07317073170731707
7a12,0.07317073170731707
8a11,0.07317073170731707
9a11,0.07317073170731707
5a11,0.04878048780487805
7a8,0.04878048780487805
7a9,0.04878048780487805
7a10,0.04878048780487805
8a9,0.04878048780487805
9a10,0.04878048780487805
3a8,0.024390243902439025
4a9,0.024390243902439025
5a7,0.024390243902439025
5a8,0.024390243902439025
5a9,0.024390243902439025
6a7,0.024390243902439025
