poly,proportion
7a12,0.08955223880597014
8a11,0.08955223880597014
9a11,0.08955223880597014
10a11,0.08955223880597014
11a12,0.08955223880597014
7a11,0.05970149253731343
9a10,0.05970149253731343
4a9,0.04477611940298507
5a8,0.04477611940298507
5a9,0.04477611940298507
5a11,0.04477611940298507
6a11,0.04477611940298507
7a8,0.04477611940298507
7a9,0.04477611940298507
7a10,0.04477611940298507
8a9,0.04477611940298507
3a8,0.029850746268656716
