poly,proportion
10a11,0.10526315789473684
11a12,0.10526315789473684
7a11,0.07894736842105263
7a12,0.07894736842105263
8a11,0.07894736842105263
9a11,0.07894736842105263
6a11,0.05263157894736842
7a8,0.05263157894736842
7a9,0.05263157894736842
7a10,0.05263157894736842
8a9,0.05263157894736842
9a10,0.05263157894736842
3a8,0.02631578947368421
4a9,0.02631578947368421
5a8,0.02631578947368421
5a9,0.02631578947368421
5a11,0.02631578947368421
6a7,0.02631578947368421
