poly,proportion
2a7,0.10256410256410256
2a3,0.10256410256410256
3a8,0.07692307692307693
5a6,0.07692307692307693
3a7,0.07692307692307693
2a5,0.07692307692307693
4a7,0.05128205128205128
4a9,0.05128205128205128
5a7,0.05128205128205128
5a8,0.05128205128205128
5a9,0.05128205128205128
5a11,0.05128205128205128
3a5,0.05128205128205128
4a5,0.05128205128205128
6a7,0.02564102564102564
6a11,0.02564102564102564
3a4,0.02564102564102564
