poly,proportion
11a12,0.1267605633802817
10a11,0.11267605633802817
9a10,0.09859154929577464
7a12,0.08450704225352113
9a11,0.08450704225352113
7a9,0.07042253521126761
7a10,0.07042253521126761
8a11,0.07042253521126761
7a11,0.056338028169014086
5a11,0.04225352112676056
6a11,0.04225352112676056
8a9,0.04225352112676056
7a8,0.028169014084507043
5a9,0.028169014084507043
3a8,0.014084507042253521
5a8,0.014084507042253521
6a7,0.014084507042253521
