poly,proportion
10a11,0.1111111111111111
6a11,0.1111111111111111
11a12,0.07407407407407407
7a8,0.07407407407407407
7a9,0.07407407407407407
7a10,0.07407407407407407
7a11,0.07407407407407407
7a12,0.07407407407407407
8a11,0.07407407407407407
5a9,0.07407407407407407
5a11,0.07407407407407407
8a9,0.037037037037037035
9a10,0.037037037037037035
9a11,0.037037037037037035
