poly,proportion
2a7,0.1111111111111111
3a5,0.1111111111111111
4a5,0.1111111111111111
3a7,0.07407407407407407
3a8,0.07407407407407407
4a7,0.07407407407407407
2a5,0.07407407407407407
3a4,0.07407407407407407
2a3,0.07407407407407407
4a9,0.037037037037037035
5a6,0.037037037037037035
5a7,0.037037037037037035
5a8,0.037037037037037035
5a9,0.037037037037037035
5a11,0.037037037037037035
