adj_rand,adj_mi,hg_score,complete_score,v_meas,fm_score
0.008659053641308683,0.06418103981306414,0.09581186110244584,0.07322393587114805,0.08300870819873506,0.0314738214888463
