poly,proportion
2a3,0.5094339622641509
2a5,0.1320754716981132
3a4,0.09433962264150944
3a5,0.07547169811320754
2a7,0.05660377358490566
4a5,0.03773584905660377
3a7,0.018867924528301886
3a8,0.018867924528301886
4a7,0.018867924528301886
4a9,0.018867924528301886
5a6,0.018867924528301886
