poly,proportion
11a12,0.19047619047619047
8a9,0.11904761904761904
9a10,0.11904761904761904
9a11,0.11904761904761904
10a11,0.11904761904761904
8a11,0.09523809523809523
7a9,0.047619047619047616
7a10,0.047619047619047616
7a11,0.047619047619047616
7a12,0.047619047619047616
7a8,0.047619047619047616
