poly,proportion
11a12,0.1111111111111111
7a12,0.08888888888888889
8a11,0.08888888888888889
9a10,0.08888888888888889
9a11,0.08888888888888889
10a11,0.08888888888888889
4a9,0.044444444444444446
5a8,0.044444444444444446
5a9,0.044444444444444446
5a11,0.044444444444444446
6a11,0.044444444444444446
7a8,0.044444444444444446
7a9,0.044444444444444446
7a10,0.044444444444444446
7a11,0.044444444444444446
8a9,0.044444444444444446
