poly,proportion
11a12,0.12727272727272726
9a10,0.10909090909090909
9a11,0.10909090909090909
10a11,0.09090909090909091
7a9,0.07272727272727272
8a9,0.07272727272727272
4a9,0.05454545454545454
5a9,0.05454545454545454
6a11,0.05454545454545454
7a11,0.05454545454545454
7a12,0.05454545454545454
8a11,0.03636363636363636
7a10,0.03636363636363636
5a11,0.03636363636363636
5a6,0.01818181818181818
6a7,0.01818181818181818
