poly,proportion
2a3,0.38235294117647056
2a5,0.14705882352941177
3a4,0.14705882352941177
3a5,0.11764705882352941
2a7,0.058823529411764705
4a5,0.058823529411764705
3a7,0.029411764705882353
3a8,0.029411764705882353
4a7,0.029411764705882353
