poly,proportion
9a10,0.14634146341463414
11a12,0.14634146341463414
5a11,0.07317073170731707
6a11,0.07317073170731707
9a11,0.07317073170731707
10a11,0.07317073170731707
5a8,0.04878048780487805
5a9,0.04878048780487805
7a9,0.04878048780487805
7a10,0.04878048780487805
7a11,0.04878048780487805
7a12,0.04878048780487805
8a9,0.04878048780487805
8a11,0.04878048780487805
6a7,0.024390243902439025
