adj_rand,adj_mi,hg_score,complete_score,v_meas,fm_score
0.008539823089510746,0.07069051262593239,0.10872540054809839,0.08012145935958323,0.09225716292690689,0.02998048024712891
