poly,proportion
5a11,0.11764705882352941
6a11,0.058823529411764705
7a8,0.058823529411764705
7a9,0.058823529411764705
7a10,0.058823529411764705
7a11,0.058823529411764705
7a12,0.058823529411764705
8a9,0.058823529411764705
8a11,0.058823529411764705
3a8,0.058823529411764705
4a7,0.058823529411764705
4a9,0.058823529411764705
5a6,0.058823529411764705
5a7,0.058823529411764705
5a8,0.058823529411764705
5a9,0.058823529411764705
