poly,proportion
9a10,0.16666666666666666
11a12,0.16666666666666666
5a11,0.08333333333333333
6a11,0.08333333333333333
7a11,0.08333333333333333
7a12,0.08333333333333333
9a11,0.08333333333333333
10a11,0.08333333333333333
5a9,0.05555555555555555
8a9,0.05555555555555555
7a9,0.027777777777777776
7a10,0.027777777777777776
