poly,proportion
2a3,0.42028985507246375
2a5,0.13043478260869565
3a4,0.11594202898550725
2a7,0.07246376811594203
3a5,0.07246376811594203
3a7,0.043478260869565216
4a5,0.028985507246376812
4a7,0.028985507246376812
5a6,0.028985507246376812
5a7,0.028985507246376812
3a8,0.014492753623188406
4a9,0.014492753623188406
