poly,proportion
5a11,0.11320754716981132
6a11,0.11320754716981132
7a11,0.09433962264150944
8a11,0.09433962264150944
9a11,0.07547169811320754
10a11,0.07547169811320754
11a12,0.07547169811320754
4a9,0.05660377358490566
5a9,0.05660377358490566
7a9,0.05660377358490566
7a10,0.05660377358490566
7a12,0.05660377358490566
9a10,0.05660377358490566
8a9,0.018867924528301886
