poly,proportion
9a10,0.42857142857142855
4a9,0.2857142857142857
5a9,0.2857142857142857
