poly,proportion
7a10,0.14285714285714285
7a11,0.14285714285714285
7a12,0.14285714285714285
8a11,0.14285714285714285
10a11,0.14285714285714285
11a12,0.14285714285714285
7a8,0.047619047619047616
7a9,0.047619047619047616
8a9,0.047619047619047616
