poly,proportion
4a9,0.16666666666666666
5a9,0.16666666666666666
7a9,0.16666666666666666
8a9,0.16666666666666666
2a3,0.16666666666666666
9a10,0.08333333333333333
9a11,0.08333333333333333
