poly,proportion
4a9,0.10344827586206896
5a9,0.10344827586206896
2a7,0.10344827586206896
3a7,0.10344827586206896
4a7,0.06896551724137931
5a8,0.06896551724137931
6a7,0.06896551724137931
7a8,0.06896551724137931
3a5,0.06896551724137931
4a5,0.06896551724137931
3a8,0.034482758620689655
5a7,0.034482758620689655
5a11,0.034482758620689655
6a11,0.034482758620689655
2a5,0.034482758620689655
