poly,proportion
2a7,0.14814814814814814
5a8,0.1111111111111111
2a5,0.1111111111111111
3a7,0.07407407407407407
3a8,0.07407407407407407
7a12,0.037037037037037035
5a9,0.037037037037037035
5a11,0.037037037037037035
6a11,0.037037037037037035
7a10,0.037037037037037035
7a11,0.037037037037037035
8a11,0.037037037037037035
4a7,0.037037037037037035
5a6,0.037037037037037035
5a7,0.037037037037037035
3a5,0.037037037037037035
4a5,0.037037037037037035
2a3,0.037037037037037035
