poly,proportion
2a3,0.25
3a4,0.13043478260869565
2a5,0.11956521739130435
3a5,0.07608695652173914
2a7,0.06521739130434782
4a5,0.06521739130434782
3a7,0.05434782608695652
4a7,0.05434782608695652
3a8,0.043478260869565216
5a6,0.043478260869565216
5a7,0.03260869565217391
4a9,0.021739130434782608
6a7,0.021739130434782608
5a8,0.010869565217391304
5a9,0.010869565217391304
