adj_rand,adj_mi,hg_score,complete_score,v_meas,fm_score
0.007652011095869512,0.04972168154505214,0.06067847056235443,0.06061102159794815,0.060644727326000715,0.04845437735770997
