poly,proportion
2a3,0.23529411764705882
3a4,0.15294117647058825
2a5,0.1411764705882353
3a5,0.12941176470588237
4a5,0.09411764705882353
3a7,0.047058823529411764
4a7,0.047058823529411764
2a7,0.047058823529411764
3a8,0.03529411764705882
5a6,0.03529411764705882
5a7,0.023529411764705882
4a9,0.011764705882352941
