adj_rand,adj_mi,hg_score,complete_score,v_meas,fm_score
0.006984868710975005,0.05766308412221452,0.07509940331579236,0.06814655928489621,0.07145424342026621,0.04050291783945846
