adj_rand,adj_mi,hg_score,complete_score,v_meas,fm_score
0.006716936445189561,0.0643473937912155,0.08764246229374759,0.07587329455305628,0.08133433113970406,0.038135018700872235
