poly,proportion
2a3,0.2
3a4,0.14545454545454545
2a5,0.12727272727272726
3a5,0.12727272727272726
4a5,0.10909090909090909
3a7,0.05454545454545454
4a7,0.05454545454545454
5a6,0.05454545454545454
3a8,0.03636363636363636
5a7,0.03636363636363636
2a7,0.03636363636363636
4a9,0.01818181818181818
