poly,proportion
2a3,0.6666666666666666
2a5,0.16666666666666666
2a7,0.16666666666666666
