poly,proportion
2a7,0.15384615384615385
3a7,0.15384615384615385
3a8,0.07692307692307693
4a7,0.07692307692307693
4a9,0.07692307692307693
5a7,0.07692307692307693
5a8,0.07692307692307693
5a9,0.07692307692307693
2a5,0.07692307692307693
3a5,0.07692307692307693
6a7,0.038461538461538464
4a5,0.038461538461538464
