adj_rand,adj_mi,hg_score,complete_score,v_meas,fm_score
0.0066276503426417116,0.06817962817848791,0.09744432191368184,0.08042300480885854,0.08811922137993064,0.03557361343605309
