adj_rand,adj_mi,hg_score,complete_score,v_meas,fm_score
0.006904725653162513,0.07379662499934818,0.1091144478654582,0.08665932733562931,0.09659909397882085,0.03352433723334339
