poly,proportion
3a5,0.19047619047619047
2a7,0.14285714285714285
3a7,0.14285714285714285
4a5,0.14285714285714285
3a8,0.09523809523809523
2a5,0.09523809523809523
3a4,0.09523809523809523
2a3,0.09523809523809523
