adj_rand,adj_mi,hg_score,complete_score,v_meas,fm_score
0.00011469125154699382,0.000019921108647084247,0.0005451439791785682,0.0005194556547301294,0.000531989892926597,0.12868779570557393
