quality,proportion
minor7,0.12597402597402596
majorminor7,0.12597402597402596
major7,0.12467532467532468
minormajor7,0.12467532467532468
halfdim7,0.12467532467532468
fulldim7,0.12467532467532468
augmajor7,0.12467532467532468
augminor7,0.12467532467532468
