adj_rand,adj_mi,hg_score,complete_score,v_meas,fm_score
7.485849870916703e-6,-0.000019586781742850082,0.0010741017258856084,0.0007576641118578352,0.0008885506142975346,0.08885707922418362
