adj_rand,adj_mi,hg_score,complete_score,v_meas,fm_score
-4.010005551404621e-6,-0.00023773379473206337,0.0009910677375308474,0.0006569467582566598,0.0007901371487300335,0.07869052778797644
