adj_rand,adj_mi,hg_score,complete_score,v_meas,fm_score
0.00025308425427085425,0.0002553582066720992,0.0005693419954346601,0.0006734852368523198,0.0006170502523342584,0.16091539045664266
