adj_rand,adj_mi,hg_score,complete_score,v_meas,fm_score
-0.0001064132705853944,-0.0002115066257841173,8.932801437250293e-6,4.849522966336783e-6,6.286287342416178e-6,0.22743966368884802
