sub_type,proportion
T,0.3368055555555556
S,0.33217592592592593
N,0.33101851851851855
