sub_type,proportion
S,0.33775059463132856
T,0.33163438668025824
N,0.3306150186884132
