sub_type,proportion
T,0.33745534487496565
S,0.33278373179444903
N,0.3297609233305853
