sub_type,proportion
T,0.3342002600780234
N,0.3328998699609883
S,0.3328998699609883
