sub_type,proportion
T,0.33410404624277457
S,0.33352601156069367
N,0.33236994219653176
