sub_type,proportion
T,0.33593445181428017
S,0.333203277409286
N,0.3308622707764339
