sub_type,proportion
T,0.33386243386243386
N,0.33386243386243386
S,0.3322751322751323
