sub_type,proportion
T,0.33633633633633636
S,0.33462033462033464
N,0.32904332904332906
