adj_rand,adj_mi,hg_score,complete_score,v_meas,fm_score
-0.00006850972217235126,-0.0001850906999158288,0.00009650664936805966,0.00004719670158989394,0.00006339163980939503,0.196516969650233
