sub_type,proportion
T,0.3358600583090379
S,0.3323615160349854
N,0.33177842565597665
