sub_type,proportion
S,0.3335145419951074
N,0.33337863549877683
T,0.3331068225061158
