adj_rand,adj_mi,hg_score,complete_score,v_meas,fm_score
-0.0000568381918595894,-0.00006244620983065404,9.371522644081095e-6,0.000010403073340749615,9.860392339308367e-6,0.3629693267800543
