sub_type,proportion
T,0.335244066278549
N,0.33273622928795343
S,0.33201970443349754
