sub_type,proportion
N,0.3344845013477089
S,0.33338948787061995
T,0.33212601078167114
