sub_type,proportion
T,0.33501541911970845
N,0.3325857396505
S,0.33239884122979163
