adj_rand,adj_mi,hg_score,complete_score,v_meas,fm_score
-0.000057206475850813994,-0.00009608329383319053,8.567918917627606e-6,8.849675919398102e-6,8.70651848709926e-6,0.35759919666115164
