sub_type,proportion
S,0.33688107357704766
N,0.3317908375751967
T,0.33132808884775566
