sub_type,proportion
N,0.3416581371545548
S,0.3293756397134084
T,0.32896622313203683
