cluster,max_label,max_proportion
0,N,0.34165815
1,S,0.33688107
2,T,0.3369195
3,T,0.33603457
4,N,0.33333334
5,N,0.33333334
