sub_type,proportion
N,0.33755619125459746
T,0.33326522272170006
S,0.3291785860237025
