cluster,max_label,max_proportion
0,N,0.33755618
1,S,0.33596012
2,T,0.33454385
3,T,0.33850268
4,N,0.33333334
5,N,0.33333334
6,N,0.33333334
