sub_type,proportion
T,0.33850267379679144
S,0.33101604278074864
N,0.3304812834224599
