adj_rand,adj_mi,hg_score,complete_score,v_meas,fm_score
-0.00007276148616261599,-0.0001575684608742511,0.000019952839584517484,0.000014612137780087632,0.00001686988757652188,0.29727708946818365
