sub_type,proportion
N,0.33801498127340823
T,0.33146067415730335
S,0.33052434456928836
