sub_type,proportion
T,0.33482260183968465
N,0.33377135348226017
S,0.3314060446780552
