sub_type,proportion
T,0.33516008076146525
N,0.33256417652148834
S,0.33227574271704646
