sub_type,proportion
S,0.33409549428379287
T,0.3331540013449899
N,0.3327505043712172
