poly,proportion
2a3,0.125
2a7,0.09375
4a7,0.09375
5a6,0.09375
5a7,0.09375
6a7,0.09375
3a4,0.09375
3a7,0.0625
3a8,0.0625
4a5,0.0625
5a8,0.03125
7a8,0.03125
2a5,0.03125
3a5,0.03125
