poly,proportion
2a3,0.25806451612903225
2a5,0.12903225806451613
2a7,0.0967741935483871
3a4,0.06451612903225806
3a5,0.06451612903225806
3a7,0.06451612903225806
4a5,0.06451612903225806
4a7,0.06451612903225806
5a6,0.06451612903225806
3a8,0.03225806451612903
4a9,0.03225806451612903
5a7,0.03225806451612903
5a8,0.03225806451612903
