poly,proportion
5a11,0.1111111111111111
7a8,0.1111111111111111
6a11,0.05555555555555555
7a9,0.05555555555555555
7a10,0.05555555555555555
7a11,0.05555555555555555
7a12,0.05555555555555555
8a9,0.05555555555555555
8a11,0.05555555555555555
3a8,0.05555555555555555
4a7,0.05555555555555555
4a9,0.05555555555555555
5a6,0.05555555555555555
5a7,0.05555555555555555
5a8,0.05555555555555555
5a9,0.05555555555555555
