poly,proportion
3a4,0.18181818181818182
2a3,0.18181818181818182
2a5,0.13636363636363635
3a5,0.13636363636363635
4a5,0.13636363636363635
5a6,0.09090909090909091
2a7,0.045454545454545456
3a7,0.045454545454545456
4a7,0.045454545454545456
