poly,proportion
3a8,0.1111111111111111
4a9,0.08333333333333333
5a8,0.08333333333333333
2a7,0.08333333333333333
4a7,0.05555555555555555
5a9,0.05555555555555555
5a11,0.05555555555555555
7a8,0.05555555555555555
7a9,0.05555555555555555
7a10,0.05555555555555555
8a9,0.05555555555555555
3a7,0.05555555555555555
5a6,0.05555555555555555
5a7,0.027777777777777776
6a7,0.027777777777777776
2a5,0.027777777777777776
3a5,0.027777777777777776
4a5,0.027777777777777776
