poly,proportion
2a3,0.4117647058823529
3a4,0.17647058823529413
2a5,0.11764705882352941
3a5,0.11764705882352941
4a5,0.11764705882352941
2a7,0.058823529411764705
