poly,proportion
10a11,0.1724137931034483
5a11,0.10344827586206896
6a11,0.10344827586206896
7a11,0.10344827586206896
7a12,0.10344827586206896
8a11,0.10344827586206896
9a11,0.10344827586206896
11a12,0.10344827586206896
7a10,0.06896551724137931
9a10,0.034482758620689655
