poly,proportion
9a10,0.1891891891891892
9a11,0.10810810810810811
7a9,0.08108108108108109
7a12,0.08108108108108109
8a9,0.08108108108108109
11a12,0.08108108108108109
5a9,0.08108108108108109
10a11,0.05405405405405406
4a9,0.05405405405405406
5a11,0.05405405405405406
6a11,0.05405405405405406
7a10,0.05405405405405406
6a7,0.02702702702702703
