poly,proportion
3a5,0.11764705882352941
7a10,0.09803921568627451
3a4,0.09803921568627451
6a7,0.0784313725490196
7a12,0.058823529411764705
7a8,0.058823529411764705
11a12,0.0392156862745098
7a9,0.0392156862745098
9a11,0.0392156862745098
3a7,0.0392156862745098
3a8,0.0392156862745098
4a7,0.0392156862745098
5a7,0.0392156862745098
5a8,0.0392156862745098
2a5,0.0392156862745098
4a5,0.0392156862745098
2a3,0.0392156862745098
5a9,0.0196078431372549
9a10,0.0196078431372549
2a7,0.0196078431372549
