poly,proportion
2a3,0.25274725274725274
2a5,0.0989010989010989
3a4,0.08791208791208792
3a5,0.07692307692307693
2a7,0.06593406593406594
4a5,0.06593406593406594
3a7,0.054945054945054944
4a7,0.054945054945054944
5a6,0.054945054945054944
3a8,0.04395604395604396
4a9,0.02197802197802198
5a7,0.02197802197802198
5a8,0.02197802197802198
6a7,0.02197802197802198
5a9,0.01098901098901099
5a11,0.01098901098901099
6a11,0.01098901098901099
7a8,0.01098901098901099
7a9,0.01098901098901099
