poly,proportion
11a12,0.11940298507462686
9a10,0.1044776119402985
9a11,0.1044776119402985
10a11,0.1044776119402985
6a11,0.08955223880597014
7a11,0.07462686567164178
8a9,0.05970149253731343
7a10,0.05970149253731343
7a12,0.05970149253731343
4a9,0.04477611940298507
5a9,0.04477611940298507
5a11,0.04477611940298507
7a9,0.04477611940298507
8a11,0.029850746268656716
5a6,0.014925373134328358
