poly,proportion
2a3,0.15625
3a4,0.109375
2a5,0.09375
3a5,0.09375
2a7,0.078125
4a5,0.078125
3a7,0.0625
3a8,0.0625
4a7,0.046875
5a6,0.046875
4a9,0.03125
5a7,0.03125
6a7,0.03125
5a8,0.015625
5a9,0.015625
5a11,0.015625
6a11,0.015625
7a8,0.015625
