poly,proportion
2a3,0.29545454545454547
2a5,0.13636363636363635
3a4,0.13636363636363635
3a5,0.09090909090909091
2a7,0.06818181818181818
3a7,0.06818181818181818
4a5,0.045454545454545456
5a6,0.045454545454545456
3a8,0.022727272727272728
4a7,0.022727272727272728
4a9,0.022727272727272728
5a7,0.022727272727272728
5a8,0.022727272727272728
