poly,proportion
2a3,0.3269230769230769
3a4,0.15384615384615385
2a5,0.1346153846153846
3a5,0.09615384615384616
2a7,0.07692307692307693
3a7,0.038461538461538464
3a8,0.038461538461538464
4a5,0.038461538461538464
4a7,0.038461538461538464
5a6,0.038461538461538464
5a7,0.019230769230769232
