poly,proportion
11a12,0.11363636363636363
7a12,0.09090909090909091
8a11,0.09090909090909091
9a10,0.09090909090909091
9a11,0.09090909090909091
10a11,0.09090909090909091
7a11,0.056818181818181816
5a11,0.045454545454545456
6a11,0.045454545454545456
7a8,0.045454545454545456
7a9,0.045454545454545456
7a10,0.045454545454545456
8a9,0.045454545454545456
5a9,0.03409090909090909
4a9,0.022727272727272728
5a8,0.022727272727272728
6a7,0.022727272727272728
