poly,proportion
11a12,0.10112359550561797
10a11,0.10112359550561797
9a11,0.0898876404494382
8a11,0.07865168539325842
9a10,0.07865168539325842
5a9,0.06741573033707865
6a11,0.06741573033707865
7a11,0.06741573033707865
7a12,0.06741573033707865
7a10,0.056179775280898875
5a11,0.0449438202247191
7a9,0.0449438202247191
5a8,0.033707865168539325
8a9,0.033707865168539325
4a9,0.02247191011235955
5a7,0.02247191011235955
7a8,0.011235955056179775
6a7,0.011235955056179775
