poly,proportion
2a3,0.3125
3a4,0.14583333333333334
2a5,0.125
3a5,0.10416666666666667
2a7,0.08333333333333333
3a7,0.041666666666666664
3a8,0.041666666666666664
4a5,0.041666666666666664
4a7,0.041666666666666664
5a6,0.041666666666666664
5a7,0.020833333333333332
