poly,proportion
2a3,0.27586206896551724
2a5,0.1724137931034483
3a4,0.1724137931034483
3a5,0.10344827586206896
2a7,0.06896551724137931
4a5,0.06896551724137931
3a7,0.034482758620689655
3a8,0.034482758620689655
4a7,0.034482758620689655
5a6,0.034482758620689655
