poly,proportion
10a11,0.10843373493975904
11a12,0.10843373493975904
8a11,0.0963855421686747
7a12,0.07228915662650602
9a10,0.07228915662650602
9a11,0.07228915662650602
7a11,0.060240963855421686
6a11,0.04819277108433735
7a10,0.04819277108433735
8a9,0.04819277108433735
4a9,0.03614457831325301
5a8,0.03614457831325301
5a9,0.03614457831325301
5a11,0.03614457831325301
7a8,0.03614457831325301
7a9,0.03614457831325301
3a8,0.024096385542168676
5a7,0.012048192771084338
6a7,0.012048192771084338
