poly,proportion
11a12,0.1111111111111111
8a9,0.08333333333333333
8a11,0.08333333333333333
9a10,0.08333333333333333
9a11,0.08333333333333333
10a11,0.08333333333333333
7a12,0.06944444444444445
7a10,0.06944444444444445
6a11,0.05555555555555555
7a9,0.05555555555555555
7a11,0.05555555555555555
4a9,0.041666666666666664
5a9,0.041666666666666664
5a11,0.041666666666666664
7a8,0.041666666666666664
