poly,proportion
4a5,0.13333333333333333
2a3,0.13333333333333333
3a4,0.1
3a5,0.1
5a6,0.1
2a5,0.06666666666666667
2a7,0.06666666666666667
4a7,0.06666666666666667
5a7,0.06666666666666667
6a7,0.06666666666666667
3a7,0.03333333333333333
3a8,0.03333333333333333
5a8,0.03333333333333333
