poly,proportion
2a3,0.3888888888888889
2a5,0.1388888888888889
3a4,0.1388888888888889
3a5,0.08333333333333333
4a5,0.05555555555555555
2a7,0.027777777777777776
3a7,0.027777777777777776
3a8,0.027777777777777776
4a7,0.027777777777777776
4a9,0.027777777777777776
5a6,0.027777777777777776
5a7,0.027777777777777776
