poly,proportion
11a12,0.109375
9a10,0.09375
9a11,0.09375
8a9,0.078125
8a11,0.078125
10a11,0.078125
7a9,0.0625
7a10,0.0625
7a11,0.0625
7a12,0.0625
4a9,0.046875
5a9,0.046875
5a11,0.046875
6a11,0.046875
7a8,0.03125
