poly,proportion
2a3,0.26666666666666666
2a5,0.2
3a4,0.2
3a5,0.13333333333333333
2a7,0.06666666666666667
3a7,0.06666666666666667
4a5,0.06666666666666667
