poly,proportion
11a12,0.14516129032258066
8a9,0.0967741935483871
9a10,0.0967741935483871
9a11,0.0967741935483871
10a11,0.0967741935483871
7a11,0.06451612903225806
7a12,0.06451612903225806
8a11,0.06451612903225806
5a11,0.04838709677419355
6a11,0.04838709677419355
7a8,0.04838709677419355
7a9,0.04838709677419355
7a10,0.04838709677419355
5a9,0.03225806451612903
