poly,proportion
2a3,0.32142857142857145
3a4,0.14285714285714285
4a5,0.14285714285714285
2a5,0.10714285714285714
3a5,0.10714285714285714
2a7,0.07142857142857142
3a7,0.03571428571428571
3a8,0.03571428571428571
4a7,0.03571428571428571
