poly,proportion
11a12,0.15555555555555556
9a10,0.13333333333333333
9a11,0.1111111111111111
10a11,0.08888888888888889
4a9,0.06666666666666667
5a9,0.06666666666666667
6a11,0.06666666666666667
7a9,0.06666666666666667
7a10,0.06666666666666667
7a12,0.06666666666666667
8a9,0.06666666666666667
5a11,0.022222222222222223
7a11,0.022222222222222223
