poly,proportion
7a12,0.17647058823529413
11a12,0.08823529411764706
3a8,0.08823529411764706
5a8,0.08823529411764706
5a11,0.08823529411764706
6a11,0.08823529411764706
7a8,0.08823529411764706
7a11,0.08823529411764706
5a7,0.058823529411764705
8a9,0.058823529411764705
8a11,0.058823529411764705
9a11,0.029411764705882353
