poly,proportion
9a10,0.10526315789473684
9a11,0.10526315789473684
10a11,0.08771929824561403
11a12,0.08771929824561403
7a10,0.07017543859649122
7a11,0.07017543859649122
7a12,0.07017543859649122
8a9,0.07017543859649122
8a11,0.07017543859649122
5a9,0.05263157894736842
5a11,0.05263157894736842
6a11,0.05263157894736842
7a9,0.05263157894736842
4a9,0.03508771929824561
7a8,0.017543859649122806
