poly,proportion
2a3,0.14035087719298245
3a4,0.10526315789473684
2a7,0.08771929824561403
3a5,0.08771929824561403
2a5,0.08771929824561403
4a5,0.07017543859649122
3a7,0.05263157894736842
3a8,0.05263157894736842
4a7,0.05263157894736842
4a9,0.03508771929824561
5a6,0.03508771929824561
5a7,0.03508771929824561
5a8,0.03508771929824561
5a9,0.03508771929824561
6a7,0.03508771929824561
7a8,0.03508771929824561
5a11,0.017543859649122806
