poly,proportion
10a11,0.16666666666666666
9a11,0.13333333333333333
5a11,0.1
6a11,0.1
7a11,0.1
7a12,0.1
8a11,0.1
11a12,0.1
7a10,0.06666666666666667
9a10,0.03333333333333333
