poly,proportion
2a3,0.36666666666666664
2a5,0.16666666666666666
3a4,0.1
3a5,0.06666666666666667
4a5,0.06666666666666667
2a7,0.03333333333333333
3a7,0.03333333333333333
3a8,0.03333333333333333
4a7,0.03333333333333333
4a9,0.03333333333333333
5a6,0.03333333333333333
5a7,0.03333333333333333
