adj_rand,adj_mi,hg_score,complete_score,v_meas,fm_score
0.00763963914039765,0.07646600889442988,0.11523818078973659,0.08526728904096974,0.09801276023292996,0.029198041373000003
