poly,proportion
2a3,0.4230769230769231
3a4,0.15384615384615385
2a5,0.11538461538461539
3a5,0.07692307692307693
4a5,0.07692307692307693
2a7,0.038461538461538464
3a7,0.038461538461538464
3a8,0.038461538461538464
4a7,0.038461538461538464
