is_modemix,proportion
true,0.5007458512026851
false,0.49925414879731494
