is_modemix,proportion
false,0.500874699322108
true,0.49912530067789196
