is_modemix,proportion
true,0.5028729027809699
false,0.4971270972190301
