is_modemix,proportion
false,0.5005827505827506
true,0.4994172494172494
