is_modemix,proportion
true,0.5054780876494024
false,0.4945219123505976
