is_modemix,proportion
false,0.5056291390728477
true,0.4943708609271523
