is_modemix,proportion
false,0.5010245901639344
true,0.4989754098360656
