is_modemix,proportion
true,0.507098653076083
false,0.492901346923917
