is_modemix,proportion
true,0.5020470829068577
false,0.49795291709314227
