is_modemix,proportion
false,0.5021073335206518
true,0.49789266647934816
