is_modemix,proportion
false,0.5006977393245884
true,0.49930226067541167
