is_modemix,proportion
true,0.5005784805244891
false,0.499421519475511
