is_modemix,proportion
false,0.5055928411633109
true,0.49440715883668906
