is_modemix,proportion
true,0.5045751633986928
false,0.4954248366013072
