is_modemix,proportion
false,0.5002602811035919
true,0.4997397188964081
