is_modemix,proportion
true,0.5009855453350854
false,0.49901445466491456
