is_modemix,proportion
true,0.5054286783976039
false,0.4945713216023961
