is_modemix,proportion
true,0.500209995800084
false,0.499790004199916
