is_modemix,proportion
false,0.5021210952564596
true,0.4978789047435403
