is_modemix,proportion
false,0.5003765060240963
true,0.4996234939759036
