is_modemix,proportion
true,0.5040680473372781
false,0.4959319526627219
