set_type,set_type_count,octave,count,proportion
test,5298,3,4432,0.8365420913552284
test,5298,4,866,0.1634579086447716
train,24732,3,20265,0.819383794274624
train,24732,4,4467,0.18061620572537604
valid,5298,3,4375,0.8257833144582861
valid,5298,4,923,0.17421668554171385
