set_type,set_type_count,rvb_lvl,count,proportion
test,6237,0,2078,0.33317299983966653
test,6237,1,2070,0.3318903318903319
test,6237,2,2089,0.3349366682700016
train,29106,0,9681,0.33261183261183264
train,29106,1,9734,0.33443276300419156
train,29106,2,9691,0.3329554043839758
valid,6237,0,2101,0.33686067019400356
valid,6237,1,2056,0.32964566297899633
valid,6237,2,2080,0.33349366682700016
