set_type,set_type_count,scale_type,count,proportion
test,3972,maj,1986,0.5
test,3972,min,1986,0.5
train,18550,maj,9274,0.49994609164420484
train,18550,min,9276,0.5000539083557951
valid,3974,maj,1988,0.5002516356316055
valid,3974,min,1986,0.49974836436839454
