dyn_category,proportion
flat,0.24107142857142858
subf,0.1767857142857143
subp,0.16785714285714284
revhairpin,0.15357142857142858
hairpin,0.15178571428571427
decresc,0.05892857142857143
cresc,0.05
