dyn_category,proportion
revhairpin,0.22983870967741934
hairpin,0.22580645161290322
subp,0.2127016129032258
subf,0.1693548387096774
decresc,0.0846774193548387
cresc,0.07762096774193548
