dyn_category,proportion
subp,0.26542056074766357
subf,0.23551401869158878
revhairpin,0.20186915887850468
hairpin,0.17570093457943925
decresc,0.0616822429906542
cresc,0.059813084112149535
