dyn_category,proportion
subf,0.3186119873817035
subp,0.31545741324921134
revhairpin,0.14195583596214512
hairpin,0.13249211356466878
decresc,0.0473186119873817
cresc,0.04416403785488959
