dyn_category,proportion
subp,0.3060240963855422
subf,0.3060240963855422
hairpin,0.15180722891566265
revhairpin,0.13012048192771083
cresc,0.06265060240963856
decresc,0.043373493975903614
