dyn_category,proportion
revhairpin,0.22409638554216868
subf,0.20963855421686747
subp,0.2
flat,0.13012048192771083
hairpin,0.12771084337349398
decresc,0.07710843373493977
cresc,0.03132530120481928
