dyn_category,proportion
subf,0.25680933852140075
subp,0.23735408560311283
hairpin,0.20233463035019456
revhairpin,0.18482490272373542
cresc,0.06614785992217899
decresc,0.05252918287937743
