dyn_category,proportion
hairpin,0.20745341614906831
revhairpin,0.2
subf,0.18385093167701863
subp,0.168944099378882
flat,0.10062111801242236
decresc,0.07577639751552795
cresc,0.06335403726708075
