dyn_category,proportion
subf,0.33904761904761904
subp,0.3352380952380952
revhairpin,0.13142857142857142
hairpin,0.11619047619047619
cresc,0.0419047619047619
decresc,0.03619047619047619
