cluster,max_label,max_proportion
0,subf,0.2208474
1,flat,0.29989624
2,flat,0.23373677
3,hairpin,0.19657204
4,revhairpin,0.23076923
5,revhairpin,0.22035088
6,subf,0.27748692
