poly,proportion
5a9,0.10714285714285714
5a11,0.10714285714285714
6a11,0.10714285714285714
7a9,0.10714285714285714
7a10,0.10714285714285714
7a11,0.10714285714285714
7a12,0.07142857142857142
8a9,0.07142857142857142
8a11,0.07142857142857142
11a12,0.03571428571428571
2a7,0.03571428571428571
7a8,0.03571428571428571
5a8,0.03571428571428571
