poly,proportion
7a8,0.12280701754385964
3a8,0.10526315789473684
8a9,0.08771929824561403
7a12,0.08771929824561403
2a7,0.08771929824561403
3a7,0.08771929824561403
5a8,0.05263157894736842
3a4,0.05263157894736842
2a3,0.05263157894736842
4a9,0.03508771929824561
5a9,0.03508771929824561
7a9,0.03508771929824561
9a10,0.03508771929824561
9a11,0.03508771929824561
4a7,0.03508771929824561
11a12,0.017543859649122806
5a7,0.017543859649122806
3a5,0.017543859649122806
