poly,proportion
7a8,0.17142857142857143
7a12,0.14285714285714285
7a10,0.11428571428571428
6a7,0.08571428571428572
7a11,0.08571428571428572
8a11,0.08571428571428572
5a7,0.05714285714285714
7a9,0.05714285714285714
8a9,0.05714285714285714
9a10,0.02857142857142857
10a11,0.02857142857142857
11a12,0.02857142857142857
3a8,0.02857142857142857
4a7,0.02857142857142857
