poly,proportion
5a9,0.11904761904761904
9a11,0.09523809523809523
5a8,0.09523809523809523
10a11,0.07142857142857142
11a12,0.07142857142857142
5a11,0.07142857142857142
4a9,0.07142857142857142
5a6,0.07142857142857142
5a7,0.07142857142857142
7a12,0.07142857142857142
8a11,0.047619047619047616
9a10,0.023809523809523808
7a11,0.023809523809523808
6a7,0.023809523809523808
8a9,0.023809523809523808
6a11,0.023809523809523808
4a5,0.023809523809523808
