poly,proportion
10a11,0.10638297872340426
9a11,0.10638297872340426
6a11,0.10638297872340426
9a10,0.0851063829787234
5a9,0.0851063829787234
7a9,0.06382978723404255
7a12,0.06382978723404255
7a11,0.06382978723404255
8a11,0.06382978723404255
11a12,0.06382978723404255
4a9,0.0425531914893617
8a9,0.0425531914893617
7a10,0.0425531914893617
5a11,0.0425531914893617
6a7,0.02127659574468085
