poly,proportion
9a11,0.09375
3a7,0.09375
3a8,0.09375
4a7,0.09375
3a4,0.09375
9a10,0.0625
7a9,0.0625
8a9,0.0625
5a7,0.0625
5a8,0.0625
6a7,0.0625
2a7,0.0625
11a12,0.03125
5a6,0.03125
3a5,0.03125
