poly,proportion
9a10,0.11627906976744186
10a11,0.11627906976744186
9a11,0.11627906976744186
6a11,0.09302325581395349
7a11,0.09302325581395349
5a9,0.06976744186046512
8a11,0.06976744186046512
8a9,0.046511627906976744
4a9,0.046511627906976744
5a11,0.046511627906976744
5a6,0.046511627906976744
6a7,0.046511627906976744
7a8,0.023255813953488372
7a9,0.023255813953488372
7a10,0.023255813953488372
7a12,0.023255813953488372
