poly,proportion
5a9,0.10909090909090909
4a9,0.09090909090909091
7a9,0.09090909090909091
8a9,0.09090909090909091
9a10,0.07272727272727272
9a11,0.07272727272727272
3a8,0.07272727272727272
3a4,0.07272727272727272
3a7,0.05454545454545454
2a3,0.05454545454545454
5a8,0.03636363636363636
7a8,0.03636363636363636
3a5,0.03636363636363636
5a11,0.01818181818181818
6a11,0.01818181818181818
7a12,0.01818181818181818
2a7,0.01818181818181818
4a7,0.01818181818181818
8a11,0.01818181818181818
