adj_rand,adj_mi,hg_score,complete_score,v_meas,fm_score
0.010197758604775856,0.09875818321530386,0.14683550340385457,0.10507504520522642,0.1224938554028937,0.031025189058547748
