poly,proportion
3a7,0.12903225806451613
5a8,0.12903225806451613
7a12,0.0967741935483871
11a12,0.0967741935483871
3a8,0.0967741935483871
4a7,0.0967741935483871
5a7,0.0967741935483871
6a7,0.0967741935483871
7a8,0.0967741935483871
2a7,0.06451612903225806
