poly,proportion
5a11,0.13793103448275862
6a11,0.10344827586206896
10a11,0.08620689655172414
7a11,0.08620689655172414
8a11,0.06896551724137931
9a11,0.06896551724137931
11a12,0.06896551724137931
5a9,0.06896551724137931
5a8,0.06896551724137931
5a6,0.05172413793103448
6a7,0.05172413793103448
4a9,0.05172413793103448
5a7,0.034482758620689655
7a9,0.017241379310344827
4a5,0.017241379310344827
3a4,0.017241379310344827
