poly,proportion
2a3,0.25
2a5,0.18181818181818182
2a7,0.13636363636363635
3a8,0.09090909090909091
4a7,0.045454545454545456
4a9,0.045454545454545456
5a7,0.045454545454545456
3a7,0.045454545454545456
5a8,0.022727272727272728
5a9,0.022727272727272728
5a11,0.022727272727272728
6a11,0.022727272727272728
7a9,0.022727272727272728
3a4,0.022727272727272728
3a5,0.022727272727272728
