poly,proportion
9a10,0.14634146341463414
9a11,0.14634146341463414
10a11,0.14634146341463414
11a12,0.14634146341463414
7a12,0.0975609756097561
8a11,0.0975609756097561
8a9,0.07317073170731707
5a9,0.024390243902439025
5a11,0.024390243902439025
3a8,0.024390243902439025
7a11,0.024390243902439025
7a9,0.024390243902439025
7a10,0.024390243902439025
