poly,proportion
8a11,0.11538461538461539
9a11,0.11538461538461539
10a11,0.11538461538461539
11a12,0.11538461538461539
7a11,0.07692307692307693
9a10,0.07692307692307693
5a11,0.057692307692307696
6a11,0.057692307692307696
7a9,0.057692307692307696
7a10,0.057692307692307696
7a12,0.057692307692307696
8a9,0.057692307692307696
4a9,0.019230769230769232
5a9,0.019230769230769232
