poly,proportion
9a10,0.18181818181818182
11a12,0.18181818181818182
10a11,0.12121212121212122
7a9,0.09090909090909091
7a10,0.09090909090909091
9a11,0.09090909090909091
6a11,0.06060606060606061
5a11,0.06060606060606061
8a9,0.06060606060606061
4a9,0.030303030303030304
5a9,0.030303030303030304
