poly,proportion
2a3,0.34285714285714286
3a4,0.22857142857142856
2a5,0.2
3a5,0.11428571428571428
4a5,0.08571428571428572
2a7,0.02857142857142857
