poly,proportion
11a12,0.15625
10a11,0.125
9a10,0.09375
7a12,0.0625
6a11,0.0625
7a9,0.0625
7a11,0.0625
8a9,0.0625
8a11,0.0625
9a11,0.0625
7a8,0.03125
4a9,0.03125
5a8,0.03125
5a9,0.03125
5a11,0.03125
7a10,0.03125
