poly,proportion
9a11,0.0859375
11a12,0.0859375
10a11,0.078125
9a10,0.078125
7a9,0.0625
7a10,0.0625
7a12,0.0546875
6a11,0.0546875
7a11,0.0546875
8a11,0.0546875
5a9,0.046875
7a8,0.0390625
4a9,0.0390625
5a11,0.0390625
8a9,0.0390625
6a7,0.03125
5a6,0.015625
5a8,0.015625
3a8,0.015625
3a4,0.0078125
3a5,0.0078125
3a7,0.0078125
4a5,0.0078125
4a7,0.0078125
5a7,0.0078125
