poly,proportion
11a12,0.11538461538461539
10a11,0.1076923076923077
9a10,0.1
9a11,0.09230769230769231
8a11,0.08461538461538462
7a12,0.06923076923076923
8a9,0.06153846153846154
5a11,0.06153846153846154
7a11,0.05384615384615385
6a11,0.046153846153846156
7a10,0.046153846153846156
7a8,0.038461538461538464
5a9,0.03076923076923077
7a9,0.03076923076923077
4a9,0.023076923076923078
5a8,0.023076923076923078
6a7,0.015384615384615385
