poly,proportion
2a3,0.2288135593220339
2a5,0.1271186440677966
3a4,0.1271186440677966
3a5,0.11016949152542373
2a7,0.0847457627118644
4a5,0.06779661016949153
3a7,0.059322033898305086
3a8,0.05084745762711865
4a7,0.0423728813559322
5a6,0.03389830508474576
5a7,0.025423728813559324
6a7,0.01694915254237288
4a9,0.00847457627118644
5a8,0.00847457627118644
5a9,0.00847457627118644
