adj_rand,adj_mi,hg_score,complete_score,v_meas,fm_score
0.011348491748847172,0.05853568054241318,0.06492104796764725,0.06605169522446593,0.06548149133170467,0.04869827320540121
