poly,proportion
10a11,0.0970873786407767
9a10,0.08737864077669903
9a11,0.07766990291262135
4a9,0.07766990291262135
7a9,0.07766990291262135
8a11,0.06796116504854369
11a12,0.06796116504854369
5a9,0.06796116504854369
7a12,0.05825242718446602
8a9,0.05825242718446602
6a11,0.04854368932038835
7a11,0.038834951456310676
5a6,0.038834951456310676
6a7,0.038834951456310676
7a10,0.038834951456310676
4a7,0.02912621359223301
7a8,0.009708737864077669
4a5,0.009708737864077669
5a11,0.009708737864077669
