poly,proportion
7a12,0.13846153846153847
7a8,0.13846153846153847
5a7,0.07692307692307693
7a9,0.07692307692307693
7a10,0.07692307692307693
7a11,0.07692307692307693
8a9,0.07692307692307693
8a11,0.07692307692307693
11a12,0.06153846153846154
4a7,0.06153846153846154
5a8,0.06153846153846154
6a7,0.06153846153846154
3a7,0.015384615384615385
