poly,proportion
3a4,0.14414414414414414
2a3,0.13513513513513514
3a5,0.11711711711711711
4a5,0.09009009009009009
2a5,0.07207207207207207
5a6,0.06306306306306306
3a7,0.05405405405405406
3a8,0.05405405405405406
4a7,0.05405405405405406
5a7,0.04504504504504504
4a9,0.02702702702702703
5a11,0.02702702702702703
2a7,0.02702702702702703
6a7,0.02702702702702703
5a8,0.018018018018018018
5a9,0.018018018018018018
6a11,0.009009009009009009
7a8,0.009009009009009009
7a9,0.009009009009009009
