poly,proportion
9a10,0.15384615384615385
7a9,0.1282051282051282
11a12,0.10256410256410256
5a9,0.10256410256410256
7a10,0.07692307692307693
7a12,0.07692307692307693
8a9,0.07692307692307693
9a11,0.07692307692307693
10a11,0.07692307692307693
4a9,0.07692307692307693
6a11,0.05128205128205128
