poly,proportion
2a5,0.11403508771929824
3a5,0.10526315789473684
4a5,0.10526315789473684
3a4,0.09649122807017543
2a3,0.09649122807017543
2a7,0.08771929824561403
3a7,0.07017543859649122
5a6,0.07017543859649122
4a7,0.06140350877192982
5a7,0.03508771929824561
6a7,0.03508771929824561
4a9,0.02631578947368421
5a9,0.02631578947368421
3a8,0.02631578947368421
5a8,0.017543859649122806
5a11,0.017543859649122806
7a8,0.008771929824561403
