poly,proportion
9a10,0.13953488372093023
11a12,0.12790697674418605
10a11,0.11627906976744186
9a11,0.10465116279069768
5a11,0.08139534883720931
7a11,0.06976744186046512
8a11,0.06976744186046512
6a11,0.05813953488372093
8a9,0.05813953488372093
7a10,0.046511627906976744
7a12,0.046511627906976744
7a9,0.03488372093023256
7a8,0.023255813953488372
5a9,0.023255813953488372
