poly,proportion
9a10,0.12244897959183673
9a11,0.12244897959183673
10a11,0.12244897959183673
11a12,0.12244897959183673
7a12,0.08163265306122448
8a9,0.08163265306122448
8a11,0.08163265306122448
7a10,0.061224489795918366
5a9,0.04081632653061224
5a11,0.04081632653061224
4a9,0.04081632653061224
5a8,0.02040816326530612
3a8,0.02040816326530612
7a11,0.02040816326530612
7a9,0.02040816326530612
