poly,proportion
2a7,0.14285714285714285
3a8,0.09523809523809523
3a7,0.09523809523809523
5a8,0.07142857142857142
4a7,0.07142857142857142
2a5,0.07142857142857142
4a9,0.047619047619047616
5a9,0.047619047619047616
7a12,0.047619047619047616
5a7,0.047619047619047616
6a7,0.047619047619047616
3a5,0.047619047619047616
4a5,0.047619047619047616
5a11,0.023809523809523808
6a11,0.023809523809523808
7a8,0.023809523809523808
2a3,0.023809523809523808
3a4,0.023809523809523808
