poly,proportion
7a12,0.14285714285714285
7a8,0.14285714285714285
7a10,0.10204081632653061
5a8,0.061224489795918366
6a7,0.061224489795918366
7a11,0.061224489795918366
8a9,0.061224489795918366
8a11,0.061224489795918366
3a8,0.061224489795918366
9a10,0.04081632653061224
4a7,0.04081632653061224
5a7,0.04081632653061224
7a9,0.04081632653061224
10a11,0.02040816326530612
11a12,0.02040816326530612
9a11,0.02040816326530612
3a5,0.02040816326530612
