poly,proportion
9a10,0.14864864864864866
11a12,0.13513513513513514
9a11,0.12162162162162163
10a11,0.12162162162162163
5a11,0.08108108108108109
8a11,0.08108108108108109
8a9,0.06756756756756757
7a10,0.05405405405405406
7a11,0.05405405405405406
6a11,0.04054054054054054
7a9,0.04054054054054054
7a12,0.04054054054054054
5a9,0.013513513513513514
