poly,proportion
2a3,0.30952380952380953
2a5,0.21428571428571427
3a4,0.19047619047619047
3a5,0.11904761904761904
4a5,0.09523809523809523
2a7,0.047619047619047616
3a7,0.023809523809523808
