poly,proportion
9a10,0.1527777777777778
9a11,0.125
10a11,0.125
11a12,0.125
5a11,0.08333333333333333
8a11,0.08333333333333333
7a10,0.05555555555555555
7a11,0.05555555555555555
8a9,0.05555555555555555
6a11,0.041666666666666664
7a9,0.041666666666666664
7a12,0.041666666666666664
5a9,0.013888888888888888
