poly,proportion
2a3,0.22857142857142856
2a5,0.17142857142857143
3a4,0.17142857142857143
3a5,0.11428571428571428
2a7,0.08571428571428572
4a5,0.08571428571428572
3a7,0.05714285714285714
3a8,0.02857142857142857
4a7,0.02857142857142857
5a6,0.02857142857142857
