poly,proportion
11a12,0.09375
6a11,0.09375
7a10,0.09375
7a11,0.09375
5a9,0.0625
5a11,0.0625
7a9,0.0625
7a12,0.0625
8a9,0.0625
8a11,0.0625
9a10,0.0625
9a11,0.0625
10a11,0.0625
4a9,0.03125
7a8,0.03125
