poly,proportion
9a10,0.13793103448275862
11a12,0.1206896551724138
10a11,0.10344827586206896
9a11,0.08620689655172414
5a9,0.06896551724137931
6a11,0.06896551724137931
7a9,0.06896551724137931
8a9,0.06896551724137931
7a12,0.05172413793103448
4a9,0.05172413793103448
5a11,0.034482758620689655
7a10,0.034482758620689655
7a11,0.034482758620689655
8a11,0.034482758620689655
5a8,0.017241379310344827
6a7,0.017241379310344827
