poly,proportion
2a3,0.2978723404255319
3a4,0.19148936170212766
3a5,0.1276595744680851
2a5,0.1276595744680851
3a7,0.0851063829787234
2a7,0.06382978723404255
3a8,0.0425531914893617
4a5,0.02127659574468085
4a7,0.02127659574468085
5a6,0.02127659574468085
