poly,proportion
11a12,0.1276595744680851
7a12,0.0851063829787234
8a11,0.0851063829787234
9a10,0.0851063829787234
9a11,0.0851063829787234
10a11,0.0851063829787234
7a10,0.06382978723404255
8a9,0.06382978723404255
2a7,0.0425531914893617
7a8,0.0425531914893617
7a9,0.0425531914893617
7a11,0.0425531914893617
3a7,0.02127659574468085
3a8,0.02127659574468085
2a5,0.02127659574468085
4a9,0.02127659574468085
5a9,0.02127659574468085
5a11,0.02127659574468085
6a11,0.02127659574468085
