poly,proportion
11a12,0.125
7a12,0.08333333333333333
8a11,0.08333333333333333
9a10,0.08333333333333333
9a11,0.08333333333333333
10a11,0.08333333333333333
7a10,0.0625
8a9,0.0625
2a7,0.041666666666666664
6a11,0.041666666666666664
7a8,0.041666666666666664
7a9,0.041666666666666664
7a11,0.041666666666666664
3a7,0.020833333333333332
3a8,0.020833333333333332
2a5,0.020833333333333332
4a9,0.020833333333333332
5a9,0.020833333333333332
5a11,0.020833333333333332
