poly,proportion
9a10,0.15789473684210525
11a12,0.15789473684210525
10a11,0.10526315789473684
5a11,0.07894736842105263
6a11,0.07894736842105263
7a9,0.07894736842105263
7a10,0.07894736842105263
9a11,0.07894736842105263
5a9,0.07894736842105263
8a9,0.05263157894736842
4a9,0.02631578947368421
5a8,0.02631578947368421
