poly,proportion
2a3,0.3235294117647059
3a4,0.23529411764705882
2a5,0.20588235294117646
3a5,0.11764705882352941
4a5,0.08823529411764706
2a7,0.029411764705882353
