poly,proportion
7a8,0.14285714285714285
7a9,0.14285714285714285
7a10,0.14285714285714285
7a11,0.14285714285714285
7a12,0.14285714285714285
8a9,0.14285714285714285
8a11,0.14285714285714285
