poly,proportion
4a9,0.09375
5a8,0.09375
3a8,0.0625
4a7,0.0625
5a7,0.0625
7a8,0.0625
7a9,0.0625
8a9,0.0625
5a6,0.0625
5a9,0.03125
5a11,0.03125
6a11,0.03125
7a10,0.03125
7a11,0.03125
7a12,0.03125
8a11,0.03125
2a5,0.03125
3a5,0.03125
2a7,0.03125
3a7,0.03125
4a5,0.03125
