poly,proportion
9a10,0.14285714285714285
9a11,0.14285714285714285
10a11,0.14285714285714285
11a12,0.14285714285714285
7a12,0.09523809523809523
8a11,0.09523809523809523
8a9,0.07142857142857142
5a9,0.023809523809523808
5a11,0.023809523809523808
3a8,0.023809523809523808
4a9,0.023809523809523808
7a11,0.023809523809523808
7a9,0.023809523809523808
7a10,0.023809523809523808
