poly,proportion
5a9,0.08695652173913043
5a11,0.08695652173913043
6a11,0.08695652173913043
7a11,0.08695652173913043
7a12,0.08695652173913043
8a11,0.08695652173913043
9a10,0.08695652173913043
9a11,0.08695652173913043
11a12,0.08695652173913043
4a9,0.043478260869565216
7a9,0.043478260869565216
7a10,0.043478260869565216
8a9,0.043478260869565216
10a11,0.043478260869565216
