poly,proportion
6a11,0.11538461538461539
10a11,0.09615384615384616
9a10,0.09615384615384616
7a11,0.07692307692307693
8a11,0.07692307692307693
7a9,0.057692307692307696
7a10,0.057692307692307696
9a11,0.057692307692307696
8a9,0.057692307692307696
11a12,0.057692307692307696
5a9,0.038461538461538464
4a9,0.038461538461538464
6a7,0.038461538461538464
5a11,0.038461538461538464
7a12,0.019230769230769232
5a7,0.019230769230769232
7a8,0.019230769230769232
3a7,0.019230769230769232
4a5,0.019230769230769232
