poly,proportion
4a9,0.10526315789473684
3a7,0.10526315789473684
2a7,0.10526315789473684
2a5,0.10526315789473684
5a8,0.07894736842105263
5a9,0.07894736842105263
3a8,0.07894736842105263
4a7,0.07894736842105263
5a11,0.05263157894736842
6a7,0.05263157894736842
4a5,0.05263157894736842
7a12,0.02631578947368421
7a8,0.02631578947368421
5a7,0.02631578947368421
3a5,0.02631578947368421
