poly,proportion
2a3,0.2692307692307692
3a4,0.23076923076923078
2a5,0.19230769230769232
3a5,0.11538461538461539
2a7,0.07692307692307693
4a5,0.07692307692307693
3a7,0.038461538461538464
