poly,proportion
8a11,0.11764705882352941
9a11,0.11764705882352941
10a11,0.11764705882352941
11a12,0.11764705882352941
7a11,0.0784313725490196
9a10,0.0784313725490196
5a11,0.058823529411764705
6a11,0.058823529411764705
7a9,0.058823529411764705
7a10,0.058823529411764705
7a12,0.058823529411764705
8a9,0.0392156862745098
4a9,0.0196078431372549
5a9,0.0196078431372549
