poly,proportion
7a12,0.14705882352941177
7a8,0.14705882352941177
7a11,0.08823529411764706
8a9,0.08823529411764706
8a11,0.08823529411764706
4a7,0.058823529411764705
5a7,0.058823529411764705
5a8,0.058823529411764705
6a7,0.058823529411764705
7a9,0.058823529411764705
7a10,0.058823529411764705
3a8,0.058823529411764705
11a12,0.029411764705882353
