poly,proportion
9a11,0.08888888888888889
5a9,0.08888888888888889
8a9,0.06666666666666667
10a11,0.06666666666666667
11a12,0.06666666666666667
5a8,0.06666666666666667
4a9,0.06666666666666667
5a6,0.06666666666666667
5a7,0.06666666666666667
7a12,0.06666666666666667
6a11,0.044444444444444446
5a11,0.044444444444444446
8a11,0.044444444444444446
4a7,0.044444444444444446
4a5,0.044444444444444446
9a10,0.022222222222222223
7a11,0.022222222222222223
6a7,0.022222222222222223
