poly,proportion
7a11,0.09375
8a11,0.09375
9a11,0.078125
10a11,0.078125
6a11,0.078125
7a9,0.078125
8a9,0.0625
5a9,0.0625
5a11,0.0625
4a9,0.046875
7a10,0.046875
7a12,0.046875
5a6,0.046875
11a12,0.03125
9a10,0.03125
4a5,0.03125
3a5,0.015625
5a7,0.015625
