poly,proportion
5a9,0.11764705882352941
5a11,0.11764705882352941
5a7,0.09803921568627451
5a8,0.09803921568627451
4a7,0.0784313725490196
6a11,0.058823529411764705
5a6,0.058823529411764705
3a7,0.058823529411764705
4a5,0.058823529411764705
4a9,0.058823529411764705
10a11,0.0392156862745098
7a12,0.0392156862745098
3a8,0.0392156862745098
8a11,0.0196078431372549
7a9,0.0196078431372549
7a11,0.0196078431372549
2a7,0.0196078431372549
