poly,proportion
2a5,0.25
3a4,0.25
2a3,0.25
3a5,0.125
4a5,0.08333333333333333
2a7,0.041666666666666664
