poly,proportion
2a7,0.12087912087912088
7a8,0.10989010989010989
7a12,0.08791208791208792
3a8,0.08791208791208792
8a9,0.07692307692307693
3a7,0.07692307692307693
7a10,0.054945054945054944
4a7,0.054945054945054944
5a8,0.054945054945054944
5a7,0.04395604395604396
6a7,0.04395604395604396
9a10,0.03296703296703297
11a12,0.03296703296703297
7a9,0.03296703296703297
7a11,0.03296703296703297
8a11,0.03296703296703297
3a4,0.01098901098901099
3a5,0.01098901098901099
