adj_rand,adj_mi,hg_score,complete_score,v_meas,fm_score
0.008343042964743077,0.0847196060312189,0.13031356168449063,0.09356930438542814,0.10892614993589887,0.029056674732096804
