poly,proportion
6a11,0.15555555555555556
11a12,0.13333333333333333
9a11,0.13333333333333333
10a11,0.1111111111111111
7a11,0.08888888888888889
8a11,0.08888888888888889
5a11,0.06666666666666667
7a9,0.044444444444444446
9a10,0.044444444444444446
5a9,0.022222222222222223
7a10,0.022222222222222223
7a12,0.022222222222222223
8a9,0.022222222222222223
5a6,0.022222222222222223
6a7,0.022222222222222223
