poly,proportion
9a10,0.17647058823529413
7a12,0.11764705882352941
4a9,0.08823529411764706
5a9,0.08823529411764706
7a9,0.08823529411764706
7a10,0.08823529411764706
8a9,0.08823529411764706
9a11,0.08823529411764706
10a11,0.08823529411764706
11a12,0.08823529411764706
