poly,proportion
2a3,0.34615384615384615
2a5,0.1346153846153846
3a4,0.1346153846153846
4a5,0.09615384615384616
3a5,0.07692307692307693
3a7,0.038461538461538464
3a8,0.038461538461538464
4a7,0.038461538461538464
5a6,0.038461538461538464
4a9,0.019230769230769232
5a7,0.019230769230769232
2a7,0.019230769230769232
