adj_rand,adj_mi,hg_score,complete_score,v_meas,fm_score
0.009770289380792066,0.047274023197561174,0.05374531169139051,0.05491000187586556,0.05432141455220244,0.04761625317587177
