poly,proportion
2a7,0.11627906976744186
4a5,0.09302325581395349
3a7,0.08527131782945736
2a3,0.08527131782945736
3a8,0.07751937984496124
2a5,0.07751937984496124
4a7,0.06976744186046512
3a5,0.06976744186046512
3a4,0.06201550387596899
5a6,0.05426356589147287
4a9,0.046511627906976744
5a8,0.046511627906976744
5a7,0.03875968992248062
5a9,0.031007751937984496
6a7,0.023255813953488372
6a11,0.007751937984496124
9a10,0.007751937984496124
5a11,0.007751937984496124
