poly,proportion
10a11,0.075
9a10,0.06875
11a12,0.0625
9a11,0.0625
7a12,0.05625
6a11,0.05
7a10,0.05
7a11,0.05
8a9,0.05
8a11,0.05
5a9,0.04375
5a11,0.04375
7a8,0.04375
7a9,0.04375
6a7,0.0375
4a9,0.03125
5a7,0.03125
4a7,0.025
5a6,0.025
5a8,0.025
3a8,0.01875
3a7,0.0125
2a7,0.0125
4a5,0.0125
2a5,0.00625
3a4,0.00625
3a5,0.00625
