adj_rand,adj_mi,hg_score,complete_score,v_meas,fm_score
0.009637388228566638,0.055374803102570105,0.06873448420598695,0.06244017085660637,0.06543631367682422,0.040501896011264575
