poly,proportion
2a3,0.21951219512195122
3a4,0.15447154471544716
3a5,0.12195121951219512
2a5,0.11382113821138211
4a5,0.07317073170731707
2a7,0.04878048780487805
3a7,0.04065040650406504
4a7,0.032520325203252036
5a6,0.032520325203252036
5a7,0.032520325203252036
3a8,0.024390243902439025
6a7,0.024390243902439025
4a9,0.016260162601626018
5a8,0.016260162601626018
5a9,0.016260162601626018
5a11,0.008130081300813009
6a11,0.008130081300813009
7a8,0.008130081300813009
7a9,0.008130081300813009
