poly,proportion
2a3,0.2
3a4,0.11428571428571428
2a5,0.08571428571428572
2a7,0.08571428571428572
3a5,0.07142857142857142
4a5,0.07142857142857142
3a7,0.05714285714285714
3a8,0.05714285714285714
4a7,0.05714285714285714
5a6,0.05714285714285714
5a7,0.05714285714285714
5a8,0.02857142857142857
6a7,0.02857142857142857
4a9,0.014285714285714285
5a9,0.014285714285714285
