poly,proportion
9a11,0.13636363636363635
10a11,0.11363636363636363
9a10,0.10227272727272728
11a12,0.10227272727272728
6a11,0.09090909090909091
5a11,0.056818181818181816
7a9,0.056818181818181816
7a12,0.056818181818181816
5a9,0.045454545454545456
7a11,0.045454545454545456
8a9,0.045454545454545456
8a11,0.045454545454545456
4a9,0.03409090909090909
7a10,0.03409090909090909
5a6,0.011363636363636364
5a7,0.011363636363636364
6a7,0.011363636363636364
