poly,proportion
3a4,0.24489795918367346
2a5,0.22448979591836735
2a3,0.20408163265306123
3a5,0.14285714285714285
4a5,0.10204081632653061
2a7,0.04081632653061224
3a7,0.04081632653061224
