adj_rand,adj_mi,hg_score,complete_score,v_meas,fm_score
0.010008680147356641,0.07195111707783411,0.09886810811741538,0.07876871787444188,0.08768130224796397,0.03458191973179251
