poly,proportion
11a12,0.23333333333333334
9a10,0.2
5a9,0.1
5a11,0.1
6a11,0.1
9a11,0.1
10a11,0.1
8a9,0.03333333333333333
5a8,0.03333333333333333
