poly,proportion
9a11,0.1411764705882353
10a11,0.11764705882352941
9a10,0.10588235294117647
11a12,0.10588235294117647
6a11,0.09411764705882353
5a11,0.058823529411764705
5a9,0.047058823529411764
7a9,0.047058823529411764
7a11,0.047058823529411764
8a9,0.047058823529411764
8a11,0.047058823529411764
7a12,0.047058823529411764
4a9,0.03529411764705882
7a10,0.03529411764705882
5a6,0.011764705882352941
6a7,0.011764705882352941
