poly,proportion
2a3,0.373134328358209
2a5,0.13432835820895522
3a4,0.13432835820895522
3a5,0.08955223880597014
4a5,0.05970149253731343
2a7,0.04477611940298507
3a7,0.029850746268656716
3a8,0.029850746268656716
4a7,0.029850746268656716
5a7,0.029850746268656716
5a6,0.029850746268656716
4a9,0.014925373134328358
