poly,proportion
3a5,0.17307692307692307
2a3,0.1346153846153846
2a7,0.11538461538461539
2a5,0.11538461538461539
3a7,0.09615384615384616
4a5,0.09615384615384616
5a6,0.07692307692307693
3a4,0.07692307692307693
3a8,0.038461538461538464
4a7,0.038461538461538464
5a7,0.019230769230769232
6a7,0.019230769230769232
