poly,proportion
2a3,0.11688311688311688
3a4,0.11688311688311688
3a5,0.07792207792207792
4a5,0.07792207792207792
2a5,0.06493506493506493
3a7,0.06493506493506493
3a8,0.06493506493506493
4a7,0.05194805194805195
5a6,0.05194805194805195
5a7,0.05194805194805195
5a8,0.05194805194805195
6a7,0.05194805194805195
2a7,0.03896103896103896
4a9,0.03896103896103896
5a9,0.025974025974025976
7a8,0.025974025974025976
5a11,0.012987012987012988
7a9,0.012987012987012988
