poly,proportion
2a3,0.25806451612903225
2a5,0.22580645161290322
3a4,0.1935483870967742
3a5,0.0967741935483871
2a7,0.06451612903225806
4a5,0.06451612903225806
3a7,0.03225806451612903
3a8,0.03225806451612903
4a7,0.03225806451612903
