poly,proportion
9a11,0.10344827586206896
5a11,0.10344827586206896
6a11,0.10344827586206896
5a9,0.08620689655172414
9a10,0.06896551724137931
10a11,0.06896551724137931
7a10,0.06896551724137931
7a11,0.06896551724137931
4a9,0.06896551724137931
11a12,0.05172413793103448
8a11,0.05172413793103448
7a9,0.034482758620689655
8a9,0.034482758620689655
4a5,0.034482758620689655
7a12,0.034482758620689655
3a5,0.017241379310344827
