poly,proportion
11a12,0.17073170731707318
10a11,0.12195121951219512
9a10,0.0975609756097561
9a11,0.0975609756097561
6a11,0.07317073170731707
7a10,0.07317073170731707
7a11,0.07317073170731707
7a12,0.07317073170731707
8a11,0.07317073170731707
5a11,0.04878048780487805
7a8,0.024390243902439025
7a9,0.024390243902439025
8a9,0.024390243902439025
5a9,0.024390243902439025
