poly,proportion
7a8,0.12727272727272726
7a12,0.10909090909090909
7a10,0.09090909090909091
8a9,0.07272727272727272
8a11,0.07272727272727272
9a10,0.05454545454545454
11a12,0.05454545454545454
4a7,0.05454545454545454
5a7,0.05454545454545454
5a8,0.05454545454545454
6a7,0.05454545454545454
7a9,0.05454545454545454
7a11,0.05454545454545454
3a7,0.03636363636363636
3a8,0.03636363636363636
10a11,0.01818181818181818
