poly,proportion
4a9,0.14705882352941177
4a7,0.11764705882352941
5a11,0.08823529411764706
6a11,0.08823529411764706
3a7,0.08823529411764706
3a8,0.08823529411764706
5a7,0.058823529411764705
5a9,0.058823529411764705
3a5,0.058823529411764705
7a10,0.029411764705882353
7a11,0.029411764705882353
7a12,0.029411764705882353
5a8,0.029411764705882353
4a5,0.029411764705882353
2a5,0.029411764705882353
2a7,0.029411764705882353
