poly,proportion
11a12,0.1206896551724138
6a11,0.10344827586206896
9a10,0.10344827586206896
9a11,0.10344827586206896
10a11,0.10344827586206896
4a9,0.05172413793103448
5a9,0.05172413793103448
5a11,0.05172413793103448
7a9,0.05172413793103448
7a10,0.05172413793103448
7a11,0.05172413793103448
7a12,0.05172413793103448
8a9,0.05172413793103448
8a11,0.05172413793103448
