poly,proportion
11a12,0.1346153846153846
9a11,0.11538461538461539
9a10,0.09615384615384616
10a11,0.09615384615384616
5a9,0.07692307692307693
5a11,0.057692307692307696
6a11,0.057692307692307696
7a12,0.057692307692307696
5a7,0.038461538461538464
8a11,0.038461538461538464
5a8,0.038461538461538464
7a9,0.038461538461538464
8a9,0.038461538461538464
7a11,0.019230769230769232
2a7,0.019230769230769232
4a9,0.019230769230769232
5a6,0.019230769230769232
6a7,0.019230769230769232
7a10,0.019230769230769232
