poly,proportion
2a7,0.16279069767441862
3a7,0.11627906976744186
3a8,0.06976744186046512
4a7,0.06976744186046512
4a9,0.06976744186046512
5a7,0.06976744186046512
5a8,0.06976744186046512
5a9,0.06976744186046512
2a5,0.06976744186046512
3a5,0.06976744186046512
7a9,0.046511627906976744
6a7,0.023255813953488372
7a8,0.023255813953488372
8a9,0.023255813953488372
4a5,0.023255813953488372
5a6,0.023255813953488372
