poly,proportion
9a10,0.1935483870967742
11a12,0.16129032258064516
9a11,0.12903225806451613
10a11,0.12903225806451613
5a9,0.0967741935483871
5a11,0.0967741935483871
6a11,0.0967741935483871
7a11,0.03225806451612903
7a12,0.03225806451612903
8a9,0.03225806451612903
