poly,proportion
2a3,0.5714285714285714
3a4,0.14285714285714285
2a5,0.09523809523809523
2a7,0.09523809523809523
3a5,0.047619047619047616
3a7,0.047619047619047616
