poly,proportion
11a12,0.1282051282051282
10a11,0.10256410256410256
7a12,0.07692307692307693
9a10,0.07692307692307693
9a11,0.07692307692307693
4a9,0.05128205128205128
5a8,0.05128205128205128
5a9,0.05128205128205128
5a11,0.05128205128205128
6a11,0.05128205128205128
7a9,0.05128205128205128
7a10,0.05128205128205128
7a11,0.05128205128205128
8a9,0.05128205128205128
8a11,0.05128205128205128
7a8,0.02564102564102564
