poly,proportion
8a11,0.09523809523809523
9a11,0.09523809523809523
8a9,0.09523809523809523
7a11,0.07142857142857142
11a12,0.07142857142857142
7a9,0.07142857142857142
5a11,0.047619047619047616
6a11,0.047619047619047616
7a12,0.047619047619047616
10a11,0.047619047619047616
3a8,0.047619047619047616
4a9,0.047619047619047616
5a8,0.047619047619047616
5a9,0.047619047619047616
7a8,0.047619047619047616
9a10,0.047619047619047616
7a10,0.023809523809523808
