adj_rand,adj_mi,hg_score,complete_score,v_meas,fm_score
0.008463237605611322,0.07932544618630559,0.11860526415872533,0.08753094709678645,0.10072593300562255,0.030022090438878397
