poly,proportion
7a8,0.13513513513513514
5a8,0.10810810810810811
6a7,0.10810810810810811
9a10,0.08108108108108109
7a12,0.08108108108108109
11a12,0.08108108108108109
8a9,0.08108108108108109
4a7,0.08108108108108109
5a7,0.08108108108108109
7a10,0.05405405405405406
3a7,0.05405405405405406
3a8,0.05405405405405406
