poly,proportion
6a11,0.125
5a11,0.10416666666666667
7a11,0.08333333333333333
9a10,0.08333333333333333
9a11,0.08333333333333333
8a11,0.0625
10a11,0.0625
4a9,0.0625
5a9,0.0625
7a9,0.041666666666666664
8a9,0.041666666666666664
7a10,0.041666666666666664
11a12,0.020833333333333332
5a7,0.020833333333333332
5a8,0.020833333333333332
6a7,0.020833333333333332
7a12,0.020833333333333332
2a5,0.020833333333333332
3a5,0.020833333333333332
