poly,proportion
7a10,0.10810810810810811
9a10,0.10810810810810811
7a9,0.08108108108108109
6a7,0.08108108108108109
8a9,0.05405405405405406
10a11,0.05405405405405406
4a7,0.05405405405405406
5a6,0.05405405405405406
5a7,0.05405405405405406
7a8,0.05405405405405406
7a11,0.05405405405405406
7a12,0.05405405405405406
4a9,0.02702702702702703
5a9,0.02702702702702703
9a11,0.02702702702702703
11a12,0.02702702702702703
2a7,0.02702702702702703
3a7,0.02702702702702703
6a11,0.02702702702702703
