poly,proportion
11a12,0.1267605633802817
10a11,0.11267605633802817
9a11,0.11267605633802817
9a10,0.09859154929577464
7a11,0.056338028169014086
8a9,0.056338028169014086
8a11,0.056338028169014086
5a11,0.056338028169014086
6a11,0.056338028169014086
7a9,0.04225352112676056
7a10,0.04225352112676056
7a12,0.04225352112676056
5a9,0.04225352112676056
4a9,0.028169014084507043
5a6,0.028169014084507043
5a7,0.014084507042253521
5a8,0.014084507042253521
6a7,0.014084507042253521
