poly,proportion
2a5,0.25925925925925924
3a4,0.2222222222222222
2a3,0.14814814814814814
3a5,0.1111111111111111
2a7,0.07407407407407407
4a5,0.07407407407407407
3a7,0.037037037037037035
3a8,0.037037037037037035
4a7,0.037037037037037035
