poly,proportion
2a7,0.1134020618556701
7a8,0.10309278350515463
7a12,0.08247422680412371
3a8,0.08247422680412371
3a7,0.08247422680412371
8a9,0.07216494845360824
7a10,0.061855670103092786
5a8,0.061855670103092786
5a7,0.05154639175257732
4a7,0.05154639175257732
9a10,0.041237113402061855
7a9,0.041237113402061855
6a7,0.041237113402061855
11a12,0.030927835051546393
7a11,0.030927835051546393
8a11,0.030927835051546393
3a4,0.010309278350515464
3a5,0.010309278350515464
