poly,proportion
2a3,0.37735849056603776
2a5,0.1320754716981132
3a4,0.1320754716981132
3a5,0.09433962264150944
4a5,0.07547169811320754
3a7,0.03773584905660377
3a8,0.03773584905660377
4a7,0.03773584905660377
4a9,0.018867924528301886
5a6,0.018867924528301886
5a7,0.018867924528301886
2a7,0.018867924528301886
