poly,proportion
7a9,0.09302325581395349
9a10,0.09302325581395349
3a7,0.09302325581395349
7a10,0.09302325581395349
6a7,0.06976744186046512
2a3,0.06976744186046512
5a9,0.046511627906976744
4a9,0.046511627906976744
9a11,0.046511627906976744
5a8,0.046511627906976744
7a8,0.046511627906976744
11a12,0.046511627906976744
3a4,0.046511627906976744
3a5,0.046511627906976744
8a9,0.023255813953488372
7a12,0.023255813953488372
10a11,0.023255813953488372
4a7,0.023255813953488372
3a8,0.023255813953488372
