poly,proportion
2a3,0.2894736842105263
3a4,0.23684210526315788
2a5,0.15789473684210525
3a5,0.13157894736842105
4a5,0.10526315789473684
3a7,0.02631578947368421
3a8,0.02631578947368421
4a7,0.02631578947368421
