poly,proportion
11a12,0.18181818181818182
8a11,0.13636363636363635
9a11,0.13636363636363635
10a11,0.13636363636363635
8a9,0.09090909090909091
9a10,0.09090909090909091
7a8,0.045454545454545456
7a9,0.045454545454545456
7a10,0.045454545454545456
7a11,0.045454545454545456
7a12,0.045454545454545456
