poly,proportion
9a10,0.09523809523809523
10a11,0.09523809523809523
11a12,0.09523809523809523
7a12,0.07936507936507936
8a11,0.07936507936507936
9a11,0.07936507936507936
7a9,0.06349206349206349
7a10,0.06349206349206349
8a9,0.06349206349206349
7a8,0.047619047619047616
7a11,0.047619047619047616
5a8,0.031746031746031744
5a9,0.031746031746031744
5a11,0.031746031746031744
6a7,0.031746031746031744
6a11,0.031746031746031744
5a6,0.015873015873015872
5a7,0.015873015873015872
