poly,proportion
10a11,0.08571428571428572
8a9,0.08571428571428572
8a11,0.08571428571428572
9a10,0.08571428571428572
9a11,0.08571428571428572
4a5,0.08571428571428572
3a4,0.08571428571428572
11a12,0.05714285714285714
7a8,0.05714285714285714
7a9,0.05714285714285714
5a6,0.05714285714285714
7a10,0.02857142857142857
7a11,0.02857142857142857
7a12,0.02857142857142857
4a7,0.02857142857142857
5a7,0.02857142857142857
3a5,0.02857142857142857
