poly,proportion
8a9,0.0851063829787234
5a8,0.0851063829787234
5a9,0.0851063829787234
5a6,0.0851063829787234
7a9,0.06382978723404255
7a10,0.06382978723404255
5a11,0.06382978723404255
4a9,0.06382978723404255
5a7,0.06382978723404255
7a11,0.0425531914893617
6a11,0.0425531914893617
9a10,0.0425531914893617
7a8,0.0425531914893617
4a7,0.0425531914893617
7a12,0.02127659574468085
8a11,0.02127659574468085
3a5,0.02127659574468085
3a7,0.02127659574468085
3a8,0.02127659574468085
4a5,0.02127659574468085
