poly,proportion
11a12,0.13793103448275862
9a10,0.10344827586206896
8a9,0.08620689655172414
9a11,0.08620689655172414
10a11,0.06896551724137931
7a12,0.06896551724137931
7a10,0.06896551724137931
7a11,0.06896551724137931
8a11,0.06896551724137931
5a11,0.05172413793103448
6a11,0.05172413793103448
7a9,0.05172413793103448
7a8,0.034482758620689655
4a9,0.017241379310344827
5a8,0.017241379310344827
5a9,0.017241379310344827
