poly,proportion
2a3,0.2972972972972973
2a5,0.21621621621621623
3a5,0.10810810810810811
4a5,0.10810810810810811
3a4,0.10810810810810811
2a7,0.08108108108108109
3a7,0.02702702702702703
3a8,0.02702702702702703
4a7,0.02702702702702703
