adj_rand,adj_mi,hg_score,complete_score,v_meas,fm_score
0.010115566245100571,0.05089776993492188,0.057140037586050255,0.058771933189675656,0.05794449786313489,0.04891917422994914
