poly,proportion
2a3,0.19883040935672514
2a5,0.13450292397660818
3a4,0.09941520467836257
3a5,0.09941520467836257
2a7,0.08771929824561403
4a5,0.08187134502923976
3a7,0.06432748538011696
4a7,0.04093567251461988
5a6,0.04093567251461988
3a8,0.03508771929824561
5a7,0.03508771929824561
6a7,0.023391812865497075
4a9,0.017543859649122806
5a8,0.017543859649122806
5a9,0.017543859649122806
5a11,0.005847953216374269
