poly,proportion
2a7,0.11320754716981132
2a5,0.11320754716981132
3a7,0.09433962264150944
3a8,0.09433962264150944
4a5,0.09433962264150944
3a4,0.09433962264150944
3a5,0.07547169811320754
4a7,0.07547169811320754
5a6,0.07547169811320754
2a3,0.05660377358490566
5a7,0.03773584905660377
4a9,0.018867924528301886
5a8,0.018867924528301886
5a9,0.018867924528301886
6a7,0.018867924528301886
