adj_rand,adj_mi,hg_score,complete_score,v_meas,fm_score
0.011709340631231439,0.06475608850624145,0.07817853654349281,0.07167710596723434,0.0747867901976412,0.04349214148994258
