poly,proportion
2a3,0.23943661971830985
3a4,0.11267605633802817
2a5,0.09859154929577464
3a5,0.08450704225352113
4a5,0.08450704225352113
2a7,0.056338028169014086
3a7,0.056338028169014086
3a8,0.056338028169014086
4a7,0.056338028169014086
4a9,0.028169014084507043
5a6,0.028169014084507043
5a7,0.028169014084507043
5a8,0.028169014084507043
6a7,0.028169014084507043
5a9,0.014084507042253521
