poly,proportion
7a12,0.14084507042253522
7a8,0.14084507042253522
11a12,0.08450704225352113
7a11,0.08450704225352113
8a9,0.08450704225352113
8a11,0.08450704225352113
6a7,0.07042253521126761
7a9,0.07042253521126761
7a10,0.07042253521126761
5a7,0.056338028169014086
4a7,0.04225352112676056
5a8,0.028169014084507043
10a11,0.014084507042253521
2a7,0.014084507042253521
3a7,0.014084507042253521
