poly,proportion
11a12,0.17857142857142858
9a10,0.10714285714285714
8a9,0.08928571428571429
7a8,0.07142857142857142
7a9,0.07142857142857142
7a10,0.07142857142857142
9a11,0.07142857142857142
10a11,0.07142857142857142
5a11,0.05357142857142857
6a11,0.05357142857142857
7a11,0.05357142857142857
7a12,0.05357142857142857
8a11,0.05357142857142857
