adj_rand,adj_mi,hg_score,complete_score,v_meas,fm_score
0.010686452848570845,0.07270019263548212,0.09327443829963522,0.0791068122365738,0.08560842265721043,0.038302127115580044
