poly,proportion
7a8,0.1
7a10,0.1
7a9,0.08333333333333333
8a9,0.08333333333333333
6a7,0.06666666666666667
7a11,0.06666666666666667
8a11,0.05
5a6,0.05
3a5,0.05
3a7,0.05
3a8,0.05
5a11,0.05
6a11,0.05
5a9,0.03333333333333333
4a7,0.03333333333333333
4a5,0.03333333333333333
9a10,0.016666666666666666
11a12,0.016666666666666666
5a7,0.016666666666666666
