poly,proportion
5a6,0.12903225806451613
2a3,0.12903225806451613
4a7,0.0967741935483871
5a7,0.0967741935483871
4a5,0.0967741935483871
6a7,0.06451612903225806
2a7,0.06451612903225806
3a7,0.06451612903225806
4a9,0.03225806451612903
5a8,0.03225806451612903
5a9,0.03225806451612903
7a8,0.03225806451612903
3a8,0.03225806451612903
3a5,0.03225806451612903
2a5,0.03225806451612903
3a4,0.03225806451612903
