poly,proportion
5a9,0.13636363636363635
5a11,0.09090909090909091
10a11,0.09090909090909091
9a11,0.09090909090909091
5a6,0.06818181818181818
5a7,0.06818181818181818
4a9,0.06818181818181818
6a11,0.045454545454545456
7a10,0.045454545454545456
7a12,0.045454545454545456
9a10,0.045454545454545456
5a8,0.045454545454545456
11a12,0.022727272727272728
7a11,0.022727272727272728
8a11,0.022727272727272728
7a9,0.022727272727272728
8a9,0.022727272727272728
4a7,0.022727272727272728
2a7,0.022727272727272728
