poly,proportion
2a3,0.3090909090909091
2a5,0.2
3a4,0.18181818181818182
3a5,0.12727272727272726
4a5,0.07272727272727272
2a7,0.05454545454545454
3a7,0.01818181818181818
3a8,0.01818181818181818
4a7,0.01818181818181818
