adj_rand,adj_mi,hg_score,complete_score,v_meas,fm_score
0.010135361045507139,0.0910851885889354,0.1317640678409269,0.09799472793929995,0.11239773377466772,0.03244780612158056
