poly,proportion
9a10,0.13333333333333333
9a11,0.13333333333333333
10a11,0.13333333333333333
3a4,0.1
7a11,0.06666666666666667
8a11,0.06666666666666667
11a12,0.06666666666666667
5a6,0.06666666666666667
5a11,0.03333333333333333
6a11,0.03333333333333333
7a10,0.03333333333333333
7a12,0.03333333333333333
2a5,0.03333333333333333
3a5,0.03333333333333333
4a5,0.03333333333333333
