poly,proportion
2a3,0.4
2a5,0.23333333333333334
2a7,0.16666666666666666
3a4,0.06666666666666667
3a5,0.06666666666666667
3a7,0.03333333333333333
3a8,0.03333333333333333
