adj_rand,adj_mi,hg_score,complete_score,v_meas,fm_score
0.005491638465391298,0.011437380359622865,0.014879605634330224,0.009895905851134881,0.011886509511275485,0.10694146425171272
