dyn_category,proportion
subf,0.2
subp,0.17551020408163265
hairpin,0.17551020408163265
flat,0.17142857142857143
revhairpin,0.1653061224489796
cresc,0.05714285714285714
decresc,0.05510204081632653
