dyn_category,proportion
subp,0.2
subf,0.19221789883268484
hairpin,0.19143968871595332
revhairpin,0.1859922178988327
flat,0.10038910505836576
decresc,0.0669260700389105
cresc,0.06303501945525292
