adj_rand,adj_mi,hg_score,complete_score,v_meas,fm_score
0.005174574889905424,0.009086550374376046,0.01041257838810038,0.008520147455273274,0.00937178343891324,0.13632171527712703
