dyn_category,proportion
revhairpin,0.20540540540540542
subp,0.2
subf,0.1963963963963964
hairpin,0.1927927927927928
decresc,0.07387387387387387
cresc,0.06666666666666667
flat,0.06486486486486487
