dyn_category,proportion
subp,0.19730392156862744
revhairpin,0.1948529411764706
subf,0.19362745098039216
hairpin,0.1875
flat,0.09558823529411764
decresc,0.07107843137254902
cresc,0.06004901960784314
