adj_rand,adj_mi,hg_score,complete_score,v_meas,fm_score
0.005573658912952051,0.012888276560879005,0.01752161056247787,0.010882433390119874,0.013426099477384273,0.09827354228899884
