dyn_category,proportion
revhairpin,0.22742857142857142
hairpin,0.22171428571428572
subf,0.168
subp,0.16228571428571428
decresc,0.08114285714285714
cresc,0.07428571428571429
flat,0.06514285714285714
