dyn_category,proportion
subp,0.25333333333333335
subf,0.24888888888888888
revhairpin,0.14
flat,0.13333333333333333
hairpin,0.13333333333333333
cresc,0.051111111111111114
decresc,0.04
