dyn_category,proportion
subp,0.22166666666666668
subf,0.205
hairpin,0.18
revhairpin,0.18
flat,0.095
cresc,0.06333333333333334
decresc,0.055
