dyn_category,proportion
subp,0.20847457627118643
revhairpin,0.2
hairpin,0.19491525423728814
subf,0.19322033898305085
flat,0.07627118644067797
decresc,0.06610169491525424
cresc,0.061016949152542375
