adj_rand,adj_mi,hg_score,complete_score,v_meas,fm_score
0.005131956598846411,0.01338182095601009,0.018680714018820283,0.011176964581931523,0.013985928494004795,0.09351842015755074
