dyn_category,proportion
subp,0.2972222222222222
subf,0.23333333333333334
revhairpin,0.1638888888888889
hairpin,0.11944444444444445
flat,0.09166666666666666
decresc,0.05
cresc,0.044444444444444446
