adj_rand,adj_mi,hg_score,complete_score,v_meas,fm_score
0.00008393192436510991,0.024352559845182455,0.03488657151485553,0.11140303788610117,0.05313391790572669,0.12916114415716956
