poly,proportion
5a11,0.06451612903225806
6a11,0.06451612903225806
7a11,0.06451612903225806
7a12,0.06451612903225806
8a11,0.06451612903225806
9a11,0.06451612903225806
10a11,0.06451612903225806
2a7,0.06451612903225806
3a7,0.06451612903225806
4a7,0.06451612903225806
5a7,0.06451612903225806
5a8,0.06451612903225806
6a7,0.06451612903225806
11a12,0.03225806451612903
3a8,0.03225806451612903
7a8,0.03225806451612903
7a9,0.03225806451612903
7a10,0.03225806451612903
