poly,proportion
5a11,0.3333333333333333
6a11,0.3333333333333333
7a11,0.3333333333333333
