adj_rand,adj_mi,hg_score,complete_score,v_meas,fm_score
-0.00006147449718635768,0.010365125756886844,0.013805912749931239,0.056370436461894116,0.022179704023055996,0.13333896587807995
