poly,proportion
7a10,0.6666666666666666
9a10,0.3333333333333333
