adj_rand,adj_mi,hg_score,complete_score,v_meas,fm_score
-0.00004048229236110239,0.013937631595995321,0.01870396722620755,0.07201573307805197,0.029695422421935642,0.13249659544358774
