adj_rand,adj_mi,hg_score,complete_score,v_meas,fm_score
-0.000027844003773159783,0.015041359890306515,0.021651856853694192,0.08082671453135716,0.03415442720042896,0.13208533652331905
