adj_rand,adj_mi,hg_score,complete_score,v_meas,fm_score
-2.0343803313440625e-6,0.01721142147564659,0.02517029769781031,0.09099720939478662,0.03943317554901243,0.1316860371555615
