poly,proportion
5a11,0.2857142857142857
6a11,0.2857142857142857
7a11,0.2857142857142857
8a11,0.14285714285714285
