poly,proportion
4a9,0.3333333333333333
5a8,0.3333333333333333
5a9,0.3333333333333333
