poly,proportion
7a8,0.14705882352941177
6a7,0.11764705882352941
11a12,0.08823529411764706
7a10,0.08823529411764706
4a7,0.08823529411764706
5a7,0.08823529411764706
8a9,0.058823529411764705
8a11,0.058823529411764705
9a10,0.058823529411764705
5a8,0.058823529411764705
7a12,0.058823529411764705
10a11,0.029411764705882353
7a9,0.029411764705882353
7a11,0.029411764705882353
