poly,proportion
7a9,0.09090909090909091
7a10,0.09090909090909091
7a11,0.09090909090909091
7a12,0.09090909090909091
8a11,0.09090909090909091
10a11,0.07272727272727272
7a8,0.05454545454545454
8a9,0.05454545454545454
5a11,0.03636363636363636
6a11,0.03636363636363636
9a11,0.03636363636363636
3a7,0.03636363636363636
3a8,0.03636363636363636
4a7,0.03636363636363636
4a9,0.03636363636363636
5a8,0.03636363636363636
5a9,0.03636363636363636
11a12,0.03636363636363636
