poly,proportion
7a8,0.11627906976744186
7a12,0.09302325581395349
7a10,0.08139534883720931
8a9,0.06976744186046512
8a11,0.06976744186046512
3a8,0.05813953488372093
5a8,0.05813953488372093
7a9,0.05813953488372093
7a11,0.05813953488372093
2a7,0.046511627906976744
3a7,0.046511627906976744
4a7,0.046511627906976744
5a7,0.046511627906976744
6a7,0.046511627906976744
9a10,0.03488372093023256
10a11,0.03488372093023256
11a12,0.03488372093023256
