adj_rand,adj_mi,hg_score,complete_score,v_meas,fm_score
0.008789477463813875,0.08983663819676722,0.1360686765055596,0.09821416932435946,0.11408323120473118,0.029820768114022015
