poly,proportion
4a7,0.0784313725490196
4a9,0.0784313725490196
5a7,0.0784313725490196
5a8,0.0784313725490196
5a9,0.0784313725490196
5a11,0.0784313725490196
5a6,0.058823529411764705
6a7,0.0392156862745098
6a11,0.0392156862745098
7a8,0.0392156862745098
7a9,0.0392156862745098
7a10,0.0392156862745098
7a11,0.0392156862745098
7a12,0.0392156862745098
3a4,0.0392156862745098
3a5,0.0392156862745098
3a7,0.0392156862745098
3a8,0.0392156862745098
4a5,0.0392156862745098
