poly,proportion
2a3,0.28205128205128205
3a4,0.12179487179487179
2a5,0.10897435897435898
3a5,0.08333333333333333
2a7,0.0641025641025641
4a5,0.0641025641025641
3a7,0.057692307692307696
4a7,0.04487179487179487
5a6,0.04487179487179487
3a8,0.03205128205128205
5a7,0.02564102564102564
4a9,0.019230769230769232
5a8,0.01282051282051282
5a9,0.01282051282051282
6a7,0.01282051282051282
7a8,0.00641025641025641
7a9,0.00641025641025641
