adj_rand,adj_mi,hg_score,complete_score,v_meas,fm_score
0.008357147243228476,0.0516231552702719,0.06462346277363702,0.05917369974994205,0.06177862731289036,0.04012222893764838
