adj_rand,adj_mi,hg_score,complete_score,v_meas,fm_score
0.009195774891503536,0.06391273010157042,0.08382187335615736,0.07106266950715347,0.0769167274365903,0.03688075485987887
