poly,proportion
2a3,0.09615384615384616
2a7,0.07692307692307693
3a5,0.07692307692307693
3a7,0.07692307692307693
3a8,0.07692307692307693
4a5,0.07692307692307693
3a4,0.07692307692307693
4a7,0.057692307692307696
5a6,0.057692307692307696
5a7,0.057692307692307696
6a7,0.057692307692307696
2a5,0.057692307692307696
4a9,0.038461538461538464
5a8,0.038461538461538464
5a9,0.038461538461538464
7a8,0.019230769230769232
7a9,0.019230769230769232
