poly,proportion
2a3,0.21739130434782608
3a4,0.14130434782608695
2a5,0.11956521739130435
3a5,0.07608695652173914
2a7,0.06521739130434782
3a7,0.06521739130434782
4a5,0.06521739130434782
4a7,0.043478260869565216
5a6,0.043478260869565216
3a8,0.03260869565217391
4a9,0.021739130434782608
5a7,0.021739130434782608
5a8,0.021739130434782608
5a9,0.021739130434782608
6a7,0.021739130434782608
7a8,0.010869565217391304
7a9,0.010869565217391304
