adj_rand,adj_mi,hg_score,complete_score,v_meas,fm_score
0.00893097437459795,0.06881017502559947,0.09504355046151357,0.07646849791185749,0.08475016896982238,0.034249765161154494
