poly,proportion
3a4,0.13580246913580246
2a5,0.12345679012345678
3a5,0.09876543209876543
4a5,0.08641975308641975
2a7,0.07407407407407407
2a3,0.07407407407407407
3a7,0.06172839506172839
6a7,0.06172839506172839
4a7,0.04938271604938271
5a6,0.04938271604938271
5a7,0.04938271604938271
5a8,0.024691358024691357
5a9,0.024691358024691357
3a8,0.024691358024691357
5a11,0.012345679012345678
6a11,0.012345679012345678
7a8,0.012345679012345678
7a9,0.012345679012345678
4a9,0.012345679012345678
