poly,proportion
11a12,0.13846153846153847
9a11,0.12307692307692308
10a11,0.12307692307692308
9a10,0.09230769230769231
7a11,0.07692307692307693
8a11,0.07692307692307693
5a11,0.06153846153846154
6a11,0.06153846153846154
7a9,0.046153846153846156
7a10,0.046153846153846156
7a12,0.046153846153846156
8a9,0.046153846153846156
4a9,0.03076923076923077
5a9,0.03076923076923077
