poly,proportion
2a3,0.375
2a5,0.09375
3a4,0.09375
3a5,0.09375
2a7,0.0625
4a5,0.0625
3a7,0.046875
4a7,0.046875
5a6,0.046875
3a8,0.03125
5a7,0.03125
4a9,0.015625
