poly,proportion
11a12,0.06976744186046512
6a7,0.06976744186046512
8a11,0.06976744186046512
9a10,0.06976744186046512
7a8,0.05813953488372093
7a9,0.05813953488372093
7a10,0.05813953488372093
8a9,0.05813953488372093
10a11,0.05813953488372093
7a11,0.05813953488372093
7a12,0.05813953488372093
9a11,0.046511627906976744
5a9,0.046511627906976744
5a11,0.046511627906976744
6a11,0.046511627906976744
4a7,0.03488372093023256
5a7,0.03488372093023256
4a9,0.03488372093023256
5a8,0.023255813953488372
