poly,proportion
10a11,0.10256410256410256
11a12,0.07692307692307693
5a11,0.0641025641025641
6a11,0.0641025641025641
7a9,0.0641025641025641
7a10,0.0641025641025641
7a11,0.0641025641025641
7a12,0.0641025641025641
8a11,0.0641025641025641
9a11,0.0641025641025641
9a10,0.05128205128205128
4a9,0.038461538461538464
5a9,0.038461538461538464
7a8,0.038461538461538464
8a9,0.038461538461538464
3a7,0.02564102564102564
3a8,0.02564102564102564
4a7,0.02564102564102564
5a8,0.02564102564102564
