poly,proportion
11a12,0.125
9a11,0.08928571428571429
10a11,0.08928571428571429
7a12,0.07142857142857142
8a11,0.07142857142857142
8a9,0.07142857142857142
9a10,0.07142857142857142
5a11,0.05357142857142857
6a11,0.05357142857142857
7a11,0.05357142857142857
3a8,0.03571428571428571
4a9,0.03571428571428571
5a8,0.03571428571428571
5a9,0.03571428571428571
7a8,0.03571428571428571
7a9,0.03571428571428571
7a10,0.03571428571428571
