poly,proportion
2a3,0.4074074074074074
2a5,0.1111111111111111
3a4,0.1111111111111111
3a5,0.1111111111111111
2a7,0.07407407407407407
4a5,0.07407407407407407
3a7,0.037037037037037035
3a8,0.037037037037037035
4a7,0.037037037037037035
