poly,proportion
7a8,0.09803921568627451
3a4,0.09803921568627451
3a8,0.0784313725490196
5a8,0.0784313725490196
6a7,0.0784313725490196
2a7,0.058823529411764705
3a7,0.058823529411764705
5a6,0.058823529411764705
5a7,0.058823529411764705
7a10,0.058823529411764705
2a3,0.058823529411764705
4a7,0.0392156862745098
3a5,0.0392156862745098
4a5,0.0392156862745098
7a9,0.0196078431372549
7a12,0.0196078431372549
8a9,0.0196078431372549
8a11,0.0196078431372549
2a5,0.0196078431372549
