poly,proportion
2a3,0.35135135135135137
2a5,0.08108108108108109
3a4,0.08108108108108109
3a5,0.08108108108108109
5a6,0.08108108108108109
3a7,0.05405405405405406
4a5,0.05405405405405406
4a7,0.05405405405405406
5a7,0.05405405405405406
2a7,0.05405405405405406
3a8,0.02702702702702703
4a9,0.02702702702702703
