poly,proportion
7a8,0.1111111111111111
7a9,0.1111111111111111
8a9,0.08888888888888889
5a6,0.08888888888888889
7a10,0.06666666666666667
7a11,0.06666666666666667
7a12,0.06666666666666667
8a11,0.044444444444444446
9a10,0.044444444444444446
9a11,0.044444444444444446
5a7,0.044444444444444446
5a8,0.044444444444444446
5a9,0.044444444444444446
6a7,0.044444444444444446
11a12,0.022222222222222223
5a11,0.022222222222222223
6a11,0.022222222222222223
4a9,0.022222222222222223
