poly,proportion
2a3,0.3548387096774194
2a5,0.12903225806451613
3a4,0.12903225806451613
3a5,0.12903225806451613
4a5,0.12903225806451613
2a7,0.03225806451612903
3a7,0.03225806451612903
3a8,0.03225806451612903
4a7,0.03225806451612903
