poly,proportion
2a3,0.34285714285714286
2a5,0.11428571428571428
2a7,0.11428571428571428
3a4,0.05714285714285714
3a5,0.05714285714285714
3a7,0.05714285714285714
4a5,0.05714285714285714
3a8,0.02857142857142857
4a7,0.02857142857142857
4a9,0.02857142857142857
5a6,0.02857142857142857
5a7,0.02857142857142857
5a8,0.02857142857142857
5a9,0.02857142857142857
