poly,proportion
2a7,0.16129032258064516
4a9,0.0967741935483871
5a8,0.0967741935483871
5a9,0.0967741935483871
5a11,0.0967741935483871
3a7,0.06451612903225806
3a8,0.06451612903225806
4a7,0.06451612903225806
5a6,0.06451612903225806
5a7,0.06451612903225806
2a5,0.06451612903225806
8a11,0.03225806451612903
10a11,0.03225806451612903
