poly,proportion
11a12,0.16981132075471697
8a9,0.11320754716981132
8a11,0.11320754716981132
9a10,0.11320754716981132
9a11,0.11320754716981132
10a11,0.11320754716981132
7a10,0.09433962264150944
7a9,0.07547169811320754
7a8,0.05660377358490566
7a12,0.03773584905660377
