poly,proportion
4a7,0.11428571428571428
4a9,0.08571428571428572
5a9,0.08571428571428572
5a11,0.08571428571428572
6a11,0.08571428571428572
5a8,0.08571428571428572
2a7,0.08571428571428572
3a7,0.08571428571428572
3a8,0.08571428571428572
3a5,0.05714285714285714
4a5,0.05714285714285714
7a12,0.02857142857142857
5a7,0.02857142857142857
6a7,0.02857142857142857
