poly,proportion
2a3,0.2
3a4,0.14285714285714285
2a5,0.11428571428571428
3a5,0.11428571428571428
2a7,0.08571428571428572
3a7,0.08571428571428572
4a5,0.08571428571428572
4a7,0.05714285714285714
5a6,0.05714285714285714
5a7,0.02857142857142857
3a8,0.02857142857142857
