poly,proportion
4a9,0.08571428571428572
6a7,0.08571428571428572
4a7,0.08571428571428572
4a5,0.08571428571428572
11a12,0.05714285714285714
5a9,0.05714285714285714
5a11,0.05714285714285714
6a11,0.05714285714285714
2a7,0.05714285714285714
3a5,0.05714285714285714
3a7,0.05714285714285714
3a8,0.05714285714285714
3a4,0.05714285714285714
9a11,0.02857142857142857
10a11,0.02857142857142857
7a8,0.02857142857142857
5a6,0.02857142857142857
5a7,0.02857142857142857
