adj_rand,adj_mi,hg_score,complete_score,v_meas,fm_score
0.008147481572107079,0.0839725798576713,0.1292802963395685,0.09318829143027901,0.10830661579915328,0.02908047702935318
