poly,proportion
9a11,0.09375
9a10,0.08333333333333333
10a11,0.08333333333333333
11a12,0.08333333333333333
8a11,0.07291666666666667
7a9,0.0625
7a10,0.0625
5a11,0.052083333333333336
6a11,0.052083333333333336
7a11,0.052083333333333336
7a12,0.052083333333333336
8a9,0.041666666666666664
4a9,0.03125
5a8,0.03125
5a9,0.03125
7a8,0.03125
4a7,0.020833333333333332
5a6,0.020833333333333332
5a7,0.020833333333333332
6a7,0.020833333333333332
