adj_rand,adj_mi,hg_score,complete_score,v_meas,fm_score
0.011094961122842075,0.044998186268160247,0.05152838760808424,0.05259993916570612,0.05205864988842547,0.04887660723070558
