adj_rand,adj_mi,hg_score,complete_score,v_meas,fm_score
0.00865385194381672,0.049377366872519465,0.062277860485321024,0.057081210690334255,0.05956640983699135,0.040361819453924495
