poly,proportion
3a4,0.15789473684210525
2a5,0.14035087719298245
2a3,0.14035087719298245
3a5,0.12280701754385964
2a7,0.07017543859649122
4a5,0.07017543859649122
3a7,0.05263157894736842
4a7,0.05263157894736842
3a8,0.03508771929824561
5a6,0.03508771929824561
5a7,0.03508771929824561
6a7,0.03508771929824561
4a9,0.017543859649122806
5a8,0.017543859649122806
5a9,0.017543859649122806
