poly,proportion
4a7,0.0625
5a7,0.0625
6a7,0.0625
4a5,0.0625
2a7,0.046875
3a7,0.046875
3a8,0.046875
5a8,0.046875
5a6,0.046875
3a5,0.046875
2a5,0.046875
3a4,0.046875
7a9,0.03125
9a10,0.03125
9a11,0.03125
10a11,0.03125
11a12,0.03125
4a9,0.03125
5a9,0.03125
2a3,0.03125
5a11,0.015625
6a11,0.015625
7a10,0.015625
7a11,0.015625
7a12,0.015625
8a9,0.015625
8a11,0.015625
7a8,0.015625
