poly,proportion
9a10,0.1111111111111111
9a11,0.1111111111111111
10a11,0.1111111111111111
11a12,0.1111111111111111
4a9,0.05555555555555555
5a9,0.05555555555555555
5a11,0.05555555555555555
6a11,0.05555555555555555
7a9,0.05555555555555555
7a10,0.05555555555555555
7a11,0.05555555555555555
7a12,0.05555555555555555
8a9,0.05555555555555555
8a11,0.05555555555555555
