poly,proportion
2a3,0.42424242424242425
2a5,0.10606060606060606
2a7,0.09090909090909091
3a4,0.07575757575757576
3a5,0.07575757575757576
4a5,0.06060606060606061
3a7,0.045454545454545456
3a8,0.030303030303030304
4a7,0.015151515151515152
4a9,0.015151515151515152
5a6,0.015151515151515152
5a7,0.015151515151515152
5a8,0.015151515151515152
5a9,0.015151515151515152
