poly,proportion
7a9,0.1111111111111111
7a11,0.1111111111111111
7a12,0.1111111111111111
8a9,0.05555555555555555
8a11,0.05555555555555555
9a11,0.05555555555555555
5a6,0.05555555555555555
5a7,0.05555555555555555
5a8,0.05555555555555555
5a9,0.05555555555555555
5a11,0.05555555555555555
6a7,0.05555555555555555
6a11,0.05555555555555555
7a8,0.05555555555555555
7a10,0.05555555555555555
