adj_rand,adj_mi,hg_score,complete_score,v_meas,fm_score
0.009116697314678148,0.07305144795667742,0.10552456804320716,0.0812765483410571,0.09182678157115527,0.032706134030434764
