poly,proportion
2a5,0.12727272727272726
2a3,0.12727272727272726
5a6,0.09090909090909091
4a5,0.09090909090909091
3a7,0.07272727272727272
4a7,0.07272727272727272
5a7,0.07272727272727272
3a5,0.07272727272727272
2a7,0.05454545454545454
3a8,0.05454545454545454
4a9,0.03636363636363636
5a8,0.03636363636363636
6a7,0.03636363636363636
3a4,0.03636363636363636
5a9,0.01818181818181818
