adj_rand,adj_mi,hg_score,complete_score,v_meas,fm_score
0.00003239284209213546,-0.00020221598265921818,0.00031777414171697826,0.0003030928262001353,0.00031025990327505855,0.12910275515362968
