adj_rand,adj_mi,hg_score,complete_score,v_meas,fm_score
-0.00012060111251509988,-0.0004381340683588468,0.00022547754204438393,0.0001820430081648437,0.0002014455958419799,0.10459806690292607
