quality,proportion
major7,0.128
minor7,0.128
minormajor7,0.128
augminor7,0.128
majorminor7,0.12533333333333332
augmajor7,0.12266666666666666
halfdim7,0.12
fulldim7,0.12
