adj_rand,adj_mi,hg_score,complete_score,v_meas,fm_score
-0.00001915076917197373,-0.00012272912768284205,0.00021883865421847216,0.00024981001792533786,0.0002333009411207628,0.1495911836320524
