poly,proportion
2a5,0.17142857142857143
2a7,0.14285714285714285
3a4,0.11428571428571428
3a5,0.11428571428571428
4a5,0.11428571428571428
2a3,0.11428571428571428
3a7,0.05714285714285714
3a8,0.05714285714285714
4a7,0.05714285714285714
5a6,0.05714285714285714
