poly,proportion
11a12,0.12307692307692308
9a11,0.1076923076923077
10a11,0.1076923076923077
9a10,0.09230769230769231
8a11,0.07692307692307693
7a9,0.06153846153846154
7a10,0.06153846153846154
7a11,0.06153846153846154
7a12,0.06153846153846154
8a9,0.06153846153846154
5a9,0.046153846153846156
5a11,0.046153846153846156
6a11,0.046153846153846156
6a7,0.015384615384615385
7a8,0.015384615384615385
4a9,0.015384615384615385
