poly,proportion
9a11,0.12857142857142856
11a12,0.11428571428571428
9a10,0.11428571428571428
10a11,0.11428571428571428
6a11,0.08571428571428572
4a9,0.05714285714285714
5a9,0.05714285714285714
7a10,0.05714285714285714
7a11,0.05714285714285714
7a12,0.05714285714285714
5a11,0.04285714285714286
7a9,0.04285714285714286
8a9,0.04285714285714286
8a11,0.014285714285714285
5a6,0.014285714285714285
