poly,proportion
2a3,0.3157894736842105
3a4,0.21052631578947367
2a5,0.15789473684210525
2a7,0.10526315789473684
3a5,0.10526315789473684
3a7,0.05263157894736842
3a8,0.05263157894736842
