poly,proportion
2a3,0.21212121212121213
3a7,0.09090909090909091
4a5,0.09090909090909091
4a7,0.09090909090909091
5a6,0.09090909090909091
2a5,0.06060606060606061
2a7,0.06060606060606061
3a5,0.06060606060606061
3a8,0.06060606060606061
5a7,0.06060606060606061
3a4,0.030303030303030304
4a9,0.030303030303030304
5a8,0.030303030303030304
5a9,0.030303030303030304
