poly,proportion
11a12,0.17857142857142858
9a10,0.14285714285714285
10a11,0.14285714285714285
6a11,0.07142857142857142
7a11,0.07142857142857142
7a12,0.07142857142857142
8a11,0.07142857142857142
9a11,0.07142857142857142
8a9,0.07142857142857142
5a11,0.03571428571428571
7a9,0.03571428571428571
7a10,0.03571428571428571
