poly,proportion
4a9,0.18181818181818182
5a9,0.15151515151515152
7a9,0.12121212121212122
8a9,0.12121212121212122
2a3,0.12121212121212122
9a10,0.09090909090909091
9a11,0.06060606060606061
3a4,0.06060606060606061
3a5,0.030303030303030304
3a7,0.030303030303030304
3a8,0.030303030303030304
