poly,proportion
7a12,0.1276595744680851
7a8,0.1276595744680851
11a12,0.06382978723404255
4a7,0.06382978723404255
5a7,0.06382978723404255
5a8,0.06382978723404255
6a7,0.06382978723404255
7a9,0.06382978723404255
7a10,0.06382978723404255
7a11,0.06382978723404255
8a9,0.06382978723404255
8a11,0.06382978723404255
9a10,0.0425531914893617
10a11,0.0425531914893617
3a7,0.02127659574468085
