adj_rand,adj_mi,hg_score,complete_score,v_meas,fm_score
0.00874045728275962,0.08667168575841432,0.13246037822221665,0.09537386297922573,0.11089867700414935,0.02970006394481565
