poly,proportion
4a9,0.11904761904761904
5a9,0.11904761904761904
7a9,0.11904761904761904
2a3,0.11904761904761904
8a9,0.07142857142857142
9a10,0.07142857142857142
9a11,0.07142857142857142
3a8,0.07142857142857142
2a7,0.047619047619047616
3a4,0.047619047619047616
3a5,0.047619047619047616
3a7,0.047619047619047616
2a5,0.023809523809523808
5a8,0.023809523809523808
