poly,proportion
9a10,0.13953488372093023
11a12,0.13953488372093023
5a9,0.11627906976744186
9a11,0.09302325581395349
10a11,0.09302325581395349
5a11,0.06976744186046512
6a11,0.06976744186046512
7a9,0.06976744186046512
7a10,0.06976744186046512
8a9,0.06976744186046512
7a12,0.023255813953488372
4a9,0.023255813953488372
5a8,0.023255813953488372
