poly,proportion
3a8,0.1111111111111111
4a7,0.1111111111111111
5a6,0.1111111111111111
5a7,0.1111111111111111
2a3,0.1111111111111111
4a9,0.05555555555555555
5a8,0.05555555555555555
5a9,0.05555555555555555
6a7,0.05555555555555555
3a7,0.05555555555555555
4a5,0.05555555555555555
2a5,0.05555555555555555
3a4,0.05555555555555555
