poly,proportion
2a3,0.25
2a5,0.17857142857142858
3a4,0.17857142857142858
3a5,0.14285714285714285
2a7,0.07142857142857142
4a5,0.07142857142857142
3a7,0.03571428571428571
3a8,0.03571428571428571
4a7,0.03571428571428571
