poly,proportion
2a7,0.12903225806451613
3a8,0.12903225806451613
3a7,0.0967741935483871
7a12,0.08064516129032258
7a8,0.08064516129032258
5a8,0.06451612903225806
7a9,0.04838709677419355
6a7,0.04838709677419355
4a7,0.04838709677419355
5a7,0.04838709677419355
7a10,0.03225806451612903
7a11,0.03225806451612903
8a9,0.03225806451612903
8a11,0.03225806451612903
2a3,0.03225806451612903
5a9,0.016129032258064516
11a12,0.016129032258064516
5a11,0.016129032258064516
6a11,0.016129032258064516
