adj_rand,adj_mi,hg_score,complete_score,v_meas,fm_score
0.011195169491533352,0.04939144581606255,0.05593313429108592,0.05688505281552127,0.05640507758344801,0.04833115605276945
