poly,proportion
2a7,0.17142857142857143
2a3,0.15714285714285714
2a5,0.12857142857142856
3a5,0.11428571428571428
3a4,0.1
3a7,0.08571428571428572
4a5,0.07142857142857142
3a8,0.04285714285714286
4a7,0.02857142857142857
5a6,0.02857142857142857
5a7,0.02857142857142857
4a9,0.014285714285714285
5a8,0.014285714285714285
6a7,0.014285714285714285
