poly,proportion
2a3,0.25925925925925924
2a5,0.09876543209876543
2a7,0.07407407407407407
3a4,0.07407407407407407
3a5,0.07407407407407407
3a7,0.07407407407407407
4a5,0.07407407407407407
5a6,0.07407407407407407
4a7,0.06172839506172839
5a7,0.037037037037037035
3a8,0.024691358024691357
4a9,0.024691358024691357
5a8,0.024691358024691357
5a9,0.012345679012345678
6a7,0.012345679012345678
