poly,proportion
2a3,0.3333333333333333
2a5,0.18181818181818182
3a4,0.18181818181818182
3a5,0.12121212121212122
2a7,0.06060606060606061
3a7,0.06060606060606061
3a8,0.030303030303030304
4a5,0.030303030303030304
