poly,proportion
2a3,0.25
3a4,0.19444444444444445
2a5,0.16666666666666666
3a5,0.1111111111111111
4a5,0.08333333333333333
2a7,0.05555555555555555
3a7,0.05555555555555555
3a8,0.027777777777777776
4a7,0.027777777777777776
5a6,0.027777777777777776
