poly,proportion
11a12,0.12903225806451613
10a11,0.08602150537634409
8a11,0.07526881720430108
9a11,0.07526881720430108
6a11,0.06451612903225806
7a9,0.06451612903225806
7a10,0.06451612903225806
7a11,0.06451612903225806
7a12,0.06451612903225806
8a9,0.06451612903225806
9a10,0.06451612903225806
5a11,0.053763440860215055
5a9,0.03225806451612903
7a8,0.03225806451612903
5a8,0.021505376344086023
2a7,0.010752688172043012
3a7,0.010752688172043012
4a9,0.010752688172043012
6a7,0.010752688172043012
