poly,proportion
10a11,0.1111111111111111
11a12,0.1111111111111111
7a12,0.08333333333333333
9a11,0.08333333333333333
5a11,0.08333333333333333
6a11,0.05555555555555555
7a8,0.05555555555555555
7a9,0.05555555555555555
7a10,0.05555555555555555
7a11,0.05555555555555555
8a9,0.05555555555555555
8a11,0.05555555555555555
9a10,0.05555555555555555
4a9,0.027777777777777776
5a8,0.027777777777777776
5a9,0.027777777777777776
