poly,proportion
8a9,0.09836065573770492
9a10,0.09836065573770492
9a11,0.09836065573770492
10a11,0.09836065573770492
11a12,0.09836065573770492
7a12,0.06557377049180328
8a11,0.06557377049180328
5a11,0.04918032786885246
6a11,0.04918032786885246
7a9,0.04918032786885246
7a10,0.04918032786885246
7a11,0.04918032786885246
4a9,0.03278688524590164
5a8,0.03278688524590164
5a9,0.03278688524590164
6a7,0.01639344262295082
3a8,0.01639344262295082
