poly,proportion
2a7,0.22727272727272727
2a5,0.18181818181818182
3a4,0.09090909090909091
3a5,0.09090909090909091
4a5,0.09090909090909091
2a3,0.09090909090909091
3a7,0.045454545454545456
3a8,0.045454545454545456
4a7,0.045454545454545456
5a6,0.045454545454545456
5a7,0.045454545454545456
