poly,proportion
11a12,0.11764705882352941
9a10,0.09803921568627451
5a11,0.0784313725490196
8a9,0.0784313725490196
9a11,0.0784313725490196
10a11,0.0784313725490196
2a7,0.058823529411764705
6a11,0.058823529411764705
7a10,0.058823529411764705
7a11,0.058823529411764705
7a12,0.058823529411764705
8a11,0.058823529411764705
7a9,0.0392156862745098
3a7,0.0196078431372549
3a8,0.0196078431372549
4a7,0.0196078431372549
5a9,0.0196078431372549
