poly,proportion
2a3,0.3103448275862069
3a4,0.20689655172413793
2a5,0.1724137931034483
3a5,0.10344827586206896
2a7,0.06896551724137931
3a7,0.06896551724137931
3a8,0.034482758620689655
4a5,0.034482758620689655
