poly,proportion
2a7,0.125
3a8,0.125
3a7,0.109375
7a12,0.09375
4a7,0.078125
5a8,0.0625
7a8,0.0625
7a9,0.046875
5a7,0.046875
6a7,0.046875
7a10,0.03125
7a11,0.03125
8a9,0.03125
8a11,0.03125
2a3,0.03125
5a9,0.015625
5a11,0.015625
6a11,0.015625
