adj_rand,adj_mi,hg_score,complete_score,v_meas,fm_score
0.008998937374152237,0.07555203767198046,0.10853455172417772,0.0832027955592568,0.09419529628594728,0.03215221335361208
