poly,proportion
4a9,0.12727272727272726
5a9,0.10909090909090909
7a9,0.09090909090909091
2a3,0.09090909090909091
8a9,0.07272727272727272
9a11,0.07272727272727272
9a10,0.05454545454545454
2a7,0.05454545454545454
3a7,0.05454545454545454
3a8,0.05454545454545454
3a4,0.05454545454545454
4a7,0.03636363636363636
5a11,0.01818181818181818
6a11,0.01818181818181818
10a11,0.01818181818181818
11a12,0.01818181818181818
5a7,0.01818181818181818
5a8,0.01818181818181818
3a5,0.01818181818181818
