poly,proportion
3a8,0.140625
2a7,0.125
3a7,0.09375
7a12,0.078125
7a8,0.078125
5a8,0.0625
7a9,0.046875
6a7,0.046875
4a7,0.046875
5a7,0.046875
8a11,0.046875
7a10,0.03125
7a11,0.03125
8a9,0.03125
2a3,0.03125
5a9,0.015625
11a12,0.015625
5a11,0.015625
6a11,0.015625
