poly,proportion
10a11,0.11428571428571428
11a12,0.11428571428571428
7a12,0.08571428571428572
9a11,0.08571428571428572
5a11,0.05714285714285714
6a11,0.05714285714285714
7a8,0.05714285714285714
7a9,0.05714285714285714
7a10,0.05714285714285714
7a11,0.05714285714285714
8a9,0.05714285714285714
8a11,0.05714285714285714
9a10,0.05714285714285714
4a9,0.02857142857142857
5a8,0.02857142857142857
5a9,0.02857142857142857
