poly,proportion
10a11,0.1320754716981132
11a12,0.11320754716981132
9a10,0.09433962264150944
9a11,0.09433962264150944
8a11,0.07547169811320754
7a9,0.05660377358490566
7a10,0.05660377358490566
7a11,0.05660377358490566
7a12,0.05660377358490566
8a9,0.05660377358490566
5a9,0.03773584905660377
5a11,0.03773584905660377
6a11,0.03773584905660377
7a8,0.03773584905660377
4a9,0.018867924528301886
5a8,0.018867924528301886
6a7,0.018867924528301886
