poly,proportion
2a3,0.26666666666666666
2a5,0.1111111111111111
3a4,0.1111111111111111
3a5,0.1111111111111111
4a5,0.08888888888888889
2a7,0.044444444444444446
3a7,0.044444444444444446
3a8,0.044444444444444446
5a6,0.044444444444444446
4a7,0.022222222222222223
4a9,0.022222222222222223
5a7,0.022222222222222223
5a8,0.022222222222222223
5a9,0.022222222222222223
6a7,0.022222222222222223
