adj_rand,adj_mi,hg_score,complete_score,v_meas,fm_score
0.008688104347225886,0.08045768570754713,0.1196969407452153,0.0888003060466646,0.10195937965199603,0.03063774453982165
