poly,proportion
5a9,0.13636363636363635
9a10,0.13636363636363635
11a12,0.13636363636363635
9a11,0.09090909090909091
10a11,0.09090909090909091
5a11,0.06818181818181818
6a11,0.06818181818181818
7a9,0.06818181818181818
7a10,0.06818181818181818
8a9,0.06818181818181818
7a12,0.022727272727272728
4a9,0.022727272727272728
5a8,0.022727272727272728
