poly,proportion
9a11,0.10975609756097561
11a12,0.10975609756097561
9a10,0.10975609756097561
10a11,0.0975609756097561
6a11,0.08536585365853659
7a9,0.06097560975609756
7a11,0.06097560975609756
4a9,0.04878048780487805
5a9,0.04878048780487805
7a10,0.04878048780487805
8a9,0.04878048780487805
8a11,0.04878048780487805
5a11,0.04878048780487805
7a12,0.04878048780487805
5a6,0.012195121951219513
6a7,0.012195121951219513
