poly,proportion
9a10,0.1590909090909091
9a11,0.11363636363636363
11a12,0.11363636363636363
7a9,0.09090909090909091
5a9,0.09090909090909091
10a11,0.09090909090909091
4a9,0.06818181818181818
7a10,0.06818181818181818
7a12,0.06818181818181818
8a9,0.06818181818181818
7a11,0.022727272727272728
5a11,0.022727272727272728
6a7,0.022727272727272728
