poly,proportion
7a12,0.13043478260869565
7a8,0.13043478260869565
11a12,0.06521739130434782
4a7,0.06521739130434782
5a7,0.06521739130434782
5a8,0.06521739130434782
6a7,0.06521739130434782
7a9,0.06521739130434782
7a10,0.06521739130434782
7a11,0.06521739130434782
8a9,0.06521739130434782
8a11,0.06521739130434782
9a10,0.043478260869565216
10a11,0.021739130434782608
3a7,0.021739130434782608
