adj_rand,adj_mi,hg_score,complete_score,v_meas,fm_score
0.0054821292560752535,0.011274811976734371,0.01398724124587028,0.009990072883519044,0.011655480570639433,0.11692930787865427
