dyn_category,proportion
subp,0.31333333333333335
subf,0.2633333333333333
revhairpin,0.14666666666666667
hairpin,0.09666666666666666
flat,0.09
decresc,0.04666666666666667
cresc,0.043333333333333335
