adj_rand,adj_mi,hg_score,complete_score,v_meas,fm_score
0.0044730468028878175,0.0147065545407205,0.02122877903447671,0.012073346281216464,0.015392555158627452,0.0859806540109325
