dyn_category,proportion
subf,0.3392857142857143
subp,0.26785714285714285
flat,0.24107142857142858
hairpin,0.05803571428571429
revhairpin,0.05357142857142857
cresc,0.03125
decresc,0.008928571428571428
