dyn_category,proportion
subp,0.25547445255474455
subf,0.22871046228710462
revhairpin,0.170316301703163
hairpin,0.145985401459854
flat,0.10218978102189781
decresc,0.05596107055961071
cresc,0.0413625304136253
