is_modemix,proportion
true,0.5044037134015711
false,0.49559628659842897
