is_modemix,proportion
true,0.5019558535903884
false,0.49804414640961164
