is_modemix,proportion
false,0.5006033789219629
true,0.499396621078037
