is_modemix,proportion
false,0.500061553613197
true,0.4999384463868029
