is_modemix,proportion
true,0.506259027443428
false,0.49374097255657196
