is_modemix,proportion
true,0.5028263795423957
false,0.4971736204576043
