is_modemix,proportion
true,0.5011516946363935
false,0.49884830536360647
