is_modemix,proportion
false,0.5003644314868805
true,0.4996355685131195
