is_modemix,proportion
true,0.5005102040816326
false,0.49948979591836734
