poly,proportion
5a11,0.06666666666666667
6a11,0.06666666666666667
7a11,0.06666666666666667
7a12,0.06666666666666667
8a11,0.06666666666666667
9a11,0.06666666666666667
3a7,0.06666666666666667
3a8,0.06666666666666667
4a7,0.06666666666666667
4a9,0.06666666666666667
5a6,0.06666666666666667
5a7,0.06666666666666667
5a8,0.06666666666666667
5a9,0.06666666666666667
6a7,0.06666666666666667
