poly,proportion
7a10,0.15789473684210525
7a11,0.15789473684210525
7a12,0.15789473684210525
8a11,0.15789473684210525
11a12,0.15789473684210525
7a8,0.05263157894736842
7a9,0.05263157894736842
8a9,0.05263157894736842
10a11,0.05263157894736842
