poly,proportion
8a9,0.13333333333333333
8a11,0.1
9a10,0.1
9a11,0.1
7a8,0.1
7a9,0.1
11a12,0.06666666666666667
7a10,0.06666666666666667
7a11,0.03333333333333333
7a12,0.03333333333333333
10a11,0.03333333333333333
4a7,0.03333333333333333
5a7,0.03333333333333333
5a8,0.03333333333333333
6a7,0.03333333333333333
