poly,proportion
5a9,0.08333333333333333
5a11,0.08333333333333333
6a11,0.08333333333333333
7a8,0.08333333333333333
7a10,0.08333333333333333
2a7,0.08333333333333333
3a4,0.08333333333333333
3a5,0.08333333333333333
3a7,0.08333333333333333
3a8,0.08333333333333333
2a3,0.08333333333333333
2a5,0.08333333333333333
