poly,proportion
2a3,0.24242424242424243
2a5,0.13636363636363635
3a4,0.13636363636363635
3a5,0.10606060606060606
4a5,0.09090909090909091
3a7,0.06060606060606061
2a7,0.06060606060606061
4a7,0.045454545454545456
5a6,0.045454545454545456
3a8,0.030303030303030304
5a7,0.030303030303030304
4a9,0.015151515151515152
