poly,proportion
7a8,0.13793103448275862
6a7,0.13793103448275862
7a9,0.10344827586206896
8a9,0.10344827586206896
5a6,0.10344827586206896
7a10,0.06896551724137931
5a7,0.06896551724137931
7a11,0.034482758620689655
7a12,0.034482758620689655
8a11,0.034482758620689655
9a10,0.034482758620689655
4a9,0.034482758620689655
5a8,0.034482758620689655
5a9,0.034482758620689655
4a5,0.034482758620689655
