poly,proportion
5a11,0.13043478260869565
6a11,0.13043478260869565
7a11,0.13043478260869565
7a12,0.13043478260869565
11a12,0.08695652173913043
8a11,0.043478260869565216
9a11,0.043478260869565216
10a11,0.043478260869565216
4a9,0.043478260869565216
5a8,0.043478260869565216
5a9,0.043478260869565216
7a8,0.043478260869565216
7a9,0.043478260869565216
7a10,0.043478260869565216
