adj_rand,adj_mi,hg_score,complete_score,v_meas,fm_score
0.00709289655953902,0.050161506247314275,0.06176223344763498,0.05985378541047664,0.06079303535761057,0.04485910042384372
