poly,proportion
2a3,0.3076923076923077
2a5,0.1282051282051282
3a4,0.1282051282051282
3a5,0.10256410256410256
4a5,0.07692307692307693
2a7,0.0641025641025641
3a7,0.05128205128205128
4a7,0.038461538461538464
5a6,0.038461538461538464
3a8,0.02564102564102564
5a7,0.02564102564102564
4a9,0.01282051282051282
