poly,proportion
5a11,0.125
6a11,0.125
7a11,0.125
7a12,0.125
10a11,0.125
11a12,0.125
8a11,0.08333333333333333
9a11,0.08333333333333333
7a10,0.041666666666666664
9a10,0.041666666666666664
