adj_rand,adj_mi,hg_score,complete_score,v_meas,fm_score
0.0068983995897337735,0.06685146489654901,0.09625036038003229,0.07910716524842225,0.08684079153735391,0.03570931012854862
