poly,proportion
2a7,0.13793103448275862
3a7,0.13793103448275862
4a7,0.10344827586206896
3a8,0.06896551724137931
4a9,0.06896551724137931
5a7,0.06896551724137931
5a8,0.06896551724137931
5a9,0.06896551724137931
6a7,0.06896551724137931
2a5,0.06896551724137931
3a5,0.06896551724137931
4a5,0.06896551724137931
