poly,proportion
5a11,0.125
6a11,0.125
7a11,0.125
7a12,0.125
11a12,0.08333333333333333
8a11,0.041666666666666664
9a11,0.041666666666666664
10a11,0.041666666666666664
3a8,0.041666666666666664
4a9,0.041666666666666664
5a8,0.041666666666666664
5a9,0.041666666666666664
7a8,0.041666666666666664
7a9,0.041666666666666664
7a10,0.041666666666666664
