adj_rand,adj_mi,hg_score,complete_score,v_meas,fm_score
0.0072887832175100396,0.07403224106552803,0.10980055777143453,0.08664843204778606,0.09686021982217694,0.03392445910071597
