poly,proportion
7a8,0.12280701754385964
2a7,0.08771929824561403
3a7,0.08771929824561403
3a8,0.08771929824561403
4a7,0.08771929824561403
5a7,0.08771929824561403
5a8,0.08771929824561403
6a7,0.08771929824561403
7a12,0.07017543859649122
11a12,0.05263157894736842
4a9,0.03508771929824561
5a9,0.017543859649122806
7a9,0.017543859649122806
7a10,0.017543859649122806
7a11,0.017543859649122806
8a9,0.017543859649122806
8a11,0.017543859649122806
