adj_rand,adj_mi,hg_score,complete_score,v_meas,fm_score
0.00008805500304415089,0.012409129957685453,0.011229832963695707,0.3434043899778221,0.021748459054312483,0.1864898137629765
