poly,proportion
2a3,0.4166666666666667
2a5,0.16666666666666666
2a7,0.16666666666666666
3a4,0.08333333333333333
3a5,0.08333333333333333
3a7,0.041666666666666664
3a8,0.041666666666666664
