poly,proportion
11a12,0.21428571428571427
9a10,0.14285714285714285
6a11,0.10714285714285714
10a11,0.10714285714285714
7a9,0.07142857142857142
8a9,0.07142857142857142
9a11,0.07142857142857142
4a9,0.07142857142857142
5a9,0.03571428571428571
5a11,0.03571428571428571
7a10,0.03571428571428571
7a12,0.03571428571428571
