adj_rand,adj_mi,hg_score,complete_score,v_meas,fm_score
0.01081250854847367,0.09509511332053816,0.14069741212557518,0.10442288277069559,0.11987607455144837,0.034037117712596175
