poly,proportion
4a5,0.3076923076923077
5a6,0.15384615384615385
3a4,0.15384615384615385
2a3,0.15384615384615385
5a7,0.07692307692307693
2a5,0.07692307692307693
3a5,0.07692307692307693
