poly,proportion
4a5,0.1111111111111111
5a11,0.07407407407407407
6a11,0.07407407407407407
7a9,0.07407407407407407
7a10,0.07407407407407407
8a9,0.07407407407407407
9a10,0.07407407407407407
2a5,0.07407407407407407
3a5,0.07407407407407407
7a11,0.037037037037037035
7a12,0.037037037037037035
8a11,0.037037037037037035
9a11,0.037037037037037035
3a7,0.037037037037037035
3a8,0.037037037037037035
4a7,0.037037037037037035
3a4,0.037037037037037035
