poly,proportion
4a5,0.11363636363636363
10a11,0.09090909090909091
7a8,0.09090909090909091
11a12,0.06818181818181818
8a11,0.06818181818181818
9a10,0.06818181818181818
9a11,0.06818181818181818
5a6,0.06818181818181818
6a7,0.06818181818181818
8a9,0.045454545454545456
4a7,0.045454545454545456
5a7,0.045454545454545456
5a8,0.045454545454545456
3a4,0.045454545454545456
3a5,0.045454545454545456
7a9,0.022727272727272728
