poly,proportion
2a5,0.3333333333333333
3a4,0.3333333333333333
3a5,0.2222222222222222
4a5,0.1111111111111111
