poly,proportion
10a11,0.13793103448275862
11a12,0.13793103448275862
5a6,0.13793103448275862
7a12,0.06896551724137931
8a11,0.06896551724137931
9a11,0.06896551724137931
2a7,0.06896551724137931
3a4,0.06896551724137931
7a11,0.034482758620689655
9a10,0.034482758620689655
5a7,0.034482758620689655
3a7,0.034482758620689655
3a8,0.034482758620689655
3a5,0.034482758620689655
2a5,0.034482758620689655
