adj_rand,adj_mi,hg_score,complete_score,v_meas,fm_score
0.00967893283312185,0.06390969606029326,0.07608770563166829,0.0725365363088796,0.07426969584704217,0.04551743827121522
