adj_rand,adj_mi,hg_score,complete_score,v_meas,fm_score
0.011376617419733415,0.07178670041739417,0.09121027362578892,0.07968763299981527,0.08506050137205888,0.041744476558012666
