poly,proportion
2a3,0.2558139534883721
3a4,0.13953488372093023
2a5,0.12790697674418605
3a5,0.11627906976744186
3a7,0.06976744186046512
2a7,0.05813953488372093
3a8,0.05813953488372093
4a5,0.05813953488372093
4a9,0.023255813953488372
5a6,0.023255813953488372
4a7,0.011627906976744186
5a7,0.011627906976744186
5a8,0.011627906976744186
5a9,0.011627906976744186
5a11,0.011627906976744186
6a7,0.011627906976744186
