poly,proportion
2a5,0.19444444444444445
3a4,0.1527777777777778
2a3,0.1388888888888889
4a5,0.125
3a5,0.08333333333333333
2a7,0.05555555555555555
3a7,0.05555555555555555
3a8,0.05555555555555555
4a7,0.041666666666666664
4a9,0.027777777777777776
5a7,0.027777777777777776
5a8,0.013888888888888888
5a9,0.013888888888888888
6a7,0.013888888888888888
