poly,proportion
7a12,0.25
9a10,0.25
5a9,0.16666666666666666
4a9,0.08333333333333333
7a9,0.08333333333333333
8a9,0.08333333333333333
9a11,0.08333333333333333
