poly,proportion
2a5,0.22727272727272727
3a4,0.22727272727272727
3a5,0.13636363636363635
4a5,0.13636363636363635
2a3,0.09090909090909091
2a7,0.045454545454545456
3a7,0.045454545454545456
3a8,0.045454545454545456
4a7,0.045454545454545456
