poly,proportion
11a12,0.15384615384615385
5a11,0.11538461538461539
6a11,0.11538461538461539
7a11,0.11538461538461539
7a12,0.11538461538461539
8a11,0.11538461538461539
9a11,0.11538461538461539
10a11,0.07692307692307693
7a10,0.038461538461538464
9a10,0.038461538461538464
