poly,proportion
4a9,0.12244897959183673
9a10,0.12244897959183673
11a12,0.12244897959183673
9a11,0.10204081632653061
5a9,0.08163265306122448
8a9,0.08163265306122448
10a11,0.08163265306122448
7a9,0.061224489795918366
7a10,0.061224489795918366
8a11,0.04081632653061224
5a6,0.04081632653061224
6a11,0.04081632653061224
6a7,0.02040816326530612
4a7,0.02040816326530612
