adj_rand,adj_mi,hg_score,complete_score,v_meas,fm_score
0.01093172040651139,0.08841106587490219,0.127324952082034,0.09752958811118302,0.11045318562094564,0.035415768438591094
