poly,proportion
2a3,0.23076923076923078
4a5,0.15384615384615385
5a6,0.15384615384615385
3a7,0.11538461538461539
2a7,0.07692307692307693
3a5,0.07692307692307693
3a8,0.038461538461538464
4a7,0.038461538461538464
4a9,0.038461538461538464
5a7,0.038461538461538464
2a5,0.038461538461538464
