poly,proportion
2a7,0.12903225806451613
3a7,0.0967741935483871
3a8,0.0967741935483871
7a12,0.06451612903225806
5a11,0.06451612903225806
4a7,0.06451612903225806
4a9,0.06451612903225806
3a5,0.06451612903225806
3a4,0.06451612903225806
2a5,0.06451612903225806
11a12,0.03225806451612903
6a11,0.03225806451612903
7a10,0.03225806451612903
7a11,0.03225806451612903
5a6,0.03225806451612903
5a7,0.03225806451612903
5a9,0.03225806451612903
