poly,proportion
3a8,0.14285714285714285
4a9,0.11428571428571428
3a7,0.11428571428571428
2a7,0.11428571428571428
5a11,0.08571428571428572
6a11,0.05714285714285714
5a8,0.05714285714285714
5a9,0.05714285714285714
4a7,0.05714285714285714
2a5,0.05714285714285714
7a12,0.02857142857142857
11a12,0.02857142857142857
5a6,0.02857142857142857
5a7,0.02857142857142857
3a5,0.02857142857142857
