poly,proportion
4a9,0.13333333333333333
2a5,0.13333333333333333
3a5,0.13333333333333333
5a9,0.06666666666666667
5a11,0.06666666666666667
6a11,0.06666666666666667
2a7,0.06666666666666667
3a7,0.06666666666666667
3a8,0.06666666666666667
4a7,0.06666666666666667
3a4,0.06666666666666667
2a3,0.06666666666666667
