sub_type,proportion
S,0.33863729090167277
T,0.332109343125255
N,0.3292533659730722
