sub_type,proportion
N,0.3333333333333333
S,0.3333333333333333
T,0.3333333333333333
