sub_type,proportion
N,0.33715139442231074
T,0.33266932270916333
S,0.3301792828685259
