sub_type,proportion
N,0.33515358361774744
T,0.33310580204778156
S,0.331740614334471
