sub_type,proportion
N,0.3375040102662817
T,0.3342957972409368
S,0.32820019249278154
