sub_type,proportion
S,0.335277554304103
N,0.332864038616251
T,0.33185840707964603
