sub_type,proportion
N,0.33471502590673574
T,0.3334715025906736
S,0.33181347150259066
