sub_type,proportion
N,0.33391203703703703
S,0.33391203703703703
T,0.33217592592592593
