adj_rand,adj_mi,hg_score,complete_score,v_meas,fm_score
-0.00010428040916768011,-0.0002030486520020857,0.000017370388374763445,9.253239681927277e-6,0.000012074415001411206,0.21664420431815778
