sub_type,proportion
N,0.33689839572192515
S,0.3336898395721925
T,0.32941176470588235
