sub_type,proportion
S,0.33513003638323674
N,0.33324349818083815
T,0.33162646543592506
