sub_type,proportion
S,0.3345485137408861
T,0.3331463825014021
N,0.3323051037577117
