sub_type,proportion
T,0.3365479723046489
N,0.3339515331355094
S,0.32950049455984176
