sub_type,proportion
T,0.33484527769378086
N,0.33343412962402985
S,0.3317205926821893
