cluster,max_label,max_proportion
0,T,0.33686236
1,S,0.334653
2,N,0.33333334
3,T,0.33484527
