sub_type,proportion
S,0.33465300419189564
N,0.3340319826113958
T,0.3313150131967086
