cluster,max_label,max_proportion
0,N,0.33510542
1,S,0.3356615
2,N,0.33333334
3,T,0.34321296
4,S,0.33498234
5,N,0.33630723
