sub_type,proportion
S,0.33566150420083
T,0.33242230995039984
N,0.33191618584877014
