sub_type,proportion
N,0.33510540788267645
S,0.3327222731439047
T,0.33217231897341887
