cluster,max_label,max_proportion
0,N,0.3356698
1,S,0.33585638
2,T,0.33645535
3,T,0.34155974
4,N,0.33333334
5,S,0.33432725
6,N,0.33333334
