adj_rand,adj_mi,hg_score,complete_score,v_meas,fm_score
-0.00006161137789698617,-0.00013167769869036456,0.000041975162728324736,0.000028067293348750345,0.00003364043100833023,0.2784626145151774
