sub_type,proportion
S,0.33585638039786514
N,0.33449781659388644
T,0.3296458030082484
