sub_type,proportion
S,0.334327245620574
T,0.3335818114051435
N,0.33209094297428254
