sub_type,proportion
N,0.33542423241994057
S,0.3344338065368108
T,0.3301419610432486
