sub_type,proportion
S,0.33803418803418805
T,0.3311965811965812
N,0.33076923076923076
