sub_type,proportion
T,0.3343609200853687
N,0.33293810765947357
S,0.3327009722551577
