sub_type,proportion
S,0.3355677432459882
T,0.33252082063782246
N,0.33191143611618934
