adj_rand,adj_mi,hg_score,complete_score,v_meas,fm_score
0.0004504556504933413,0.0005478557994716964,0.0011105479477823237,0.0009737666365190242,0.0010376692155302297,0.1118141945722209
