adj_rand,adj_mi,hg_score,complete_score,v_meas,fm_score
0.015066196447909758,0.05280467951566007,0.06890010040066571,0.0440706946621494,0.05375681892405565,0.08794738507992003
