quality,proportion
fulldim7,0.3901345291479821
majorminor7,0.23318385650224216
halfdim7,0.2295964125560538
minor7,0.09775784753363229
major7,0.0484304932735426
minormajor7,0.0008968609865470852
