adj_rand,adj_mi,hg_score,complete_score,v_meas,fm_score
0.016485436152428232,0.05515644069118739,0.06942838779842116,0.04691387008108303,0.05599262769143812,0.09552866457980166
