quality,proportion
minormajor7,0.1292517006802721
major7,0.1292517006802721
majorminor7,0.12789115646258503
halfdim7,0.1251700680272109
augminor7,0.1251700680272109
minor7,0.12380952380952381
augmajor7,0.12380952380952381
fulldim7,0.11564625850340136
