quality,proportion
fulldim7,0.48310291858678955
halfdim7,0.2619047619047619
majorminor7,0.2534562211981567
minor7,0.0015360983102918587
