adj_rand,adj_mi,hg_score,complete_score,v_meas,fm_score
0.01482694170209756,0.05535689969329301,0.07387362227061489,0.0456433965927494,0.056424483661116735,0.08485756890332628
