quality,proportion
minormajor7,0.12853470437017994
minor7,0.12596401028277635
majorminor7,0.12596401028277635
augminor7,0.12596401028277635
major7,0.12339331619537275
halfdim7,0.12339331619537275
fulldim7,0.12339331619537275
augmajor7,0.12339331619537275
