quality,proportion
fulldim7,0.43192948090107736
majorminor7,0.25269343780607245
halfdim7,0.19980411361410383
minor7,0.05778648383937316
major7,0.05680705190989226
minormajor7,0.0009794319294809011
