quality,proportion
minor7,0.1272965879265092
minormajor7,0.12598425196850394
augmajor7,0.12598425196850394
augminor7,0.12598425196850394
major7,0.12467191601049869
majorminor7,0.12467191601049869
fulldim7,0.12467191601049869
halfdim7,0.12073490813648294
