dyn_category,proportion
revhairpin,0.3772455089820359
subp,0.3772455089820359
decresc,0.12574850299401197
flat,0.11976047904191617
