adj_rand,adj_mi,hg_score,complete_score,v_meas,fm_score
0.07707964206361775,0.17347538544788033,0.19277354310026446,0.15808351372765395,0.1737135876504009,0.20076289077574666
