dyn_category,proportion
hairpin,0.4437799043062201
subf,0.3397129186602871
cresc,0.14114832535885166
flat,0.07535885167464115
