dyn_category,proportion
hairpin,0.3787195671776375
subf,0.37601442741208296
cresc,0.12623985572587917
flat,0.11902614968440037
