dyn_category,proportion
revhairpin,0.37656903765690375
subp,0.3472803347280335
flat,0.1506276150627615
decresc,0.12552301255230125
