dyn_category,proportion
hairpin,0.45549738219895286
subf,0.3219895287958115
cresc,0.1400523560209424
flat,0.0824607329842932
