dyn_category,proportion
revhairpin,0.3877777777777778
subp,0.35444444444444445
decresc,0.13111111111111112
flat,0.12666666666666668
