dyn_category,proportion
hairpin,0.37037037037037035
subf,0.37037037037037035
flat,0.13580246913580246
cresc,0.12345679012345678
