dyn_category,proportion
revhairpin,0.3982102908277405
subp,0.39149888143176736
decresc,0.1297539149888143
flat,0.08053691275167785
