adj_rand,adj_mi,hg_score,complete_score,v_meas,fm_score
0.05996567774155754,0.19666816207492413,0.25606594545867617,0.16021828380352598,0.19710785774723805,0.15817785849444785
