dyn_category,proportion
hairpin,0.5068119891008175
subf,0.329700272479564
cresc,0.16348773841961853
