adj_rand,adj_mi,hg_score,complete_score,v_meas,fm_score
0.049660836442116454,0.19374836078016477,0.268135400941191,0.1523599336999905,0.19430937061349865,0.13945629028834755
