dyn_category,proportion
subf,0.3787575150300601
hairpin,0.3687374749498998
flat,0.12625250501002003
cresc,0.12625250501002003
