adj_rand,adj_mi,hg_score,complete_score,v_meas,fm_score
0.054846376180251254,0.19324397986703154,0.2600110802640213,0.15438388178960477,0.19373555933468836,0.1481385239446648
