dyn_category,proportion
subf,0.4981684981684982
flat,0.46153846153846156
cresc,0.02197802197802198
hairpin,0.018315018315018316
