dyn_category,proportion
subp,0.4234930448222566
revhairpin,0.3786707882534776
decresc,0.12364760432766615
flat,0.07418856259659969
