dyn_category,proportion
subf,0.39497557571528263
hairpin,0.34124214933705516
flat,0.13189113747383113
cresc,0.13189113747383113
