adj_rand,adj_mi,hg_score,complete_score,v_meas,fm_score
0.03108939929680469,0.08101404762359374,0.08206791823229988,0.08036574380627123,0.08120791230828604,0.18570756712407735
