dyn_category,proportion
subp,0.433201581027668
revhairpin,0.3715415019762846
decresc,0.12173913043478261
flat,0.07351778656126483
