adj_rand,adj_mi,hg_score,complete_score,v_meas,fm_score
0.016520115896080087,0.031890231312948415,0.03568083971493448,0.029287145744026424,0.03216938144590103,0.14696835993376137
