dyn_category,proportion
hairpin,0.23156089193825044
revhairpin,0.22984562607204118
subp,0.20754716981132076
subf,0.19039451114922812
cresc,0.07375643224699828
decresc,0.06689536878216124
