dyn_category,proportion
revhairpin,0.21575757575757576
hairpin,0.2
subf,0.18303030303030304
subp,0.17696969696969697
flat,0.08363636363636363
decresc,0.07515151515151515
cresc,0.06545454545454546
