dyn_category,proportion
flat,0.4657258064516129
subf,0.12903225806451613
subp,0.125
hairpin,0.10685483870967742
revhairpin,0.1028225806451613
decresc,0.038306451612903226
cresc,0.03225806451612903
