dyn_category,proportion
revhairpin,0.2578616352201258
hairpin,0.25031446540880503
subp,0.1861635220125786
subf,0.13962264150943396
decresc,0.09056603773584905
cresc,0.07547169811320754
