dyn_category,proportion
hairpin,0.23488773747841105
revhairpin,0.22797927461139897
subp,0.19343696027633853
subf,0.18998272884283246
cresc,0.07944732297063903
decresc,0.07426597582037997
