dyn_category,proportion
subf,0.27988338192419826
subp,0.2594752186588921
hairpin,0.20408163265306123
revhairpin,0.13119533527696792
cresc,0.08163265306122448
decresc,0.043731778425655975
