dyn_category,proportion
subp,0.2749391727493917
subf,0.24574209245742093
hairpin,0.1922141119221411
revhairpin,0.18491484184914841
cresc,0.058394160583941604
decresc,0.043795620437956206
