dyn_category,proportion
hairpin,0.22273781902552203
revhairpin,0.22273781902552203
subp,0.20649651972157773
subf,0.20417633410672853
cresc,0.0765661252900232
decresc,0.06728538283062645
