adj_rand,adj_mi,hg_score,complete_score,v_meas,fm_score
0.014262136961927527,0.02597871675817547,0.026642281043790975,0.02573886522890338,0.026182782545718056,0.16779338838537491
