quality,proportion
major7,0.12645011600928074
minor7,0.12645011600928074
minormajor7,0.12645011600928074
augminor7,0.12645011600928074
majorminor7,0.12412993039443156
fulldim7,0.12412993039443156
halfdim7,0.12296983758700696
augmajor7,0.12296983758700696
