adj_rand,adj_mi,hg_score,complete_score,v_meas,fm_score
0.008500234986586148,0.018928776155213083,0.021766400328869888,0.017759286878682883,0.019559723059428186,0.11254347809717981
