quality,proportion
halfdim7,0.12903225806451613
major7,0.1276297335203366
minor7,0.1276297335203366
majorminor7,0.12482468443197756
minormajor7,0.12482468443197756
augmajor7,0.12342215988779803
augminor7,0.12201963534361851
fulldim7,0.12061711079943899
