adj_rand,adj_mi,hg_score,complete_score,v_meas,fm_score
0.011514972790010548,0.024186442094344462,0.029100542717648864,0.021827865170976797,0.024944927563107906,0.1046103790033771
