adj_rand,adj_mi,hg_score,complete_score,v_meas,fm_score
0.023009222968334506,0.0574913627204856,0.07624407585460444,0.047538739346311726,0.05856301204443172,0.09499583807745149
