adj_rand,adj_mi,hg_score,complete_score,v_meas,fm_score
0.00008489994228781698,0.000057705403069536526,0.0003885564286603161,0.00043287276965941226,0.00040951915950203035,0.14778608399682003
