is_modemix,proportion
false,0.5012764286181842
true,0.4987235713818158
