is_modemix,proportion
true,0.5042437431991295
false,0.4957562568008705
