is_modemix,proportion
true,0.5042792792792793
false,0.4957207207207207
