is_modemix,proportion
false,0.5012486855941115
true,0.49875131440588855
