is_modemix,proportion
true,0.5027478818410809
false,0.4972521181589192
