is_modemix,proportion
false,0.5009124087591241
true,0.4990875912408759
