is_modemix,proportion
false,0.5041502839667977
true,0.49584971603320227
