is_modemix,proportion
false,0.5026565026565026
true,0.49734349734349736
