is_modemix,proportion
false,0.50320300419704
true,0.49679699580296
