is_modemix,proportion
true,0.5032679738562091
false,0.49673202614379086
