is_modemix,proportion
false,0.5060477280156914
true,0.4939522719843086
