is_modemix,proportion
true,0.5064814814814815
false,0.4935185185185185
