is_modemix,proportion
false,0.5039006067610518
true,0.4960993932389483
