is_modemix,proportion
false,0.5030852994555354
true,0.4969147005444646
