is_modemix,proportion
true,0.5004055150040552
false,0.49959448499594483
