is_modemix,proportion
true,0.504245591116917
false,0.495754408883083
