poly,proportion
8a11,0.10416666666666667
7a11,0.10416666666666667
7a12,0.08333333333333333
8a9,0.08333333333333333
7a8,0.08333333333333333
10a11,0.08333333333333333
11a12,0.0625
7a9,0.0625
3a8,0.041666666666666664
5a8,0.041666666666666664
5a11,0.041666666666666664
6a7,0.041666666666666664
6a11,0.041666666666666664
7a10,0.041666666666666664
9a11,0.041666666666666664
4a7,0.020833333333333332
5a7,0.020833333333333332
