poly,proportion
11a12,0.12195121951219512
5a11,0.0975609756097561
6a11,0.0975609756097561
7a11,0.0975609756097561
7a12,0.0975609756097561
8a11,0.0975609756097561
10a11,0.0975609756097561
9a11,0.07317073170731707
7a8,0.04878048780487805
7a9,0.04878048780487805
8a9,0.04878048780487805
9a10,0.04878048780487805
4a9,0.024390243902439025
