adj_rand,adj_mi,hg_score,complete_score,v_meas,fm_score
0.002043611732609497,0.03594971302978244,0.058159656472593795,0.058739665770844995,0.058448222230630884,0.04527738091635521
