poly,proportion
7a12,0.6666666666666666
3a8,0.3333333333333333
