adj_rand,adj_mi,hg_score,complete_score,v_meas,fm_score
0.001139910958951211,0.025326574152640106,0.03676624749764236,0.04128281180495344,0.03889384676207185,0.050019032634545414
