poly,proportion
4a9,0.14285714285714285
5a9,0.07142857142857142
7a8,0.07142857142857142
7a11,0.07142857142857142
8a9,0.07142857142857142
9a10,0.07142857142857142
10a11,0.07142857142857142
11a12,0.07142857142857142
3a4,0.07142857142857142
5a6,0.07142857142857142
2a3,0.07142857142857142
2a5,0.07142857142857142
2a7,0.07142857142857142
