poly,proportion
11a12,0.1111111111111111
7a8,0.1111111111111111
8a11,0.08333333333333333
5a8,0.08333333333333333
7a12,0.08333333333333333
7a9,0.05555555555555555
3a8,0.05555555555555555
4a7,0.05555555555555555
5a7,0.05555555555555555
5a11,0.05555555555555555
6a11,0.05555555555555555
7a10,0.05555555555555555
7a11,0.05555555555555555
8a9,0.027777777777777776
10a11,0.027777777777777776
6a7,0.027777777777777776
