adj_rand,adj_mi,hg_score,complete_score,v_meas,fm_score
0.0019172741760585452,0.031293120869967474,0.0458107593522281,0.04864645729510043,0.047186043112086865,0.04758302676723421
