poly,proportion
11a12,0.1111111111111111
6a11,0.1111111111111111
7a9,0.08333333333333333
9a11,0.08333333333333333
8a11,0.08333333333333333
10a11,0.08333333333333333
7a11,0.08333333333333333
4a9,0.05555555555555555
5a9,0.05555555555555555
5a6,0.05555555555555555
6a7,0.05555555555555555
7a8,0.027777777777777776
8a9,0.027777777777777776
5a11,0.027777777777777776
4a5,0.027777777777777776
7a12,0.027777777777777776
