poly,proportion
11a12,0.14285714285714285
7a8,0.14285714285714285
8a9,0.14285714285714285
5a11,0.09523809523809523
7a11,0.09523809523809523
8a11,0.09523809523809523
9a11,0.09523809523809523
3a8,0.047619047619047616
5a8,0.047619047619047616
6a11,0.047619047619047616
10a11,0.047619047619047616
