poly,proportion
4a9,0.07692307692307693
5a9,0.07692307692307693
7a9,0.07692307692307693
7a10,0.07692307692307693
7a12,0.07692307692307693
8a9,0.07692307692307693
9a10,0.07692307692307693
9a11,0.07692307692307693
2a7,0.07692307692307693
3a4,0.07692307692307693
5a6,0.07692307692307693
6a7,0.07692307692307693
6a11,0.07692307692307693
